Date,Open,High,Low,Close,Volume,Ex-Dividend,Split Ratio,Adj. Open,Adj. High,Adj. Low,Adj. Close,Adj. Volume
1993-10-25,15.0,15.0,11.25,11.25,1433.0,0.0,1.0,1.142640424115382,1.142640424115382,0.8569803180865365,0.8569803180865365,17196.0
1993-10-26,14.75,14.75,10.25,10.37,15750.0,0.0,1.0,1.1235964170467925,1.1235964170467925,0.7808042898121778,0.7899454132051008,189000.0
1993-10-27,10.37,10.37,10.37,10.37,0.0,0.0,1.0,0.7899454132051008,0.7899454132051008,0.7899454132051008,0.7899454132051008,0.0
1993-10-28,8.5,10.0,7.0,9.88,2417.0,0.0,1.0,0.6474962403320499,0.7617602827435881,0.5332321979205117,0.752619159350665,29004.0
1993-10-29,10.5,10.5,10.0,10.0,14400.0,0.0,1.0,0.7998482968807674,0.7998482968807674,0.7617602827435881,0.7617602827435881,172800.0
1993-11-01,10.0,10.5,10.0,10.5,6400.0,0.0,1.0,0.7617602827435881,0.7998482968807674,0.7617602827435881,0.7998482968807674,76800.0
1993-11-02,10.0,10.5,10.0,10.5,967.0,0.0,1.0,0.7617602827435881,0.7998482968807674,0.7617602827435881,0.7998482968807674,11604.0
1993-11-03,10.25,11.75,10.25,11.5,4000.0,0.0,1.0,0.7808042898121778,0.895068332223716,0.7808042898121778,0.8760243251551263,48000.0
1993-11-04,12.0,12.0,11.5,11.5,2033.0,0.0,1.0,0.9141123392923056,0.9141123392923056,0.8760243251551263,0.8760243251551263,24396.0
1993-11-05,10.25,12.0,10.25,12.0,367.0,0.0,1.0,0.7808042898121778,0.9141123392923056,0.7808042898121778,0.9141123392923056,4404.0
1993-11-08,12.0,12.0,12.0,12.0,0.0,0.0,1.0,0.9141123392923056,0.9141123392923056,0.9141123392923056,0.9141123392923056,0.0
1993-11-09,10.5,10.5,10.5,10.5,550.0,0.0,1.0,0.7998482968807674,0.7998482968807674,0.7998482968807674,0.7998482968807674,6600.0
1993-11-10,10.75,10.75,10.75,10.75,4167.0,0.0,1.0,0.8188923039493572,0.8188923039493572,0.8188923039493572,0.8188923039493572,50004.0
1993-11-11,10.75,10.75,10.75,10.75,550.0,0.0,1.0,0.8188923039493572,0.8188923039493572,0.8188923039493572,0.8188923039493572,6600.0
1993-11-12,10.75,10.75,10.75,10.75,967.0,0.0,1.0,0.8188923039493572,0.8188923039493572,0.8188923039493572,0.8188923039493572,11604.0
1993-11-15,10.75,10.75,10.75,10.75,2567.0,0.0,1.0,0.8188923039493572,0.8188923039493572,0.8188923039493572,0.8188923039493572,30804.0
1993-11-16,10.75,12.25,10.75,12.25,2033.0,0.0,1.0,0.8188923039493572,0.9331563463608954,0.8188923039493572,0.9331563463608954,24396.0
1993-11-17,10.75,12.25,10.75,11.0,3200.0,0.0,1.0,0.8188923039493572,0.9331563463608954,0.8188923039493572,0.8379363110179469,38400.0
1993-11-18,11.0,11.0,11.0,11.0,4633.0,0.0,1.0,0.8379363110179469,0.8379363110179469,0.8379363110179469,0.8379363110179469,55596.0
1993-11-19,11.38,11.5,10.25,10.63,78767.0,0.0,1.0,0.8668832017622032,0.8760243251551263,0.7808042898121778,0.8097511805564341,945204.0
1993-11-22,10.63,11.5,10.63,11.38,2833.0,0.0,1.0,0.8097511805564341,0.8760243251551263,0.8097511805564341,0.8668832017622032,33996.0
1993-11-23,11.0,11.0,11.0,11.0,433.0,0.0,1.0,0.8379363110179469,0.8379363110179469,0.8379363110179469,0.8379363110179469,5196.0
1993-11-24,10.5,10.75,10.5,10.75,800.0,0.0,1.0,0.7998482968807674,0.8188923039493572,0.7998482968807674,0.8188923039493572,9600.0
1993-11-26,10.63,10.75,10.63,10.75,1167.0,0.0,1.0,0.8097511805564341,0.8188923039493572,0.8097511805564341,0.8188923039493572,14004.0
1993-11-29,10.5,11.5,10.5,11.5,4017.0,0.0,1.0,0.7998482968807674,0.8760243251551263,0.7998482968807674,0.8760243251551263,48204.0
1993-11-30,11.5,11.5,11.5,11.5,0.0,0.0,1.0,0.8760243251551263,0.8760243251551263,0.8760243251551263,0.8760243251551263,0.0
1993-12-01,11.5,11.5,11.5,11.5,0.0,0.0,1.0,0.8760243251551263,0.8760243251551263,0.8760243251551263,0.8760243251551263,0.0
1993-12-02,11.0,11.25,10.75,11.25,18233.0,0.0,1.0,0.8379363110179469,0.8569803180865365,0.8188923039493572,0.8569803180865365,218796.0
1993-12-03,11.0,11.0,11.0,11.0,367.0,0.0,1.0,0.8379363110179469,0.8379363110179469,0.8379363110179469,0.8379363110179469,4404.0
1993-12-06,11.0,11.0,11.0,11.0,267.0,0.0,1.0,0.8379363110179469,0.8379363110179469,0.8379363110179469,0.8379363110179469,3204.0
1993-12-07,10.75,10.75,10.5,10.5,3567.0,0.0,1.0,0.8188923039493572,0.8188923039493572,0.7998482968807674,0.7998482968807674,42804.0
1993-12-08,11.25,11.25,10.25,10.5,8967.0,0.0,1.0,0.8569803180865365,0.8569803180865365,0.7808042898121778,0.7998482968807674,107604.0
1993-12-09,10.5,11.25,10.37,10.5,29867.0,0.0,1.0,0.7998482968807674,0.8569803180865365,0.7899454132051008,0.7998482968807674,358404.0
1993-12-10,11.25,11.25,10.25,10.25,367.0,0.0,1.0,0.8569803180865365,0.8569803180865365,0.7808042898121778,0.7808042898121778,4404.0
1993-12-13,10.5,10.5,10.25,10.5,8800.0,0.0,1.0,0.7998482968807674,0.7998482968807674,0.7808042898121778,0.7998482968807674,105600.0
1993-12-14,10.25,10.88,10.25,10.25,18667.0,0.0,1.0,0.7808042898121778,0.8287951876250239,0.7808042898121778,0.7808042898121778,224004.0
1993-12-15,10.37,10.37,10.37,10.37,167.0,0.0,1.0,0.7899454132051008,0.7899454132051008,0.7899454132051008,0.7899454132051008,2004.0
1993-12-16,10.75,10.75,10.25,10.25,2417.0,0.0,1.0,0.8188923039493572,0.8188923039493572,0.7808042898121778,0.7808042898121778,29004.0
1993-12-17,10.25,10.25,10.25,10.25,0.0,0.0,1.0,0.7808042898121778,0.7808042898121778,0.7808042898121778,0.7808042898121778,0.0
1993-12-20,10.25,10.75,10.25,10.75,2400.0,0.0,1.0,0.7808042898121778,0.8188923039493572,0.7808042898121778,0.8188923039493572,28800.0
1993-12-21,10.75,10.75,10.75,10.75,967.0,0.0,1.0,0.8188923039493572,0.8188923039493572,0.8188923039493572,0.8188923039493572,11604.0
1993-12-22,10.75,10.75,10.5,10.75,4550.0,0.0,1.0,0.8188923039493572,0.8188923039493572,0.7998482968807674,0.8188923039493572,54600.0
1993-12-23,10.75,10.75,10.25,10.25,633.0,0.0,1.0,0.8188923039493572,0.8188923039493572,0.7808042898121778,0.7808042898121778,7596.0
1993-12-27,11.25,11.25,10.5,11.25,6150.0,0.0,1.0,0.8569803180865365,0.8569803180865365,0.7998482968807674,0.8569803180865365,73800.0
1993-12-28,11.25,12.0,11.25,12.0,6833.0,0.0,1.0,0.8569803180865365,0.9141123392923056,0.8569803180865365,0.9141123392923056,81996.0
1993-12-29,12.0,14.25,11.75,13.5,22567.0,0.0,1.0,0.9141123392923056,1.085508402909613,0.895068332223716,1.0283763817038438,270804.0
1993-12-30,14.25,14.25,13.25,13.25,4817.0,0.0,1.0,1.085508402909613,1.085508402909613,1.0093323746352543,1.0093323746352543,57804.0
1993-12-31,14.0,14.0,13.25,13.25,12000.0,0.0,1.0,1.0664643958410234,1.0664643958410234,1.0093323746352543,1.0093323746352543,144000.0
1994-01-03,14.0,14.0,13.25,14.0,3033.0,0.0,1.0,1.0664643958410234,1.0664643958410234,1.0093323746352543,1.0664643958410234,36396.0
1994-01-04,14.0,14.0,13.25,13.25,2833.0,0.0,1.0,1.0664643958410234,1.0664643958410234,1.0093323746352543,1.0093323746352543,33996.0
1994-01-05,14.0,14.0,14.0,14.0,267.0,0.0,1.0,1.0664643958410234,1.0664643958410234,1.0664643958410234,1.0664643958410234,3204.0
1994-01-06,13.5,14.0,13.37,13.37,8000.0,0.0,1.0,1.0283763817038438,1.0664643958410234,1.018473498028177,1.018473498028177,96000.0
1994-01-07,13.25,13.25,13.12,13.12,2950.0,0.0,1.0,1.0093323746352543,1.0093323746352543,0.9994294909595874,0.9994294909595874,35400.0
1994-01-10,13.25,13.25,13.0,13.0,817.0,0.0,1.0,1.0093323746352543,1.0093323746352543,0.9902883675666645,0.9902883675666645,9804.0
1994-01-11,12.5,12.75,12.25,12.75,433.0,0.0,1.0,0.9522003534294851,0.9712443604980748,0.9331563463608954,0.9712443604980748,5196.0
1994-01-12,12.0,13.25,12.0,13.25,2417.0,0.0,1.0,0.9141123392923056,1.0093323746352543,0.9141123392923056,1.0093323746352543,29004.0
1994-01-13,13.25,13.25,12.88,12.88,4967.0,0.0,1.0,1.0093323746352543,1.0093323746352543,0.9811472441737414,0.9811472441737414,59604.0
1994-01-14,12.38,13.25,12.38,13.25,5067.0,0.0,1.0,0.9430592300365621,1.0093323746352543,0.9430592300365621,1.0093323746352543,60804.0
1994-01-17,13.25,13.25,12.75,13.25,5600.0,0.0,1.0,1.0093323746352543,1.0093323746352543,0.9712443604980748,1.0093323746352543,67200.0
1994-01-18,12.5,12.75,12.25,12.25,8433.0,0.0,1.0,0.9522003534294851,0.9712443604980748,0.9331563463608954,0.9331563463608954,101196.0
1994-01-19,12.5,13.75,12.0,13.0,11217.0,0.0,1.0,0.9522003534294851,1.0474203887724336,0.9141123392923056,0.9902883675666645,134604.0
1994-01-20,13.25,13.25,11.0,11.0,10233.0,0.0,1.0,1.0093323746352543,1.0093323746352543,0.8379363110179469,0.8379363110179469,122796.0
1994-01-21,11.12,11.12,9.25,10.5,13167.0,0.0,1.0,0.8470774344108699,0.8470774344108699,0.704628261537819,0.7998482968807674,158004.0
1994-01-24,10.75,10.75,9.0,9.75,33600.0,0.0,1.0,0.8188923039493572,0.8188923039493572,0.6855842544692292,0.7427162756749983,403200.0
1994-01-25,8.5,8.5,8.5,8.5,550.0,0.0,1.0,0.6474962403320499,0.6474962403320499,0.6474962403320499,0.6474962403320499,6600.0
1994-01-26,9.75,9.75,8.75,9.75,2033.0,0.0,1.0,0.7427162756749983,0.7427162756749983,0.6665402474006396,0.7427162756749983,24396.0
1994-01-27,10.5,10.75,10.5,10.75,367.0,0.0,1.0,0.7998482968807674,0.8188923039493572,0.7998482968807674,0.8188923039493572,4404.0
1994-01-28,11.0,11.0,11.0,11.0,1967.0,0.0,1.0,0.8379363110179469,0.8379363110179469,0.8379363110179469,0.8379363110179469,23604.0
1994-01-31,11.0,11.0,9.25,11.0,1167.0,0.0,1.0,0.8379363110179469,0.8379363110179469,0.704628261537819,0.8379363110179469,14004.0
1994-02-01,9.25,11.0,9.25,9.75,2667.0,0.0,1.0,0.704628261537819,0.8379363110179469,0.704628261537819,0.7427162756749983,32004.0
1994-02-02,11.25,12.25,11.0,11.0,8267.0,0.0,1.0,0.8569803180865365,0.9331563463608954,0.8379363110179469,0.8379363110179469,99204.0
1994-02-03,10.25,10.37,10.25,10.37,46033.0,0.0,1.0,0.7808042898121778,0.7899454132051008,0.7808042898121778,0.7899454132051008,552396.0
1994-02-04,10.25,11.0,10.25,10.25,2400.0,0.0,1.0,0.7808042898121778,0.8379363110179469,0.7808042898121778,0.7808042898121778,28800.0
1994-02-07,10.0,10.5,10.0,10.5,633.0,0.0,1.0,0.7617602827435881,0.7998482968807674,0.7617602827435881,0.7998482968807674,7596.0
1994-02-08,10.5,10.5,10.5,10.5,0.0,0.0,1.0,0.7998482968807674,0.7998482968807674,0.7998482968807674,0.7998482968807674,0.0
1994-02-09,10.5,11.25,10.5,11.25,633.0,0.0,1.0,0.7998482968807674,0.8569803180865365,0.7998482968807674,0.8569803180865365,7596.0
1994-02-10,10.0,11.62,10.0,10.0,2833.0,0.0,1.0,0.7617602827435881,0.8851654485480492,0.7617602827435881,0.7617602827435881,33996.0
1994-02-11,11.25,11.25,11.25,11.25,17.0,0.0,1.0,0.8569803180865365,0.8569803180865365,0.8569803180865365,0.8569803180865365,204.0
1994-02-14,11.25,11.25,11.25,11.25,0.0,0.0,1.0,0.8569803180865365,0.8569803180865365,0.8569803180865365,0.8569803180865365,0.0
1994-02-15,11.25,11.25,11.25,11.25,0.0,0.0,1.0,0.8569803180865365,0.8569803180865365,0.8569803180865365,0.8569803180865365,0.0
1994-02-16,11.75,11.75,10.0,10.0,367.0,0.0,1.0,0.895068332223716,0.895068332223716,0.7617602827435881,0.7617602827435881,4404.0
1994-02-17,11.75,11.75,10.0,10.0,267.0,0.0,1.0,0.895068332223716,0.895068332223716,0.7617602827435881,0.7617602827435881,3204.0
1994-02-18,11.75,11.75,11.75,11.75,433.0,0.0,1.0,0.895068332223716,0.895068332223716,0.895068332223716,0.895068332223716,5196.0
1994-02-22,11.75,11.75,11.75,11.75,0.0,0.0,1.0,0.895068332223716,0.895068332223716,0.895068332223716,0.895068332223716,0.0
1994-02-23,10.0,10.0,10.0,10.0,267.0,0.0,1.0,0.7617602827435881,0.7617602827435881,0.7617602827435881,0.7617602827435881,3204.0
1994-02-24,10.0,10.0,10.0,10.0,0.0,0.0,1.0,0.7617602827435881,0.7617602827435881,0.7617602827435881,0.7617602827435881,0.0
1994-02-25,10.0,10.0,10.0,10.0,267.0,0.0,1.0,0.7617602827435881,0.7617602827435881,0.7617602827435881,0.7617602827435881,3204.0
1994-02-28,10.25,11.5,10.0,11.5,800.0,0.0,1.0,0.7808042898121778,0.8760243251551263,0.7617602827435881,0.8760243251551263,9600.0
1994-03-01,11.5,11.5,11.5,11.5,0.0,0.0,1.0,0.8760243251551263,0.8760243251551263,0.8760243251551263,0.8760243251551263,0.0
1994-03-02,10.0,10.5,10.0,10.5,4167.0,0.0,1.0,0.7617602827435881,0.7998482968807674,0.7617602827435881,0.7998482968807674,50004.0
1994-03-03,10.5,10.5,10.5,10.5,0.0,0.0,1.0,0.7998482968807674,0.7998482968807674,0.7998482968807674,0.7998482968807674,0.0
1994-03-04,9.75,9.75,9.75,9.75,17.0,0.0,1.0,0.7427162756749983,0.7427162756749983,0.7427162756749983,0.7427162756749983,204.0
1994-03-07,10.0,10.0,10.0,10.0,267.0,0.0,1.0,0.7617602827435881,0.7617602827435881,0.7617602827435881,0.7617602827435881,3204.0
1994-03-08,9.75,9.75,9.75,9.75,967.0,0.0,1.0,0.7427162756749983,0.7427162756749983,0.7427162756749983,0.7427162756749983,11604.0
1994-03-09,9.75,9.75,9.75,9.75,0.0,0.0,1.0,0.7427162756749983,0.7427162756749983,0.7427162756749983,0.7427162756749983,0.0
1994-03-10,9.75,9.75,9.75,9.75,0.0,0.0,1.0,0.7427162756749983,0.7427162756749983,0.7427162756749983,0.7427162756749983,0.0
1994-03-11,11.0,11.0,11.0,11.0,367.0,0.0,1.0,0.8379363110179469,0.8379363110179469,0.8379363110179469,0.8379363110179469,4404.0
1994-03-14,9.75,9.75,9.5,9.5,1067.0,0.0,1.0,0.7427162756749983,0.7427162756749983,0.7236722686064087,0.7236722686064087,12804.0
1994-03-15,10.5,10.5,9.5,9.5,1967.0,0.0,1.0,0.7998482968807674,0.7998482968807674,0.7236722686064087,0.7236722686064087,23604.0
1994-03-16,9.5,10.0,9.5,10.0,2833.0,0.0,1.0,0.7236722686064087,0.7617602827435881,0.7236722686064087,0.7617602827435881,33996.0
1994-03-17,9.13,9.25,8.5,9.0,5167.0,0.0,1.0,0.6954871381448959,0.704628261537819,0.6474962403320499,0.6855842544692292,62004.0
1994-03-18,8.75,8.75,8.5,8.5,3200.0,0.0,1.0,0.6665402474006396,0.6665402474006396,0.6474962403320499,0.6474962403320499,38400.0
1994-03-21,8.75,8.75,8.25,8.25,2233.0,0.0,1.0,0.6665402474006396,0.6665402474006396,0.6284522332634601,0.6284522332634601,26796.0
1994-03-22,9.13,9.13,8.75,8.75,7367.0,0.0,1.0,0.6954871381448959,0.6954871381448959,0.6665402474006396,0.6665402474006396,88404.0
1994-03-23,8.25,9.25,8.25,9.25,1067.0,0.0,1.0,0.6284522332634601,0.704628261537819,0.6284522332634601,0.704628261537819,12804.0
1994-03-24,8.5,9.0,8.25,9.0,17433.0,0.0,1.0,0.6474962403320499,0.6855842544692292,0.6284522332634601,0.6855842544692292,209196.0
1994-03-25,8.25,8.75,8.0,8.25,16000.0,0.0,1.0,0.6284522332634601,0.6665402474006396,0.6094082261948705,0.6284522332634601,192000.0
1994-03-28,8.0,9.0,8.0,8.25,3033.0,0.0,1.0,0.6094082261948705,0.6855842544692292,0.6094082261948705,0.6284522332634601,36396.0
1994-03-29,8.0,8.25,8.0,8.25,1767.0,0.0,1.0,0.6094082261948705,0.6284522332634601,0.6094082261948705,0.6284522332634601,21204.0
1994-03-30,9.0,9.0,9.0,9.0,633.0,0.0,1.0,0.6855842544692292,0.6855842544692292,0.6855842544692292,0.6855842544692292,7596.0
1994-03-31,8.5,9.0,8.5,8.62,817.0,0.0,1.0,0.6474962403320499,0.6855842544692292,0.6474962403320499,0.6566373637249728,9804.0
1994-04-04,8.62,8.62,8.62,8.62,0.0,0.0,1.0,0.6566373637249728,0.6566373637249728,0.6566373637249728,0.6566373637249728,0.0
1994-04-05,9.0,9.0,9.0,9.0,967.0,0.0,1.0,0.6855842544692292,0.6855842544692292,0.6855842544692292,0.6855842544692292,11604.0
1994-04-06,9.0,9.0,9.0,9.0,17.0,0.0,1.0,0.6855842544692292,0.6855842544692292,0.6855842544692292,0.6855842544692292,204.0
1994-04-07,9.0,9.0,9.0,9.0,0.0,0.0,1.0,0.6855842544692292,0.6855842544692292,0.6855842544692292,0.6855842544692292,0.0
1994-04-08,8.62,8.75,8.5,8.5,10667.0,0.0,1.0,0.6566373637249728,0.6665402474006396,0.6474962403320499,0.6474962403320499,128004.0
1994-04-11,9.0,9.0,9.0,9.0,433.0,0.0,1.0,0.6855842544692292,0.6855842544692292,0.6855842544692292,0.6855842544692292,5196.0
1994-04-12,8.0,8.0,8.0,8.0,17.0,0.0,1.0,0.6094082261948705,0.6094082261948705,0.6094082261948705,0.6094082261948705,204.0
1994-04-13,8.38,8.62,8.38,8.62,2417.0,0.0,1.0,0.6383551169391268,0.6566373637249728,0.6383551169391268,0.6566373637249728,29004.0
1994-04-14,8.0,8.0,8.0,8.0,1967.0,0.0,1.0,0.6094082261948705,0.6094082261948705,0.6094082261948705,0.6094082261948705,23604.0
1994-04-15,7.75,8.0,7.5,7.5,5350.0,0.0,1.0,0.5903642191262808,0.6094082261948705,0.571320212057691,0.571320212057691,64200.0
1994-04-18,8.0,8.25,7.0,7.0,19750.0,0.0,1.0,0.6094082261948705,0.6284522332634601,0.5332321979205117,0.5332321979205117,237000.0
1994-04-19,7.0,7.0,7.0,7.0,0.0,0.0,1.0,0.5332321979205117,0.5332321979205117,0.5332321979205117,0.5332321979205117,0.0
1994-04-20,6.5,7.0,6.5,7.0,15467.0,0.0,1.0,0.49514418378333225,0.5332321979205117,0.49514418378333225,0.5332321979205117,185604.0
1994-04-21,5.75,5.87,5.75,5.87,3750.0,0.0,1.0,0.43801216257756315,0.4471532859704862,0.43801216257756315,0.4471532859704862,45000.0
1994-04-22,5.87,5.87,5.87,5.87,0.0,0.0,1.0,0.4471532859704862,0.4471532859704862,0.4471532859704862,0.4471532859704862,0.0
1994-04-25,5.87,5.87,5.87,5.87,0.0,0.0,1.0,0.4471532859704862,0.4471532859704862,0.4471532859704862,0.4471532859704862,0.0
1994-04-26,5.87,5.87,5.87,5.87,0.0,0.0,1.0,0.4471532859704862,0.4471532859704862,0.4471532859704862,0.4471532859704862,0.0
1994-04-28,5.5,5.5,5.5,5.5,14033.0,0.0,1.0,0.4189681555089734,0.4189681555089734,0.4189681555089734,0.4189681555089734,168396.0
1994-04-29,7.0,7.0,5.25,6.0,13767.0,0.0,1.0,0.5332321979205117,0.5332321979205117,0.3999241484403837,0.4570561696461528,165204.0
1994-05-02,6.25,6.25,6.25,6.25,167.0,0.0,1.0,0.47610017671474253,0.47610017671474253,0.47610017671474253,0.47610017671474253,2004.0
1994-05-03,6.25,6.25,6.25,6.25,0.0,0.0,1.0,0.47610017671474253,0.47610017671474253,0.47610017671474253,0.47610017671474253,0.0
1994-05-04,6.75,6.75,6.75,6.75,267.0,0.0,1.0,0.5141881908519219,0.5141881908519219,0.5141881908519219,0.5141881908519219,3204.0
1994-05-05,6.75,6.75,6.75,6.75,0.0,0.0,1.0,0.5141881908519219,0.5141881908519219,0.5141881908519219,0.5141881908519219,0.0
1994-05-06,7.25,7.25,5.75,6.13,21350.0,0.0,1.0,0.5522762049891013,0.5522762049891013,0.43801216257756315,0.4669590533218195,256200.0
1994-05-09,6.13,6.13,6.13,6.13,0.0,0.0,1.0,0.4669590533218195,0.4669590533218195,0.4669590533218195,0.4669590533218195,0.0
1994-05-10,6.0,6.25,5.75,5.75,2767.0,0.0,1.0,0.4570561696461528,0.47610017671474253,0.43801216257756315,0.43801216257756315,33204.0
1994-05-11,7.0,7.0,6.0,6.0,1767.0,0.0,1.0,0.5332321979205117,0.5332321979205117,0.4570561696461528,0.4570561696461528,21204.0
1994-05-12,6.0,6.0,6.0,6.0,0.0,0.0,1.0,0.4570561696461528,0.4570561696461528,0.4570561696461528,0.4570561696461528,0.0
1994-05-13,6.0,7.25,5.75,7.25,3633.0,0.0,1.0,0.4570561696461528,0.5522762049891013,0.43801216257756315,0.5522762049891013,43596.0
1994-05-16,7.25,7.25,7.25,7.25,167.0,0.0,1.0,0.5522762049891013,0.5522762049891013,0.5522762049891013,0.5522762049891013,2004.0
1994-05-17,5.75,6.5,5.75,6.5,367.0,0.0,1.0,0.43801216257756315,0.49514418378333225,0.43801216257756315,0.49514418378333225,4404.0
1994-05-18,7.0,7.0,5.75,6.5,11467.0,0.0,1.0,0.5332321979205117,0.5332321979205117,0.43801216257756315,0.49514418378333225,137604.0
1994-05-19,6.0,6.0,5.25,5.25,10150.0,0.0,1.0,0.4570561696461528,0.4570561696461528,0.3999241484403837,0.3999241484403837,121800.0
1994-05-20,5.25,5.25,5.25,5.25,1967.0,0.0,1.0,0.3999241484403837,0.3999241484403837,0.3999241484403837,0.3999241484403837,23604.0
1994-05-23,6.5,6.5,5.25,5.25,1617.0,0.0,1.0,0.49514418378333225,0.49514418378333225,0.3999241484403837,0.3999241484403837,19404.0
1994-05-24,5.5,6.5,5.0,5.0,21600.0,0.0,1.0,0.4189681555089734,0.49514418378333225,0.38088014137179405,0.38088014137179405,259200.0
1994-05-25,5.25,5.25,5.0,5.0,2033.0,0.0,1.0,0.3999241484403837,0.3999241484403837,0.38088014137179405,0.38088014137179405,24396.0
1994-05-26,6.0,6.0,6.0,6.0,167.0,0.0,1.0,0.4570561696461528,0.4570561696461528,0.4570561696461528,0.4570561696461528,2004.0
1994-05-27,5.5,5.75,5.5,5.75,267.0,0.0,1.0,0.4189681555089734,0.43801216257756315,0.4189681555089734,0.43801216257756315,3204.0
1994-05-31,5.75,5.75,5.75,5.75,0.0,0.0,1.0,0.43801216257756315,0.43801216257756315,0.43801216257756315,0.43801216257756315,0.0
1994-06-01,5.0,5.25,5.0,5.25,633.0,0.0,1.0,0.38088014137179405,0.3999241484403837,0.38088014137179405,0.3999241484403837,7596.0
1994-06-02,5.25,5.25,5.25,5.25,0.0,0.0,1.0,0.3999241484403837,0.3999241484403837,0.3999241484403837,0.3999241484403837,0.0
1994-06-03,5.25,5.25,5.25,5.25,0.0,0.0,1.0,0.3999241484403837,0.3999241484403837,0.3999241484403837,0.3999241484403837,0.0
1994-06-06,5.25,5.25,5.25,5.25,0.0,0.0,1.0,0.3999241484403837,0.3999241484403837,0.3999241484403837,0.3999241484403837,0.0
1994-06-07,5.25,5.5,5.25,5.5,817.0,0.0,1.0,0.3999241484403837,0.4189681555089734,0.3999241484403837,0.4189681555089734,9804.0
1994-06-08,5.0,5.5,5.0,5.5,167.0,0.0,1.0,0.38088014137179405,0.4189681555089734,0.38088014137179405,0.4189681555089734,2004.0
1994-06-09,5.5,5.5,5.5,5.5,0.0,0.0,1.0,0.4189681555089734,0.4189681555089734,0.4189681555089734,0.4189681555089734,0.0
1994-06-10,5.0,6.75,5.0,6.75,1067.0,0.0,1.0,0.38088014137179405,0.5141881908519219,0.38088014137179405,0.5141881908519219,12804.0
1994-06-13,6.75,6.75,6.75,6.75,17.0,0.0,1.0,0.5141881908519219,0.5141881908519219,0.5141881908519219,0.5141881908519219,204.0
1994-06-14,5.5,5.5,5.0,5.0,2150.0,0.0,1.0,0.4189681555089734,0.4189681555089734,0.38088014137179405,0.38088014137179405,25800.0
1994-06-15,5.0,5.0,5.0,5.0,267.0,0.0,1.0,0.38088014137179405,0.38088014137179405,0.38088014137179405,0.38088014137179405,3204.0
1994-06-16,5.0,5.25,5.0,5.25,167.0,0.0,1.0,0.38088014137179405,0.3999241484403837,0.38088014137179405,0.3999241484403837,2004.0
1994-06-17,5.5,5.5,5.5,5.5,1617.0,0.0,1.0,0.4189681555089734,0.4189681555089734,0.4189681555089734,0.4189681555089734,19404.0
1994-06-20,5.75,5.75,5.75,5.75,267.0,0.0,1.0,0.43801216257756315,0.43801216257756315,0.43801216257756315,0.43801216257756315,3204.0
1994-06-21,5.38,6.0,5.0,5.0,5433.0,0.0,1.0,0.40982703211605037,0.4570561696461528,0.38088014137179405,0.38088014137179405,65196.0
1994-06-22,5.75,5.75,5.12,5.12,1167.0,0.0,1.0,0.43801216257756315,0.43801216257756315,0.3900212647647171,0.3900212647647171,14004.0
1994-06-23,5.12,5.12,5.12,5.12,0.0,0.0,1.0,0.3900212647647171,0.3900212647647171,0.3900212647647171,0.3900212647647171,0.0
1994-06-24,5.12,5.12,5.12,5.12,0.0,0.0,1.0,0.3900212647647171,0.3900212647647171,0.3900212647647171,0.3900212647647171,0.0
1994-06-27,5.12,5.12,5.0,5.0,4017.0,0.0,1.0,0.3900212647647171,0.3900212647647171,0.38088014137179405,0.38088014137179405,48204.0
1994-06-28,5.0,5.0,5.0,5.0,0.0,0.0,1.0,0.38088014137179405,0.38088014137179405,0.38088014137179405,0.38088014137179405,0.0
1994-06-29,5.06,5.06,5.06,5.06,3833.0,0.0,1.0,0.3854507030682555,0.3854507030682555,0.3854507030682555,0.3854507030682555,45996.0
1994-06-30,6.0,6.0,6.0,6.0,17.0,0.0,1.0,0.4570561696461528,0.4570561696461528,0.4570561696461528,0.4570561696461528,204.0
1994-07-01,6.0,6.0,5.0,5.0,12000.0,0.0,1.0,0.4570561696461528,0.4570561696461528,0.38088014137179405,0.38088014137179405,144000.0
1994-07-05,5.0,5.0,5.0,5.0,967.0,0.0,1.0,0.38088014137179405,0.38088014137179405,0.38088014137179405,0.38088014137179405,11604.0
1994-07-06,5.0,5.0,5.0,5.0,0.0,0.0,1.0,0.38088014137179405,0.38088014137179405,0.38088014137179405,0.38088014137179405,0.0
1994-07-07,5.0,5.12,2.87,3.5,85767.0,0.0,1.0,0.38088014137179405,0.3900212647647171,0.21862520114740977,0.26661609896025584,1029204.0
1994-07-08,3.25,5.25,3.25,5.25,660167.0,0.0,1.0,0.24757209189166612,0.3999241484403837,0.24757209189166612,0.3999241484403837,7922004.0
1994-07-11,5.25,5.5,4.63,5.25,11467.0,0.0,1.0,0.3999241484403837,0.4189681555089734,0.35269501091028127,0.3999241484403837,137604.0
1994-07-12,5.0,5.0,5.0,5.0,1867.0,0.0,1.0,0.38088014137179405,0.38088014137179405,0.38088014137179405,0.38088014137179405,22404.0
1994-07-13,5.25,5.25,4.5,4.5,3200.0,0.0,1.0,0.3999241484403837,0.3999241484403837,0.3427921272346146,0.3427921272346146,38400.0
1994-07-14,5.0,5.0,5.0,5.0,2233.0,0.0,1.0,0.38088014137179405,0.38088014137179405,0.38088014137179405,0.38088014137179405,26796.0
1994-07-15,5.12,5.12,5.12,5.12,967.0,0.0,1.0,0.3900212647647171,0.3900212647647171,0.3900212647647171,0.3900212647647171,11604.0
1994-07-18,5.12,5.12,4.5,4.5,1350.0,0.0,1.0,0.3900212647647171,0.3900212647647171,0.3427921272346146,0.3427921272346146,16200.0
1994-07-19,4.5,4.5,4.5,4.5,0.0,0.0,1.0,0.3427921272346146,0.3427921272346146,0.3427921272346146,0.3427921272346146,0.0
1994-07-20,4.75,4.88,4.75,4.88,967.0,0.0,1.0,0.3618361343032043,0.371739017978871,0.3618361343032043,0.371739017978871,11604.0
1994-07-21,4.25,4.25,4.25,4.25,167.0,0.0,1.0,0.32374812016602494,0.32374812016602494,0.32374812016602494,0.32374812016602494,2004.0
1994-07-22,4.25,4.25,4.25,4.25,0.0,0.0,1.0,0.32374812016602494,0.32374812016602494,0.32374812016602494,0.32374812016602494,0.0
1994-07-25,5.12,5.12,5.12,5.12,167.0,0.0,1.0,0.3900212647647171,0.3900212647647171,0.3900212647647171,0.3900212647647171,2004.0
1994-07-26,5.12,5.12,5.12,5.12,0.0,0.0,1.0,0.3900212647647171,0.3900212647647171,0.3900212647647171,0.3900212647647171,0.0
1994-07-27,5.12,5.12,5.12,5.12,0.0,0.0,1.0,0.3900212647647171,0.3900212647647171,0.3900212647647171,0.3900212647647171,0.0
1994-07-28,4.37,4.37,4.37,4.37,2767.0,0.0,1.0,0.332889243558948,0.332889243558948,0.332889243558948,0.332889243558948,33204.0
1994-07-29,4.37,5.19,4.37,4.75,1867.0,0.0,1.0,0.332889243558948,0.39535358674392224,0.332889243558948,0.3618361343032043,22404.0
1994-08-01,5.12,5.12,4.75,4.75,19033.0,0.0,1.0,0.3900212647647171,0.3900212647647171,0.3618361343032043,0.3618361343032043,228396.0
1994-08-02,4.63,4.75,4.5,4.5,19217.0,0.0,1.0,0.35269501091028127,0.3618361343032043,0.3427921272346146,0.3427921272346146,230604.0
1994-08-03,4.5,4.5,4.5,4.5,0.0,0.0,1.0,0.3427921272346146,0.3427921272346146,0.3427921272346146,0.3427921272346146,0.0
1994-08-04,5.0,5.0,4.5,5.0,40800.0,0.0,1.0,0.38088014137179405,0.38088014137179405,0.3427921272346146,0.38088014137179405,489600.0
1994-08-05,5.0,5.0,4.5,4.5,1067.0,0.0,1.0,0.38088014137179405,0.38088014137179405,0.3427921272346146,0.3427921272346146,12804.0
1994-08-08,4.5,4.5,4.5,4.5,367.0,0.0,1.0,0.3427921272346146,0.3427921272346146,0.3427921272346146,0.3427921272346146,4404.0
1994-08-09,4.0,5.0,4.0,4.0,4017.0,0.0,1.0,0.3047041130974352,0.38088014137179405,0.3047041130974352,0.3047041130974352,48204.0
1994-08-10,4.5,4.5,4.0,4.0,1233.0,0.0,1.0,0.3427921272346146,0.3427921272346146,0.3047041130974352,0.3047041130974352,14796.0
1994-08-11,4.0,4.0,4.0,4.0,0.0,0.0,1.0,0.3047041130974352,0.3047041130974352,0.3047041130974352,0.3047041130974352,0.0
1994-08-12,4.0,4.0,4.0,4.0,0.0,0.0,1.0,0.3047041130974352,0.3047041130974352,0.3047041130974352,0.3047041130974352,0.0
1994-08-15,5.0,5.0,4.25,5.0,2033.0,0.0,1.0,0.38088014137179405,0.38088014137179405,0.32374812016602494,0.38088014137179405,24396.0
1994-08-16,5.0,5.0,5.0,5.0,0.0,0.0,1.0,0.38088014137179405,0.38088014137179405,0.38088014137179405,0.38088014137179405,0.0
1994-08-17,5.0,5.0,4.31,4.31,4000.0,0.0,1.0,0.38088014137179405,0.38088014137179405,0.3283186818624864,0.3283186818624864,48000.0
1994-08-18,5.0,5.0,4.12,4.12,5600.0,0.0,1.0,0.38088014137179405,0.38088014137179405,0.3138452364903583,0.3138452364903583,67200.0
1994-08-19,4.75,4.75,4.75,4.75,550.0,0.0,1.0,0.3618361343032043,0.3618361343032043,0.3618361343032043,0.3618361343032043,6600.0
1994-08-22,4.75,4.75,4.12,4.37,4800.0,0.0,1.0,0.3618361343032043,0.3618361343032043,0.3138452364903583,0.332889243558948,57600.0
1994-08-23,4.63,5.0,4.37,4.5,3217.0,0.0,1.0,0.35269501091028127,0.38088014137179405,0.332889243558948,0.3427921272346146,38604.0
1994-08-24,4.0,4.0,4.0,4.0,2950.0,0.0,1.0,0.3047041130974352,0.3047041130974352,0.3047041130974352,0.3047041130974352,35400.0
1994-08-25,4.37,4.5,4.37,4.37,1617.0,0.0,1.0,0.332889243558948,0.3427921272346146,0.332889243558948,0.332889243558948,19404.0
1994-08-26,4.75,4.75,4.25,4.5,11567.0,0.0,1.0,0.3618361343032043,0.3618361343032043,0.32374812016602494,0.3427921272346146,138804.0
1994-08-29,4.5,4.5,4.5,4.5,0.0,0.0,1.0,0.3427921272346146,0.3427921272346146,0.3427921272346146,0.3427921272346146,0.0
1994-08-30,4.5,4.5,4.5,4.5,0.0,0.0,1.0,0.3427921272346146,0.3427921272346146,0.3427921272346146,0.3427921272346146,0.0
1994-08-31,4.25,4.25,4.25,4.25,167.0,0.0,1.0,0.32374812016602494,0.32374812016602494,0.32374812016602494,0.32374812016602494,2004.0
1994-09-01,4.75,4.75,4.5,4.5,1167.0,0.0,1.0,0.3618361343032043,0.3618361343032043,0.3427921272346146,0.3427921272346146,14004.0
1994-09-02,4.5,4.5,4.5,4.5,0.0,0.0,1.0,0.3427921272346146,0.3427921272346146,0.3427921272346146,0.3427921272346146,0.0
1994-09-06,4.5,4.5,4.5,4.5,0.0,0.0,1.0,0.3427921272346146,0.3427921272346146,0.3427921272346146,0.3427921272346146,0.0
1994-09-07,4.0,4.75,4.0,4.75,17867.0,0.0,1.0,0.3047041130974352,0.3618361343032043,0.3047041130974352,0.3618361343032043,214404.0
1994-09-08,4.5,4.5,4.5,4.5,267.0,0.0,1.0,0.3427921272346146,0.3427921272346146,0.3427921272346146,0.3427921272346146,3204.0
1994-09-09,4.5,4.5,4.5,4.5,0.0,0.0,1.0,0.3427921272346146,0.3427921272346146,0.3427921272346146,0.3427921272346146,0.0
1994-09-12,3.62,4.75,3.5,4.37,86033.0,0.0,1.0,0.2757572223531789,0.3618361343032043,0.26661609896025584,0.332889243558948,1032396.0
1994-09-13,4.75,4.75,4.75,4.75,167.0,0.0,1.0,0.3618361343032043,0.3618361343032043,0.3618361343032043,0.3618361343032043,2004.0
1994-09-14,4.5,4.5,4.5,4.5,633.0,0.0,1.0,0.3427921272346146,0.3427921272346146,0.3427921272346146,0.3427921272346146,7596.0
1994-09-15,4.5,4.5,4.5,4.5,0.0,0.0,1.0,0.3427921272346146,0.3427921272346146,0.3427921272346146,0.3427921272346146,0.0
1994-09-16,4.5,4.75,4.12,4.37,266150.0,0.0,1.0,0.3427921272346146,0.3618361343032043,0.3138452364903583,0.332889243558948,3193800.0
1994-09-19,4.75,4.75,4.5,4.75,22417.0,0.0,1.0,0.3618361343032043,0.3618361343032043,0.3427921272346146,0.3618361343032043,269004.0
1994-09-20,5.0,5.0,4.5,4.5,2833.0,0.0,1.0,0.38088014137179405,0.38088014137179405,0.3427921272346146,0.3427921272346146,33996.0
1994-09-21,4.88,5.5,4.88,5.5,45600.0,0.0,1.0,0.371739017978871,0.4189681555089734,0.371739017978871,0.4189681555089734,547200.0
1994-09-22,5.5,5.5,5.25,5.38,2950.0,0.0,1.0,0.4189681555089734,0.4189681555089734,0.3999241484403837,0.40982703211605037,35400.0
1994-09-23,5.5,5.5,5.0,5.5,3033.0,0.0,1.0,0.4189681555089734,0.4189681555089734,0.38088014137179405,0.4189681555089734,36396.0
1994-09-26,5.5,5.5,5.0,5.5,2150.0,0.0,1.0,0.4189681555089734,0.4189681555089734,0.38088014137179405,0.4189681555089734,25800.0
1994-09-27,5.5,5.5,5.25,5.38,3567.0,0.0,1.0,0.4189681555089734,0.4189681555089734,0.3999241484403837,0.40982703211605037,42804.0
1994-09-28,5.38,5.38,5.38,5.38,0.0,0.0,1.0,0.40982703211605037,0.40982703211605037,0.40982703211605037,0.40982703211605037,0.0
1994-09-29,5.5,5.5,5.25,5.25,7567.0,0.0,1.0,0.4189681555089734,0.4189681555089734,0.3999241484403837,0.3999241484403837,90804.0
1994-09-30,5.75,5.75,5.62,5.75,4967.0,0.0,1.0,0.43801216257756315,0.43801216257756315,0.4281092789018965,0.43801216257756315,59604.0
1994-10-03,5.75,5.75,5.25,5.25,2767.0,0.0,1.0,0.43801216257756315,0.43801216257756315,0.3999241484403837,0.3999241484403837,33204.0
1994-10-04,5.75,5.75,5.75,5.75,17.0,0.0,1.0,0.43801216257756315,0.43801216257756315,0.43801216257756315,0.43801216257756315,204.0
1994-10-05,5.75,5.75,5.0,5.0,633.0,0.0,1.0,0.43801216257756315,0.43801216257756315,0.38088014137179405,0.38088014137179405,7596.0
1994-10-06,5.0,5.0,5.0,5.0,0.0,0.0,1.0,0.38088014137179405,0.38088014137179405,0.38088014137179405,0.38088014137179405,0.0
1994-10-07,5.5,5.5,5.5,5.5,967.0,0.0,1.0,0.4189681555089734,0.4189681555089734,0.4189681555089734,0.4189681555089734,11604.0
1994-10-10,5.5,5.5,5.5,5.5,0.0,0.0,1.0,0.4189681555089734,0.4189681555089734,0.4189681555089734,0.4189681555089734,0.0
1994-10-11,5.5,5.5,5.5,5.5,0.0,0.0,1.0,0.4189681555089734,0.4189681555089734,0.4189681555089734,0.4189681555089734,0.0
1994-10-12,5.5,5.5,5.5,5.5,0.0,0.0,1.0,0.4189681555089734,0.4189681555089734,0.4189681555089734,0.4189681555089734,0.0
1994-10-13,4.75,4.75,4.75,4.75,433.0,0.0,1.0,0.3618361343032043,0.3618361343032043,0.3618361343032043,0.3618361343032043,5196.0
1994-10-14,5.75,5.75,5.75,5.75,17.0,0.0,1.0,0.43801216257756315,0.43801216257756315,0.43801216257756315,0.43801216257756315,204.0
1994-10-17,5.75,5.75,5.75,5.75,5967.0,0.0,1.0,0.43801216257756315,0.43801216257756315,0.43801216257756315,0.43801216257756315,71604.0
1994-10-18,5.0,5.62,5.0,5.62,9617.0,0.0,1.0,0.38088014137179405,0.4281092789018965,0.38088014137179405,0.4281092789018965,115404.0
1994-10-19,5.5,5.5,5.5,5.5,1967.0,0.0,1.0,0.4189681555089734,0.4189681555089734,0.4189681555089734,0.4189681555089734,23604.0
1994-10-20,5.5,5.5,5.5,5.5,5617.0,0.0,1.0,0.4189681555089734,0.4189681555089734,0.4189681555089734,0.4189681555089734,67404.0
1994-10-21,5.62,6.25,5.5,6.25,44267.0,0.0,1.0,0.4281092789018965,0.47610017671474253,0.4189681555089734,0.47610017671474253,531204.0
1994-10-24,6.25,6.75,6.0,6.0,25867.0,0.0,1.0,0.47610017671474253,0.5141881908519219,0.4570561696461528,0.4570561696461528,310404.0
1994-10-25,6.38,6.75,6.0,6.62,46417.0,0.0,1.0,0.4860030603904092,0.5141881908519219,0.4570561696461528,0.5042853071762553,557004.0
1994-10-26,6.75,6.75,6.5,6.5,4817.0,0.0,1.0,0.5141881908519219,0.5141881908519219,0.49514418378333225,0.49514418378333225,57804.0
1994-10-27,6.75,6.75,6.25,6.25,9433.0,0.0,1.0,0.5141881908519219,0.5141881908519219,0.47610017671474253,0.47610017671474253,113196.0
1994-10-28,6.75,6.75,6.5,6.75,3633.0,0.0,1.0,0.5141881908519219,0.5141881908519219,0.49514418378333225,0.5141881908519219,43596.0
1994-10-31,6.75,6.75,6.75,6.75,1233.0,0.0,1.0,0.5141881908519219,0.5141881908519219,0.5141881908519219,0.5141881908519219,14796.0
1994-11-01,6.75,6.75,6.25,6.75,17433.0,0.0,1.0,0.5141881908519219,0.5141881908519219,0.47610017671474253,0.5141881908519219,209196.0
1994-11-02,6.75,6.75,6.25,6.38,17967.0,0.0,1.0,0.5141881908519219,0.5141881908519219,0.47610017671474253,0.4860030603904092,215604.0
1994-11-03,6.38,6.38,6.38,6.38,0.0,0.0,1.0,0.4860030603904092,0.4860030603904092,0.4860030603904092,0.4860030603904092,0.0
1994-11-04,6.5,6.75,6.25,6.75,28167.0,0.0,1.0,0.49514418378333225,0.5141881908519219,0.47610017671474253,0.5141881908519219,338004.0
1994-11-07,6.5,6.5,6.13,6.25,17167.0,0.0,1.0,0.49514418378333225,0.49514418378333225,0.4669590533218195,0.47610017671474253,206004.0
1994-11-08,6.25,6.38,6.0,6.19,9233.0,0.0,1.0,0.47610017671474253,0.4860030603904092,0.4570561696461528,0.47152961501828106,110796.0
1994-11-09,6.0,6.38,6.0,6.0,2567.0,0.0,1.0,0.4570561696461528,0.4860030603904092,0.4570561696461528,0.4570561696461528,30804.0
1994-11-10,6.25,6.25,5.75,6.13,12633.0,0.0,1.0,0.47610017671474253,0.47610017671474253,0.43801216257756315,0.4669590533218195,151596.0
1994-11-11,5.75,6.13,5.75,5.87,8633.0,0.0,1.0,0.43801216257756315,0.4669590533218195,0.43801216257756315,0.4471532859704862,103596.0
1994-11-14,6.0,6.13,6.0,6.13,1617.0,0.0,1.0,0.4570561696461528,0.4669590533218195,0.4570561696461528,0.4669590533218195,19404.0
1994-11-15,6.25,6.25,5.75,6.25,3200.0,0.0,1.0,0.47610017671474253,0.47610017671474253,0.43801216257756315,0.47610017671474253,38400.0
1994-11-16,6.25,6.25,6.0,6.25,3467.0,0.0,1.0,0.47610017671474253,0.47610017671474253,0.4570561696461528,0.47610017671474253,41604.0
1994-11-17,6.25,6.25,6.25,6.25,17.0,0.0,1.0,0.47610017671474253,0.47610017671474253,0.47610017671474253,0.47610017671474253,204.0
1994-11-18,6.13,6.13,5.75,6.0,2567.0,0.0,1.0,0.4669590533218195,0.4669590533218195,0.43801216257756315,0.4570561696461528,30804.0
1994-11-21,5.75,6.0,5.75,6.0,4633.0,0.0,1.0,0.43801216257756315,0.4570561696461528,0.43801216257756315,0.4570561696461528,55596.0
1994-11-22,6.0,6.0,5.62,5.87,112817.0,0.0,1.0,0.4570561696461528,0.4570561696461528,0.4281092789018965,0.4471532859704862,1353804.0
1994-11-23,5.62,6.0,5.62,6.0,90950.0,0.0,1.0,0.4281092789018965,0.4570561696461528,0.4281092789018965,0.4570561696461528,1091400.0
1994-11-25,5.5,5.5,5.5,5.5,167.0,0.0,1.0,0.4189681555089734,0.4189681555089734,0.4189681555089734,0.4189681555089734,2004.0
1994-11-28,6.0,6.0,6.0,6.0,433.0,0.0,1.0,0.4570561696461528,0.4570561696461528,0.4570561696461528,0.4570561696461528,5196.0
1994-11-29,6.0,6.0,5.62,5.87,14400.0,0.0,1.0,0.4570561696461528,0.4570561696461528,0.4281092789018965,0.4471532859704862,172800.0
1994-11-30,5.87,5.87,5.87,5.87,0.0,0.0,1.0,0.4471532859704862,0.4471532859704862,0.4471532859704862,0.4471532859704862,0.0
1994-12-01,5.87,5.87,5.5,5.5,2417.0,0.0,1.0,0.4471532859704862,0.4471532859704862,0.4189681555089734,0.4189681555089734,29004.0
1994-12-02,6.0,6.0,5.38,5.38,5067.0,0.0,1.0,0.4570561696461528,0.4570561696461528,0.40982703211605037,0.40982703211605037,60804.0
1994-12-05,5.25,5.25,5.25,5.25,1167.0,0.0,1.0,0.3999241484403837,0.3999241484403837,0.3999241484403837,0.3999241484403837,14004.0
1994-12-06,5.25,5.25,5.25,5.25,0.0,0.0,1.0,0.3999241484403837,0.3999241484403837,0.3999241484403837,0.3999241484403837,0.0
1994-12-07,5.0,5.0,5.0,5.0,17.0,0.0,1.0,0.38088014137179405,0.38088014137179405,0.38088014137179405,0.38088014137179405,204.0
1994-12-08,5.0,5.0,5.0,5.0,550.0,0.0,1.0,0.38088014137179405,0.38088014137179405,0.38088014137179405,0.38088014137179405,6600.0
1994-12-09,5.0,5.75,4.75,5.25,24017.0,0.0,1.0,0.38088014137179405,0.43801216257756315,0.3618361343032043,0.3999241484403837,288204.0
1994-12-12,5.0,5.25,5.0,5.25,7200.0,0.0,1.0,0.38088014137179405,0.3999241484403837,0.38088014137179405,0.3999241484403837,86400.0
1994-12-13,5.25,5.25,4.75,4.75,5067.0,0.0,1.0,0.3999241484403837,0.3999241484403837,0.3618361343032043,0.3618361343032043,60804.0
1994-12-14,5.38,5.38,5.38,5.38,367.0,0.0,1.0,0.40982703211605037,0.40982703211605037,0.40982703211605037,0.40982703211605037,4404.0
1994-12-15,5.38,5.38,5.38,5.38,817.0,0.0,1.0,0.40982703211605037,0.40982703211605037,0.40982703211605037,0.40982703211605037,9804.0
1994-12-16,5.38,5.38,5.38,5.38,0.0,0.0,1.0,0.40982703211605037,0.40982703211605037,0.40982703211605037,0.40982703211605037,0.0
1994-12-19,4.5,4.75,4.12,4.75,13617.0,0.0,1.0,0.3427921272346146,0.3618361343032043,0.3138452364903583,0.3618361343032043,163404.0
1994-12-20,4.25,4.25,3.25,4.0,134033.0,0.0,1.0,0.32374812016602494,0.32374812016602494,0.24757209189166612,0.3047041130974352,1608396.0
1994-12-21,4.5,4.5,4.0,4.0,22417.0,0.0,1.0,0.3427921272346146,0.3427921272346146,0.3047041130974352,0.3047041130974352,269004.0
1994-12-22,4.25,4.25,4.25,4.25,433.0,0.0,1.0,0.32374812016602494,0.32374812016602494,0.32374812016602494,0.32374812016602494,5196.0
1994-12-23,4.12,4.37,3.75,4.37,13167.0,0.0,1.0,0.3138452364903583,0.332889243558948,0.2856601060288455,0.332889243558948,158004.0
1994-12-27,4.25,4.5,4.25,4.5,1767.0,0.0,1.0,0.32374812016602494,0.3427921272346146,0.32374812016602494,0.3427921272346146,21204.0
1994-12-28,5.0,5.0,4.63,4.88,13067.0,0.0,1.0,0.38088014137179405,0.38088014137179405,0.35269501091028127,0.371739017978871,156804.0
1994-12-29,5.25,5.25,4.5,4.69,22767.0,0.0,1.0,0.3999241484403837,0.3999241484403837,0.3427921272346146,0.35726557260674285,273204.0
1994-12-30,5.12,5.12,4.75,5.0,26567.0,0.0,1.0,0.3900212647647171,0.3900212647647171,0.3618361343032043,0.38088014137179405,318804.0
1995-01-03,5.0,5.0,4.75,4.75,5067.0,0.0,1.0,0.38088014137179405,0.38088014137179405,0.3618361343032043,0.3618361343032043,60804.0
1995-01-04,5.0,5.5,4.75,5.25,124550.0,0.0,1.0,0.38088014137179405,0.4189681555089734,0.3618361343032043,0.3999241484403837,1494600.0
1995-01-05,5.5,6.0,5.0,5.75,101617.0,0.0,1.0,0.4189681555089734,0.4570561696461528,0.38088014137179405,0.43801216257756315,1219404.0
1995-01-06,6.0,6.25,5.5,6.0,81767.0,0.0,1.0,0.4570561696461528,0.47610017671474253,0.4189681555089734,0.4570561696461528,981204.0
1995-01-09,6.25,6.5,6.0,6.0,68267.0,0.0,1.0,0.47610017671474253,0.49514418378333225,0.4570561696461528,0.4570561696461528,819204.0
1995-01-10,6.25,6.25,5.75,5.75,30950.0,0.0,1.0,0.47610017671474253,0.47610017671474253,0.43801216257756315,0.43801216257756315,371400.0
1995-01-11,6.0,6.13,5.87,6.0,7367.0,0.0,1.0,0.4570561696461528,0.4669590533218195,0.4471532859704862,0.4570561696461528,88404.0
1995-01-12,6.0,6.13,5.87,6.13,11833.0,0.0,1.0,0.4570561696461528,0.4669590533218195,0.4471532859704862,0.4669590533218195,141996.0
1995-01-13,5.62,6.25,5.62,5.62,1617.0,0.0,1.0,0.4281092789018965,0.47610017671474253,0.4281092789018965,0.4281092789018965,19404.0
1995-01-16,6.25,6.25,5.62,6.0,19367.0,0.0,1.0,0.47610017671474253,0.47610017671474253,0.4281092789018965,0.4570561696461528,232404.0
1995-01-17,6.25,6.25,6.0,6.25,3750.0,0.0,1.0,0.47610017671474253,0.47610017671474253,0.4570561696461528,0.47610017671474253,45000.0
1995-01-18,5.87,6.25,5.87,6.25,9233.0,0.0,1.0,0.4471532859704862,0.47610017671474253,0.4471532859704862,0.47610017671474253,110796.0
1995-01-19,6.0,6.5,6.0,6.5,6767.0,0.0,1.0,0.4570561696461528,0.49514418378333225,0.4570561696461528,0.49514418378333225,81204.0
1995-01-20,6.0,6.5,6.0,6.13,5067.0,0.0,1.0,0.4570561696461528,0.49514418378333225,0.4570561696461528,0.4669590533218195,60804.0
1995-01-23,6.5,6.5,6.13,6.25,13617.0,0.0,1.0,0.49514418378333225,0.49514418378333225,0.4669590533218195,0.47610017671474253,163404.0
1995-01-24,6.5,6.5,6.13,6.13,1967.0,0.0,1.0,0.49514418378333225,0.49514418378333225,0.4669590533218195,0.4669590533218195,23604.0
1995-01-25,6.5,6.5,6.25,6.5,2417.0,0.0,1.0,0.49514418378333225,0.49514418378333225,0.47610017671474253,0.49514418378333225,29004.0
1995-01-26,6.5,7.25,6.38,7.25,18833.0,0.0,1.0,0.49514418378333225,0.5522762049891013,0.4860030603904092,0.5522762049891013,225996.0
1995-01-27,7.75,8.0,7.25,7.63,48817.0,0.0,1.0,0.5903642191262808,0.6094082261948705,0.5522762049891013,0.5812230957333577,585804.0
1995-01-30,7.63,7.63,6.25,6.88,81867.0,0.0,1.0,0.5812230957333577,0.5812230957333577,0.47610017671474253,0.5240910745275886,982404.0
1995-01-31,6.88,6.88,6.25,6.75,39567.0,0.0,1.0,0.5240910745275886,0.5240910745275886,0.47610017671474253,0.5141881908519219,474804.0
1995-02-01,7.0,7.25,6.5,6.75,19367.0,0.0,1.0,0.5332321979205117,0.5522762049891013,0.49514418378333225,0.5141881908519219,232404.0
1995-02-02,7.25,7.25,6.75,6.75,10233.0,0.0,1.0,0.5522762049891013,0.5522762049891013,0.5141881908519219,0.5141881908519219,122796.0
1995-02-03,7.25,7.25,6.75,7.25,14950.0,0.0,1.0,0.5522762049891013,0.5522762049891013,0.5141881908519219,0.5522762049891013,179400.0
1995-02-06,6.75,7.25,6.75,6.88,13067.0,0.0,1.0,0.5141881908519219,0.5522762049891013,0.5141881908519219,0.5240910745275886,156804.0
1995-02-07,6.5,7.0,6.5,6.75,4817.0,0.0,1.0,0.49514418378333225,0.5332321979205117,0.49514418378333225,0.5141881908519219,57804.0
1995-02-08,7.0,7.0,6.5,6.75,6150.0,0.0,1.0,0.5332321979205117,0.5332321979205117,0.49514418378333225,0.5141881908519219,73800.0
1995-02-09,6.75,7.0,6.5,6.5,4167.0,0.0,1.0,0.5141881908519219,0.5332321979205117,0.49514418378333225,0.49514418378333225,50004.0
1995-02-10,7.0,7.0,6.75,6.75,1350.0,0.0,1.0,0.5332321979205117,0.5332321979205117,0.5141881908519219,0.5141881908519219,16200.0
1995-02-13,7.0,7.0,6.5,7.0,32017.0,0.0,1.0,0.5332321979205117,0.5332321979205117,0.49514418378333225,0.5332321979205117,384204.0
1995-02-14,7.0,7.0,7.0,7.0,800.0,0.0,1.0,0.5332321979205117,0.5332321979205117,0.5332321979205117,0.5332321979205117,9600.0
1995-02-15,7.0,7.0,6.5,6.75,6950.0,0.0,1.0,0.5332321979205117,0.5332321979205117,0.49514418378333225,0.5141881908519219,83400.0
1995-02-16,6.5,6.75,6.25,6.38,19833.0,0.0,1.0,0.49514418378333225,0.5141881908519219,0.47610017671474253,0.4860030603904092,237996.0
1995-02-17,6.5,6.5,6.25,6.25,62150.0,0.0,1.0,0.49514418378333225,0.49514418378333225,0.47610017671474253,0.47610017671474253,745800.0
1995-02-21,6.75,6.75,6.38,6.75,20367.0,0.0,1.0,0.5141881908519219,0.5141881908519219,0.4860030603904092,0.5141881908519219,244404.0
1995-02-22,6.5,6.75,6.5,6.62,32817.0,0.0,1.0,0.49514418378333225,0.5141881908519219,0.49514418378333225,0.5042853071762553,393804.0
1995-02-23,6.5,7.0,6.5,7.0,13617.0,0.0,1.0,0.49514418378333225,0.5332321979205117,0.49514418378333225,0.5332321979205117,163404.0
1995-02-24,7.0,7.0,6.5,6.5,1350.0,0.0,1.0,0.5332321979205117,0.5332321979205117,0.49514418378333225,0.49514418378333225,16200.0
1995-02-27,7.0,7.0,5.87,6.0,515033.0,0.0,1.0,0.5332321979205117,0.5332321979205117,0.4471532859704862,0.4570561696461528,6180396.0
1995-02-28,7.0,7.05,6.25,7.05,15200.0,0.0,1.0,0.5332321979205117,0.5370409993342296,0.47610017671474253,0.5370409993342296,182400.0
1995-03-01,7.0,7.0,6.25,6.5,1600.0,0.0,1.0,0.5332321979205117,0.5332321979205117,0.47610017671474253,0.49514418378333225,19200.0
1995-03-02,6.75,7.25,6.75,6.88,245233.0,0.0,1.0,0.5141881908519219,0.5522762049891013,0.5141881908519219,0.5240910745275886,2942796.0
1995-03-03,7.25,7.25,6.5,7.0,22150.0,0.0,1.0,0.5522762049891013,0.5522762049891013,0.49514418378333225,0.5332321979205117,265800.0
1995-03-06,7.0,7.0,6.5,7.0,11033.0,0.0,1.0,0.5332321979205117,0.5332321979205117,0.49514418378333225,0.5332321979205117,132396.0
1995-03-07,7.0,7.25,7.0,7.0,1617.0,0.0,1.0,0.5332321979205117,0.5522762049891013,0.5332321979205117,0.5332321979205117,19404.0
1995-03-08,7.25,7.25,6.5,6.75,6417.0,0.0,1.0,0.5522762049891013,0.5522762049891013,0.49514418378333225,0.5141881908519219,77004.0
1995-03-09,7.12,7.12,6.5,6.5,2567.0,0.0,1.0,0.5423733213134347,0.5423733213134347,0.49514418378333225,0.49514418378333225,30804.0
1995-03-10,7.12,7.12,6.5,6.62,11033.0,0.0,1.0,0.5423733213134347,0.5423733213134347,0.49514418378333225,0.5042853071762553,132396.0
1995-03-13,6.62,6.62,6.62,6.62,0.0,0.0,1.0,0.5042853071762553,0.5042853071762553,0.5042853071762553,0.5042853071762553,0.0
1995-03-14,6.5,7.0,6.5,6.75,2767.0,0.0,1.0,0.49514418378333225,0.5332321979205117,0.49514418378333225,0.5141881908519219,33204.0
1995-03-15,6.62,7.0,6.5,6.5,61967.0,0.0,1.0,0.5042853071762553,0.5332321979205117,0.49514418378333225,0.49514418378333225,743604.0
1995-03-16,7.0,7.0,6.5,6.5,32367.0,0.0,1.0,0.5332321979205117,0.5332321979205117,0.49514418378333225,0.49514418378333225,388404.0
1995-03-17,6.5,7.0,6.5,6.75,8017.0,0.0,1.0,0.49514418378333225,0.5332321979205117,0.49514418378333225,0.5141881908519219,96204.0
1995-03-20,6.5,6.75,6.25,6.75,83033.0,0.0,1.0,0.49514418378333225,0.5141881908519219,0.47610017671474253,0.5141881908519219,996396.0
1995-03-21,6.62,6.62,6.25,6.25,26833.0,0.0,1.0,0.5042853071762553,0.5042853071762553,0.47610017671474253,0.47610017671474253,321996.0
1995-03-22,6.25,6.38,6.25,6.38,267.0,0.0,1.0,0.47610017671474253,0.4860030603904092,0.47610017671474253,0.4860030603904092,3204.0
1995-03-23,7.0,7.0,6.25,6.25,66950.0,0.0,1.0,0.5332321979205117,0.5332321979205117,0.47610017671474253,0.47610017671474253,803400.0
1995-03-24,6.38,6.5,6.0,6.0,41867.0,0.0,1.0,0.4860030603904092,0.49514418378333225,0.4570561696461528,0.4570561696461528,502404.0
1995-03-27,6.0,6.5,6.0,6.5,4633.0,0.0,1.0,0.4570561696461528,0.49514418378333225,0.4570561696461528,0.49514418378333225,55596.0
1995-03-28,6.0,6.75,6.0,6.5,17867.0,0.0,1.0,0.4570561696461528,0.5141881908519219,0.4570561696461528,0.49514418378333225,214404.0
1995-03-29,6.0,6.38,5.87,5.87,116367.0,0.0,1.0,0.4570561696461528,0.4860030603904092,0.4471532859704862,0.4471532859704862,1396404.0
1995-03-30,6.25,6.5,5.87,5.87,5433.0,0.0,1.0,0.47610017671474253,0.49514418378333225,0.4471532859704862,0.4471532859704862,65196.0
1995-03-31,6.5,6.5,6.0,6.0,4433.0,0.0,1.0,0.49514418378333225,0.49514418378333225,0.4570561696461528,0.4570561696461528,53196.0
1995-04-03,6.13,6.13,6.0,6.0,5167.0,0.0,1.0,0.4669590533218195,0.4669590533218195,0.4570561696461528,0.4570561696461528,62004.0
1995-04-04,6.0,6.5,6.0,6.25,7750.0,0.0,1.0,0.4570561696461528,0.49514418378333225,0.4570561696461528,0.47610017671474253,93000.0
1995-04-05,6.25,6.38,6.0,6.13,27467.0,0.0,1.0,0.47610017671474253,0.4860030603904092,0.4570561696461528,0.4669590533218195,329604.0
1995-04-06,6.0,6.0,6.0,6.0,2567.0,0.0,1.0,0.4570561696461528,0.4570561696461528,0.4570561696461528,0.4570561696461528,30804.0
1995-04-07,6.0,6.0,6.0,6.0,6233.0,0.0,1.0,0.4570561696461528,0.4570561696461528,0.4570561696461528,0.4570561696461528,74796.0
1995-04-10,6.0,6.25,6.0,6.0,11467.0,0.0,1.0,0.4570561696461528,0.47610017671474253,0.4570561696461528,0.4570561696461528,137604.0
1995-04-11,6.13,6.5,6.0,6.0,102767.0,0.0,1.0,0.4669590533218195,0.49514418378333225,0.4570561696461528,0.4570561696461528,1233204.0
1995-04-12,6.0,6.0,6.0,6.0,17.0,0.0,1.0,0.4570561696461528,0.4570561696461528,0.4570561696461528,0.4570561696461528,204.0
1995-04-13,6.0,6.25,6.0,6.06,3367.0,0.0,1.0,0.4570561696461528,0.47610017671474253,0.4570561696461528,0.46162673134261434,40404.0
1995-04-17,5.87,6.25,5.87,6.25,4167.0,0.0,1.0,0.4471532859704862,0.47610017671474253,0.4471532859704862,0.47610017671474253,50004.0
1995-04-18,6.5,6.5,5.87,5.87,38233.0,0.0,1.0,0.49514418378333225,0.49514418378333225,0.4471532859704862,0.4471532859704862,458796.0
1995-04-19,6.38,6.5,5.87,6.38,64967.0,0.0,1.0,0.4860030603904092,0.49514418378333225,0.4471532859704862,0.4860030603904092,779604.0
1995-04-20,6.13,6.38,6.0,6.0,22767.0,0.0,1.0,0.4669590533218195,0.4860030603904092,0.4570561696461528,0.4570561696461528,273204.0
1995-04-21,6.0,6.38,6.0,6.38,5767.0,0.0,1.0,0.4570561696461528,0.4860030603904092,0.4570561696461528,0.4860030603904092,69204.0
1995-04-24,6.13,6.25,6.13,6.25,79833.0,0.0,1.0,0.4669590533218195,0.47610017671474253,0.4669590533218195,0.47610017671474253,957996.0
1995-04-25,6.13,6.38,6.0,6.0,152550.0,0.0,1.0,0.4669590533218195,0.4860030603904092,0.4570561696461528,0.4570561696461528,1830600.0
1995-04-26,6.13,6.25,5.87,6.0,196367.0,0.0,1.0,0.4669590533218195,0.47610017671474253,0.4471532859704862,0.4570561696461528,2356404.0
1995-04-27,6.13,6.13,5.87,6.0,109067.0,0.0,1.0,0.4669590533218195,0.4669590533218195,0.4471532859704862,0.4570561696461528,1308804.0
1995-04-28,6.0,6.13,5.87,5.87,25767.0,0.0,1.0,0.4570561696461528,0.4669590533218195,0.4471532859704862,0.4471532859704862,309204.0
1995-05-01,6.0,6.0,5.75,6.0,84367.0,0.0,1.0,0.4570561696461528,0.4570561696461528,0.43801216257756315,0.4570561696461528,1012404.0
1995-05-02,5.75,6.0,5.5,5.75,3750.0,0.0,1.0,0.43801216257756315,0.4570561696461528,0.4189681555089734,0.43801216257756315,45000.0
1995-05-03,5.62,5.87,5.62,5.87,15833.0,0.0,1.0,0.4281092789018965,0.4471532859704862,0.4281092789018965,0.4471532859704862,189996.0
1995-05-04,5.75,5.81,5.7,5.75,65167.0,0.0,1.0,0.43801216257756315,0.4425827242740246,0.4342033611638452,0.43801216257756315,782004.0
1995-05-05,6.0,6.0,5.75,6.0,94950.0,0.0,1.0,0.4570561696461528,0.4570561696461528,0.43801216257756315,0.4570561696461528,1139400.0
1995-05-08,6.0,6.0,6.0,6.0,2950.0,0.0,1.0,0.4570561696461528,0.4570561696461528,0.4570561696461528,0.4570561696461528,35400.0
1995-05-09,6.13,6.25,6.0,6.25,80167.0,0.0,1.0,0.4669590533218195,0.47610017671474253,0.4570561696461528,0.47610017671474253,962004.0
1995-05-10,6.13,6.5,6.13,6.25,2767.0,0.0,1.0,0.4669590533218195,0.49514418378333225,0.4669590533218195,0.47610017671474253,33204.0
1995-05-11,6.5,6.5,6.13,6.38,27467.0,0.0,1.0,0.49514418378333225,0.49514418378333225,0.4669590533218195,0.4860030603904092,329604.0
1995-05-12,6.62,6.75,6.25,6.75,49433.0,0.0,1.0,0.5042853071762553,0.5141881908519219,0.47610017671474253,0.5141881908519219,593196.0
1995-05-15,7.0,7.0,6.75,6.75,11750.0,0.0,1.0,0.5332321979205117,0.5332321979205117,0.5141881908519219,0.5141881908519219,141000.0
1995-05-16,6.5,7.0,6.5,6.75,6767.0,0.0,1.0,0.49514418378333225,0.5332321979205117,0.49514418378333225,0.5141881908519219,81204.0
1995-05-17,6.5,7.09,6.5,6.88,34417.0,0.0,1.0,0.49514418378333225,0.540088040465204,0.49514418378333225,0.5240910745275886,413004.0
1995-05-18,6.5,7.12,6.5,7.06,47750.0,0.0,1.0,0.49514418378333225,0.5423733213134347,0.49514418378333225,0.5378027596169731,573000.0
1995-05-19,6.75,7.0,6.5,6.62,30567.0,0.0,1.0,0.5141881908519219,0.5332321979205117,0.49514418378333225,0.5042853071762553,366804.0
1995-05-22,6.5,6.75,6.5,6.75,7467.0,0.0,1.0,0.49514418378333225,0.5141881908519219,0.49514418378333225,0.5141881908519219,89604.0
1995-05-23,7.0,7.12,6.88,7.06,5967.0,0.0,1.0,0.5332321979205117,0.5423733213134347,0.5240910745275886,0.5378027596169731,71604.0
1995-05-24,6.5,6.75,6.0,6.25,82950.0,0.0,1.0,0.49514418378333225,0.5141881908519219,0.4570561696461528,0.47610017671474253,995400.0
1995-05-25,6.0,6.25,6.0,6.25,10033.0,0.0,1.0,0.4570561696461528,0.47610017671474253,0.4570561696461528,0.47610017671474253,120396.0
1995-05-26,6.13,6.5,6.13,6.25,3467.0,0.0,1.0,0.4669590533218195,0.49514418378333225,0.4669590533218195,0.47610017671474253,41604.0
1995-05-30,6.13,6.5,6.13,6.13,53167.0,0.0,1.0,0.4669590533218195,0.49514418378333225,0.4669590533218195,0.4669590533218195,638004.0
1995-05-31,6.25,6.62,6.25,6.25,31367.0,0.0,1.0,0.47610017671474253,0.5042853071762553,0.47610017671474253,0.47610017671474253,376404.0
1995-06-01,6.62,6.62,6.5,6.5,36367.0,0.0,1.0,0.5042853071762553,0.5042853071762553,0.49514418378333225,0.49514418378333225,436404.0
1995-06-02,6.88,6.88,6.88,6.88,4633.0,0.0,1.0,0.5240910745275886,0.5240910745275886,0.5240910745275886,0.5240910745275886,55596.0
1995-06-05,7.0,7.0,6.5,6.5,4633.0,0.0,1.0,0.5332321979205117,0.5332321979205117,0.49514418378333225,0.49514418378333225,55596.0
1995-06-06,7.12,7.12,6.5,6.75,42417.0,0.0,1.0,0.5423733213134347,0.5423733213134347,0.49514418378333225,0.5141881908519219,509004.0
1995-06-07,6.88,7.0,6.5,6.62,10033.0,0.0,1.0,0.5240910745275886,0.5332321979205117,0.49514418378333225,0.5042853071762553,120396.0
1995-06-08,6.5,7.0,6.5,6.5,7750.0,0.0,1.0,0.49514418378333225,0.5332321979205117,0.49514418378333225,0.49514418378333225,93000.0
1995-06-09,6.25,6.75,6.25,6.25,8433.0,0.0,1.0,0.47610017671474253,0.5141881908519219,0.47610017671474253,0.47610017671474253,101196.0
1995-06-12,6.5,6.75,6.25,6.5,20367.0,0.0,1.0,0.49514418378333225,0.5141881908519219,0.47610017671474253,0.49514418378333225,244404.0
1995-06-13,6.5,6.5,6.25,6.25,28817.0,0.0,1.0,0.49514418378333225,0.49514418378333225,0.47610017671474253,0.47610017671474253,345804.0
1995-06-14,6.75,6.75,6.25,6.75,1767.0,0.0,1.0,0.5141881908519219,0.5141881908519219,0.47610017671474253,0.5141881908519219,21204.0
1995-06-15,6.25,6.75,6.25,6.5,48267.0,0.0,1.0,0.47610017671474253,0.5141881908519219,0.47610017671474253,0.49514418378333225,579204.0
1995-06-16,6.38,6.5,6.0,6.25,48367.0,0.0,1.0,0.4860030603904092,0.49514418378333225,0.4570561696461528,0.47610017671474253,580404.0
1995-06-19,6.25,6.75,6.25,6.56,5433.0,0.0,1.0,0.47610017671474253,0.5141881908519219,0.47610017671474253,0.4997147454797937,65196.0
1995-06-20,6.75,7.0,6.5,6.88,144817.0,0.0,1.0,0.5141881908519219,0.5332321979205117,0.49514418378333225,0.5240910745275886,1737804.0
1995-06-21,7.0,7.19,6.75,7.06,69617.0,0.0,1.0,0.5332321979205117,0.5477056432926398,0.5141881908519219,0.5378027596169731,835404.0
1995-06-22,7.12,7.12,6.75,7.12,36800.0,0.0,1.0,0.5423733213134347,0.5423733213134347,0.5141881908519219,0.5423733213134347,441600.0
1995-06-23,7.12,7.12,6.75,7.0,23200.0,0.0,1.0,0.5423733213134347,0.5423733213134347,0.5141881908519219,0.5332321979205117,278400.0
1995-06-26,7.12,7.12,6.88,7.0,77433.0,0.0,1.0,0.5423733213134347,0.5423733213134347,0.5240910745275886,0.5332321979205117,929196.0
1995-06-27,7.0,7.0,6.75,6.75,1767.0,0.0,1.0,0.5332321979205117,0.5332321979205117,0.5141881908519219,0.5141881908519219,21204.0
1995-06-28,6.75,7.19,6.75,7.19,10150.0,0.0,1.0,0.5141881908519219,0.5477056432926398,0.5141881908519219,0.5477056432926398,121800.0
1995-06-29,7.25,7.25,6.75,7.0,10833.0,0.0,1.0,0.5522762049891013,0.5522762049891013,0.5141881908519219,0.5332321979205117,129996.0
1995-06-30,7.0,7.12,6.75,7.12,32267.0,0.0,1.0,0.5332321979205117,0.5423733213134347,0.5141881908519219,0.5423733213134347,387204.0
1995-07-03,6.75,7.25,6.75,7.0,2767.0,0.0,1.0,0.5141881908519219,0.5522762049891013,0.5141881908519219,0.5332321979205117,33204.0
1995-07-05,7.25,7.25,7.0,7.25,6767.0,0.0,1.0,0.5522762049891013,0.5522762049891013,0.5332321979205117,0.5522762049891013,81204.0
1995-07-06,7.25,7.25,6.88,6.88,8967.0,0.0,1.0,0.5522762049891013,0.5522762049891013,0.5240910745275886,0.5240910745275886,107604.0
1995-07-07,6.88,7.37,6.88,6.88,138767.0,0.0,1.0,0.5240910745275886,0.5614173283820244,0.5240910745275886,0.5240910745275886,1665204.0
1995-07-10,7.12,7.12,6.75,6.75,10950.0,0.0,1.0,0.5423733213134347,0.5423733213134347,0.5141881908519219,0.5141881908519219,131400.0
1995-07-11,6.75,7.12,6.75,6.75,30767.0,0.0,1.0,0.5141881908519219,0.5423733213134347,0.5141881908519219,0.5141881908519219,369204.0
1995-07-12,7.12,7.12,6.75,7.06,95833.0,0.0,1.0,0.5423733213134347,0.5423733213134347,0.5141881908519219,0.5378027596169731,1149996.0
1995-07-13,7.12,7.12,6.75,7.06,191750.0,0.0,1.0,0.5423733213134347,0.5423733213134347,0.5141881908519219,0.5378027596169731,2301000.0
1995-07-14,7.12,8.0,6.88,7.81,485600.0,0.0,1.0,0.5423733213134347,0.6094082261948705,0.5240910745275886,0.5949347808227422,5827200.0
1995-07-17,8.0,10.25,7.88,10.0,2055033.0,0.0,1.0,0.6094082261948705,0.7808042898121778,0.6002671028019474,0.7617602827435881,24660396.0
1995-07-18,10.37,10.5,9.25,9.75,636817.0,0.0,1.0,0.7899454132051008,0.7998482968807674,0.704628261537819,0.7427162756749983,7641804.0
1995-07-19,9.5,9.5,8.38,8.75,229167.0,0.0,1.0,0.7236722686064087,0.7236722686064087,0.6383551169391268,0.6665402474006396,2750004.0
1995-07-20,9.25,9.75,8.75,9.5,333767.0,0.0,1.0,0.704628261537819,0.7427162756749983,0.6665402474006396,0.7236722686064087,4005204.0
1995-07-21,9.5,11.0,9.25,9.38,362667.0,0.0,1.0,0.7236722686064087,0.8379363110179469,0.704628261537819,0.7145311452134857,4352004.0
1995-07-24,9.5,10.75,9.0,10.12,200633.0,0.0,1.0,0.7236722686064087,0.8188923039493572,0.6855842544692292,0.770901406136511,2407596.0
1995-07-25,10.37,11.0,10.0,10.63,249233.0,0.0,1.0,0.7899454132051008,0.8379363110179469,0.7617602827435881,0.8097511805564341,2990796.0
1995-07-26,10.75,11.0,10.25,10.5,222033.0,0.0,1.0,0.8188923039493572,0.8379363110179469,0.7808042898121778,0.7998482968807674,2664396.0
1995-07-27,11.0,11.5,10.5,11.25,339033.0,0.0,1.0,0.8379363110179469,0.8760243251551263,0.7998482968807674,0.8569803180865365,4068396.0
1995-07-28,11.5,11.87,11.25,11.62,335033.0,0.0,1.0,0.8760243251551263,0.904209455616639,0.8569803180865365,0.8851654485480492,4020396.0
1995-07-31,11.75,11.75,10.25,10.5,186150.0,0.0,1.0,0.895068332223716,0.895068332223716,0.7808042898121778,0.7998482968807674,2233800.0
1995-08-01,11.0,11.75,10.5,11.72,273067.0,0.0,1.0,0.8379363110179469,0.895068332223716,0.7998482968807674,0.8927830513754853,3276804.0
1995-08-02,11.75,11.75,10.75,11.19,101350.0,0.0,1.0,0.895068332223716,0.895068332223716,0.8188923039493572,0.852409756390075,1216200.0
1995-08-03,11.0,11.25,10.25,10.97,121617.0,0.0,1.0,0.8379363110179469,0.8569803180865365,0.7808042898121778,0.8356510301697162,1459404.0
1995-08-04,11.0,11.75,10.75,11.25,236167.0,0.0,1.0,0.8379363110179469,0.895068332223716,0.8188923039493572,0.8569803180865365,2834004.0
1995-08-07,11.5,11.5,11.12,11.44,214667.0,0.0,1.0,0.8760243251551263,0.8760243251551263,0.8470774344108699,0.8714537634586647,2576004.0
1995-08-08,11.5,11.5,11.0,11.5,151467.0,0.0,1.0,0.8760243251551263,0.8760243251551263,0.8379363110179469,0.8760243251551263,1817604.0
1995-08-09,11.5,13.0,11.25,12.88,732550.0,0.0,1.0,0.8760243251551263,0.9902883675666645,0.8569803180865365,0.9811472441737414,8790600.0
1995-08-10,12.75,13.0,12.25,12.62,101967.0,0.0,1.0,0.9712443604980748,0.9902883675666645,0.9331563463608954,0.9613414768224081,1223604.0
1995-08-11,13.25,13.5,12.5,12.62,173350.0,0.0,1.0,1.0093323746352543,1.0283763817038438,0.9522003534294851,0.9613414768224081,2080200.0
1995-08-14,12.75,13.0,12.25,12.84,93600.0,0.0,1.0,0.9712443604980748,0.9902883675666645,0.9331563463608954,0.978100203042767,1123200.0
1995-08-15,13.0,13.0,11.5,11.75,111200.0,0.0,1.0,0.9902883675666645,0.9902883675666645,0.8760243251551263,0.895068332223716,1334400.0
1995-08-16,11.25,12.0,11.0,11.75,70833.0,0.0,1.0,0.8569803180865365,0.9141123392923056,0.8379363110179469,0.895068332223716,849996.0
1995-08-17,11.25,12.5,11.25,12.0,48967.0,0.0,1.0,0.8569803180865365,0.9522003534294851,0.8569803180865365,0.9141123392923056,587604.0
1995-08-18,11.75,12.5,11.75,12.13,50667.0,0.0,1.0,0.895068332223716,0.9522003534294851,0.895068332223716,0.9240152229679723,608004.0
1995-08-21,12.25,12.75,12.0,12.25,61600.0,0.0,1.0,0.9331563463608954,0.9712443604980748,0.9141123392923056,0.9331563463608954,739200.0
1995-08-22,12.25,14.0,12.25,13.5,501600.0,0.0,1.0,0.9331563463608954,1.0664643958410234,0.9331563463608954,1.0283763817038438,6019200.0
1995-08-23,13.75,15.0,13.5,14.38,423633.0,0.0,1.0,1.0474203887724336,1.142640424115382,1.0283763817038438,1.0954112865852796,5083596.0
1995-08-24,14.5,14.5,14.0,14.25,225967.0,0.0,1.0,1.1045524099782027,1.1045524099782027,1.0664643958410234,1.085508402909613,2711604.0
1995-08-25,14.12,14.87,14.0,14.12,170150.0,0.0,1.0,1.0756055192339462,1.1327375404397153,1.0664643958410234,1.0756055192339462,2041800.0
1995-08-28,14.5,14.5,14.0,14.0,65067.0,0.0,1.0,1.1045524099782027,1.1045524099782027,1.0664643958410234,1.0664643958410234,780804.0
1995-08-29,14.0,14.0,12.75,13.25,198033.0,0.0,1.0,1.0664643958410234,1.0664643958410234,0.9712443604980748,1.0093323746352543,2376396.0
1995-08-30,13.12,13.75,13.0,13.5,39750.0,0.0,1.0,0.9994294909595874,1.0474203887724336,0.9902883675666645,1.0283763817038438,477000.0
1995-08-31,13.25,13.75,13.25,13.5,25433.0,0.0,1.0,1.0093323746352543,1.0474203887724336,1.0093323746352543,1.0283763817038438,305196.0
1995-09-01,13.75,14.62,13.5,14.5,208550.0,0.0,1.0,1.0474203887724336,1.1136935333711258,1.0283763817038438,1.1045524099782027,2502600.0
1995-09-05,14.62,15.25,14.25,14.94,724017.0,0.0,1.0,1.1136935333711258,1.1616844311839718,1.085508402909613,1.1380698624189205,8688204.0
1995-09-06,15.25,15.5,14.75,15.06,248167.0,0.0,1.0,1.1616844311839718,1.1807284382525616,1.1235964170467925,1.1472109858118436,2978004.0
1995-09-07,15.5,18.75,15.25,18.0,891367.0,0.0,1.0,1.1807284382525616,1.4283005301442275,1.1616844311839718,1.3711685089384584,10696404.0
1995-09-08,18.25,18.75,18.0,18.38,431367.0,0.0,1.0,1.3902125160070482,1.4283005301442275,1.3711685089384584,1.4001153996827147,5176404.0
1995-09-11,18.5,18.5,17.62,18.0,298667.0,0.0,1.0,1.409256523075638,1.409256523075638,1.3422216181942022,1.3711685089384584,3584004.0
1995-09-12,17.87,18.5,17.87,18.25,188367.0,0.0,1.0,1.361265625262792,1.409256523075638,1.361265625262792,1.3902125160070482,2260404.0
1995-09-13,18.0,18.75,18.0,18.75,240817.0,0.0,1.0,1.3711685089384584,1.4283005301442275,1.3711685089384584,1.4283005301442275,2889804.0
1995-09-14,19.0,19.0,18.5,18.5,68000.0,0.0,1.0,1.4473445372128173,1.4473445372128173,1.409256523075638,1.409256523075638,816000.0
1995-09-15,19.0,19.0,17.75,18.0,172000.0,0.0,1.0,1.4473445372128173,1.4473445372128173,1.3521245018698689,1.3711685089384584,2064000.0
1995-09-18,17.87,18.5,17.62,18.5,144167.0,0.0,1.0,1.361265625262792,1.409256523075638,1.3422216181942022,1.409256523075638,1730004.0
1995-09-19,18.5,20.12,18.13,19.75,303200.0,0.0,1.0,1.409256523075638,1.5326616888800992,1.3810713926141251,1.5044765584185864,3638400.0
1995-09-20,19.75,20.12,19.0,19.75,1152433.0,0.0,1.0,1.5044765584185864,1.5326616888800992,1.4473445372128173,1.5044765584185864,13829196.0
1995-09-21,19.63,19.75,18.75,19.25,102667.0,0.0,1.0,1.4953354350256634,1.5044765584185864,1.4283005301442275,1.466388544281407,1232004.0
1995-09-22,18.75,18.75,18.0,18.62,188967.0,0.0,1.0,1.4283005301442275,1.4283005301442275,1.3711685089384584,1.418397646468561,2267604.0
1995-09-25,18.75,18.75,17.75,18.13,128633.0,0.0,1.0,1.4283005301442275,1.4283005301442275,1.3521245018698689,1.3810713926141251,1543596.0
1995-09-26,18.0,18.25,16.25,16.5,199367.0,0.0,1.0,1.3711685089384584,1.3902125160070482,1.2378604594583307,1.2569044665269202,2392404.0
1995-09-27,16.5,16.75,14.5,15.25,505350.0,0.0,1.0,1.2569044665269202,1.27594847359551,1.1045524099782027,1.1616844311839718,6064200.0
1995-09-28,15.75,16.5,15.5,16.25,371750.0,0.0,1.0,1.1997724453211511,1.2569044665269202,1.1807284382525616,1.2378604594583307,4461000.0
1995-09-29,16.63,16.63,15.75,15.88,196550.0,0.0,1.0,1.266807350202587,1.266807350202587,1.1997724453211511,1.2096753289968178,2358600.0
1995-10-02,15.88,16.25,15.0,15.0,86233.0,0.0,1.0,1.2096753289968178,1.2378604594583307,1.142640424115382,1.142640424115382,1034796.0
1995-10-03,14.87,15.25,14.0,14.62,259833.0,0.0,1.0,1.1327375404397153,1.1616844311839718,1.0664643958410234,1.1136935333711258,3117996.0
1995-10-04,14.38,14.38,13.63,14.38,236267.0,0.0,1.0,1.0954112865852796,1.0954112865852796,1.0382792653795105,1.0954112865852796,2835204.0
1995-10-05,13.88,15.5,13.88,15.0,105167.0,0.0,1.0,1.0573232724481003,1.1807284382525616,1.0573232724481003,1.142640424115382,1262004.0
1995-10-06,15.25,15.5,15.0,15.5,144433.0,0.0,1.0,1.1616844311839718,1.1807284382525616,1.142640424115382,1.1807284382525616,1733196.0
1995-10-09,15.5,15.5,14.38,14.38,765433.0,0.0,1.0,1.1807284382525616,1.1807284382525616,1.0954112865852796,1.0954112865852796,9185196.0
1995-10-10,14.38,14.62,13.12,14.5,339467.0,0.0,1.0,1.0954112865852796,1.1136935333711258,0.9994294909595874,1.1045524099782027,4073604.0
1995-10-11,14.5,15.0,14.5,14.62,59467.0,0.0,1.0,1.1045524099782027,1.142640424115382,1.1045524099782027,1.1136935333711258,713604.0
1995-10-12,15.38,16.0,15.25,15.38,100433.0,0.0,1.0,1.1715873148596385,1.218816452389741,1.1616844311839718,1.1715873148596385,1205196.0
1995-10-13,15.75,15.75,14.87,14.87,74033.0,0.0,1.0,1.1997724453211511,1.1997724453211511,1.1327375404397153,1.1327375404397153,888396.0
1995-10-16,14.87,15.13,14.87,14.87,46667.0,0.0,1.0,1.1327375404397153,1.1525433077910487,1.1327375404397153,1.1327375404397153,560004.0
1995-10-17,15.13,16.25,14.87,16.25,168800.0,0.0,1.0,1.1525433077910487,1.2378604594583307,1.1327375404397153,1.2378604594583307,2025600.0
1995-10-18,16.75,17.62,16.25,17.25,476000.0,0.0,1.0,1.27594847359551,1.3422216181942022,1.2378604594583307,1.3140364877326893,5712000.0
1995-10-19,18.0,18.62,17.75,18.5,435567.0,0.0,1.0,1.3711685089384584,1.418397646468561,1.3521245018698689,1.409256523075638,5226804.0
1995-10-20,18.88,19.0,17.12,17.38,160167.0,0.0,1.0,1.4382034138198942,1.4473445372128173,1.3041336040570228,1.323939371408356,1922004.0
1995-10-23,16.63,17.12,16.0,16.0,101600.0,0.0,1.0,1.266807350202587,1.3041336040570228,1.218816452389741,1.218816452389741,1219200.0
1995-10-24,17.62,18.5,17.12,17.56,345067.0,0.0,1.0,1.3422216181942022,1.409256523075638,1.3041336040570228,1.3376510564977406,4140804.0
1995-10-25,18.0,18.0,17.0,17.0,137767.0,0.0,1.0,1.3711685089384584,1.3711685089384584,1.2949924806640998,1.2949924806640998,1653204.0
1995-10-26,17.0,17.25,15.38,15.88,159633.0,0.0,1.0,1.2949924806640998,1.3140364877326893,1.1715873148596385,1.2096753289968178,1915596.0
1995-10-27,16.0,16.75,15.75,16.25,54667.0,0.0,1.0,1.218816452389741,1.27594847359551,1.1997724453211511,1.2378604594583307,656004.0
1995-10-30,16.25,17.87,16.25,17.5,207367.0,0.0,1.0,1.2378604594583307,1.361265625262792,1.2378604594583307,1.333080494801279,2488404.0
1995-10-31,17.75,17.75,16.75,16.75,86833.0,0.0,1.0,1.3521245018698689,1.3521245018698689,1.27594847359551,1.27594847359551,1041996.0
1995-11-01,17.25,17.25,15.38,15.62,112000.0,0.0,1.0,1.3140364877326893,1.3140364877326893,1.1715873148596385,1.1898695616454844,1344000.0
1995-11-02,15.5,16.75,15.5,16.5,118567.0,0.0,1.0,1.1807284382525616,1.27594847359551,1.1807284382525616,1.2569044665269202,1422804.0
1995-11-03,16.63,17.38,16.25,16.75,120967.0,0.0,1.0,1.266807350202587,1.323939371408356,1.2378604594583307,1.27594847359551,1451604.0
1995-11-06,17.12,17.12,16.5,16.5,119633.0,0.0,1.0,1.3041336040570228,1.3041336040570228,1.2569044665269202,1.2569044665269202,1435596.0
1995-11-07,16.5,17.0,16.5,16.75,153867.0,0.0,1.0,1.2569044665269202,1.2949924806640998,1.2569044665269202,1.27594847359551,1846404.0
1995-11-08,17.12,17.38,16.88,16.88,51833.0,0.0,1.0,1.3041336040570228,1.323939371408356,1.2858513572711765,1.2858513572711765,621996.0
1995-11-09,16.88,17.25,16.88,17.06,19467.0,0.0,1.0,1.2858513572711765,1.3140364877326893,1.2858513572711765,1.299563042360561,233604.0
1995-11-10,16.88,17.25,16.88,16.88,39367.0,0.0,1.0,1.2858513572711765,1.3140364877326893,1.2858513572711765,1.2858513572711765,472404.0
1995-11-13,16.88,17.25,16.75,16.81,86833.0,0.0,1.0,1.2858513572711765,1.3140364877326893,1.27594847359551,1.2805190352919715,1041996.0
1995-11-14,16.75,16.75,16.0,16.25,45067.0,0.0,1.0,1.27594847359551,1.27594847359551,1.218816452389741,1.2378604594583307,540804.0
1995-11-15,16.0,16.5,16.0,16.0,55750.0,0.0,1.0,1.218816452389741,1.2569044665269202,1.218816452389741,1.218816452389741,669000.0
1995-11-16,16.0,16.5,16.0,16.12,124000.0,0.0,1.0,1.218816452389741,1.2569044665269202,1.218816452389741,1.227957575782664,1488000.0
1995-11-17,16.0,16.5,16.0,16.37,119567.0,0.0,1.0,1.218816452389741,1.2569044665269202,1.218816452389741,1.2470015828512537,1434804.0
1995-11-20,16.25,16.63,15.62,15.75,119750.0,0.0,1.0,1.2378604594583307,1.266807350202587,1.1898695616454844,1.1997724453211511,1437000.0
1995-11-21,15.75,15.88,14.25,15.0,269233.0,0.0,1.0,1.1997724453211511,1.2096753289968178,1.085508402909613,1.142640424115382,3230796.0
1995-11-22,15.0,15.25,14.75,15.13,72550.0,0.0,1.0,1.142640424115382,1.1616844311839718,1.1235964170467925,1.1525433077910487,870600.0
1995-11-24,15.13,15.13,15.13,15.13,0.0,0.0,1.0,1.1525433077910487,1.1525433077910487,1.1525433077910487,1.1525433077910487,0.0
1995-11-27,15.13,15.13,14.38,14.62,47833.0,0.0,1.0,1.1525433077910487,1.1525433077910487,1.0954112865852796,1.1136935333711258,573996.0
1995-11-28,14.75,15.13,14.38,14.87,40817.0,0.0,1.0,1.1235964170467925,1.1525433077910487,1.0954112865852796,1.1327375404397153,489804.0
1995-11-29,14.98,16.88,14.75,16.75,180000.0,0.0,1.0,1.141116903549895,1.2858513572711765,1.1235964170467925,1.27594847359551,2160000.0
1995-11-30,16.5,17.75,16.5,17.62,138400.0,0.0,1.0,1.2569044665269202,1.3521245018698689,1.2569044665269202,1.3422216181942022,1660800.0
1995-12-01,17.25,17.75,15.75,16.0,128817.0,0.0,1.0,1.3140364877326893,1.3521245018698689,1.1997724453211511,1.218816452389741,1545804.0
1995-12-04,15.75,16.25,14.81,16.0,160817.0,0.0,1.0,1.1997724453211511,1.2378604594583307,1.128166978743254,1.218816452389741,1929804.0
1995-12-05,16.25,16.25,15.0,15.25,136367.0,0.0,1.0,1.2378604594583307,1.2378604594583307,1.142640424115382,1.1616844311839718,1636404.0
1995-12-06,15.62,15.62,14.87,15.0,85617.0,0.0,1.0,1.1898695616454844,1.1898695616454844,1.1327375404397153,1.142640424115382,1027404.0
1995-12-07,15.13,15.5,14.75,14.87,192167.0,0.0,1.0,1.1525433077910487,1.1807284382525616,1.1235964170467925,1.1327375404397153,2306004.0
1995-12-08,14.5,14.75,12.0,12.75,482667.0,0.0,1.0,1.1045524099782027,1.1235964170467925,0.9141123392923056,0.9712443604980748,5792004.0
1995-12-11,13.12,13.12,9.5,10.63,1638150.0,0.0,1.0,0.9994294909595874,0.9994294909595874,0.7236722686064087,0.8097511805564341,19657800.0
1995-12-12,10.63,11.38,9.75,11.0,934667.0,0.0,1.0,0.8097511805564341,0.8668832017622032,0.7427162756749983,0.8379363110179469,11216004.0
1995-12-13,11.5,11.62,10.37,10.88,410833.0,0.0,1.0,0.8760243251551263,0.8851654485480492,0.7899454132051008,0.8287951876250239,4929996.0
1995-12-14,10.88,11.12,9.81,10.0,425433.0,0.0,1.0,0.8287951876250239,0.8470774344108699,0.74728683737146,0.7617602827435881,5105196.0
1995-12-15,10.12,10.12,8.87,9.13,392967.0,0.0,1.0,0.770901406136511,0.770901406136511,0.6756813707935625,0.6954871381448959,4715604.0
1995-12-18,8.87,9.38,8.0,8.12,519750.0,0.0,1.0,0.6756813707935625,0.7145311452134857,0.6094082261948705,0.6185493495877934,6237000.0
1995-12-19,8.38,9.5,8.12,9.13,589600.0,0.0,1.0,0.6383551169391268,0.7236722686064087,0.6185493495877934,0.6954871381448959,7075200.0
1995-12-20,9.38,10.0,9.38,9.62,460800.0,0.0,1.0,0.7145311452134857,0.7617602827435881,0.7145311452134857,0.7328133919993317,5529600.0
1995-12-21,9.75,11.0,9.62,10.37,276433.0,0.0,1.0,0.7427162756749983,0.8379363110179469,0.7328133919993317,0.7899454132051008,3317196.0
1995-12-22,10.63,10.88,10.37,10.5,115367.0,0.0,1.0,0.8097511805564341,0.8287951876250239,0.7899454132051008,0.7998482968807674,1384404.0
1995-12-26,10.75,11.5,10.5,10.75,159467.0,0.0,1.0,0.8188923039493572,0.8760243251551263,0.7998482968807674,0.8188923039493572,1913604.0
1995-12-27,11.0,11.0,10.5,10.75,46033.0,0.0,1.0,0.8379363110179469,0.8379363110179469,0.7998482968807674,0.8188923039493572,552396.0
1995-12-28,10.37,10.63,10.12,10.37,50667.0,0.0,1.0,0.7899454132051008,0.8097511805564341,0.770901406136511,0.7899454132051008,608004.0
1995-12-29,10.63,12.25,10.25,11.0,172167.0,0.0,1.0,0.8097511805564341,0.9331563463608954,0.7808042898121778,0.8379363110179469,2066004.0
1996-01-02,11.38,12.0,10.75,11.5,146033.0,0.0,1.0,0.8668832017622032,0.9141123392923056,0.8188923039493572,0.8760243251551263,1752396.0
1996-01-03,12.0,12.0,11.5,11.5,27467.0,0.0,1.0,0.9141123392923056,0.9141123392923056,0.8760243251551263,0.8760243251551263,329604.0
1996-01-04,11.69,11.87,10.0,10.12,216267.0,0.0,1.0,0.8904977705272544,0.904209455616639,0.7617602827435881,0.770901406136511,2595204.0
1996-01-05,9.75,11.12,9.75,11.0,136267.0,0.0,1.0,0.7427162756749983,0.8470774344108699,0.7427162756749983,0.8379363110179469,1635204.0
1996-01-08,11.0,11.5,11.0,11.0,16433.0,0.0,1.0,0.8379363110179469,0.8760243251551263,0.8379363110179469,0.8379363110179469,197196.0
1996-01-09,11.5,11.75,9.0,9.38,671633.0,0.0,1.0,0.8760243251551263,0.895068332223716,0.6855842544692292,0.7145311452134857,8059596.0
1996-01-10,9.5,10.5,9.13,10.0,127033.0,0.0,1.0,0.7236722686064087,0.7998482968807674,0.6954871381448959,0.7617602827435881,1524396.0
1996-01-11,10.37,10.75,10.12,10.12,67200.0,0.0,1.0,0.7899454132051008,0.8188923039493572,0.770901406136511,0.770901406136511,806400.0
1996-01-12,10.75,11.0,10.44,10.75,134150.0,0.0,1.0,0.8188923039493572,0.8379363110179469,0.7952777351843059,0.8188923039493572,1609800.0
1996-01-15,10.75,10.75,10.37,10.37,27200.0,0.0,1.0,0.8188923039493572,0.8188923039493572,0.7899454132051008,0.7899454132051008,326400.0
1996-01-16,10.37,10.75,9.62,10.12,50950.0,0.0,1.0,0.7899454132051008,0.8188923039493572,0.7328133919993317,0.770901406136511,611400.0
1996-01-17,10.12,10.5,9.75,10.5,43367.0,0.0,1.0,0.770901406136511,0.7998482968807674,0.7427162756749983,0.7998482968807674,520404.0
1996-01-18,10.5,10.5,9.5,9.75,94767.0,0.0,1.0,0.7998482968807674,0.7998482968807674,0.7236722686064087,0.7427162756749983,1137204.0
1996-01-19,10.0,10.25,9.62,10.25,73350.0,0.0,1.0,0.7617602827435881,0.7808042898121778,0.7328133919993317,0.7808042898121778,880200.0
1996-01-22,9.75,10.25,9.75,9.88,40550.0,0.0,1.0,0.7427162756749983,0.7808042898121778,0.7427162756749983,0.752619159350665,486600.0
1996-01-23,9.38,9.62,8.5,8.62,323567.0,0.0,1.0,0.7145311452134857,0.7328133919993317,0.6474962403320499,0.6566373637249728,3882804.0
1996-01-24,9.75,10.5,9.62,10.0,434667.0,0.0,1.0,0.7427162756749983,0.7998482968807674,0.7328133919993317,0.7617602827435881,5216004.0
1996-01-25,10.25,11.87,9.88,11.62,430150.0,0.0,1.0,0.7808042898121778,0.904209455616639,0.752619159350665,0.8851654485480492,5161800.0
1996-01-26,11.62,11.62,11.0,11.25,175367.0,0.0,1.0,0.8851654485480492,0.8851654485480492,0.8379363110179469,0.8569803180865365,2104404.0
1996-01-29,11.5,12.25,11.12,11.87,132367.0,0.0,1.0,0.8760243251551263,0.9331563463608954,0.8470774344108699,0.904209455616639,1588404.0
1996-01-30,12.5,13.0,11.75,12.38,414950.0,0.0,1.0,0.9522003534294851,0.9902883675666645,0.895068332223716,0.9430592300365621,4979400.0
1996-01-31,12.5,13.75,12.13,13.5,496367.0,0.0,1.0,0.9522003534294851,1.0474203887724336,0.9240152229679723,1.0283763817038438,5956404.0
1996-02-01,13.75,14.25,13.63,14.0,375033.0,0.0,1.0,1.0474203887724336,1.085508402909613,1.0382792653795105,1.0664643958410234,4500396.0
1996-02-02,13.88,14.12,13.37,13.5,208633.0,0.0,1.0,1.0573232724481003,1.0756055192339462,1.018473498028177,1.0283763817038438,2503596.0
1996-02-05,13.75,13.75,13.25,13.5,40000.0,0.0,1.0,1.0474203887724336,1.0474203887724336,1.0093323746352543,1.0283763817038438,480000.0
1996-02-06,13.25,13.31,12.25,12.88,435367.0,0.0,1.0,1.0093323746352543,1.0139029363317158,0.9331563463608954,0.9811472441737414,5224404.0
1996-02-07,12.62,13.0,12.62,12.88,49617.0,0.0,1.0,0.9613414768224081,0.9902883675666645,0.9613414768224081,0.9811472441737414,595404.0
1996-02-08,12.88,13.0,12.38,12.38,96267.0,0.0,1.0,0.9811472441737414,0.9902883675666645,0.9430592300365621,0.9430592300365621,1155204.0
1996-02-09,12.38,12.62,11.87,12.0,57433.0,0.0,1.0,0.9430592300365621,0.9613414768224081,0.904209455616639,0.9141123392923056,689196.0
1996-02-12,12.62,13.75,12.38,13.63,282400.0,0.0,1.0,0.9613414768224081,1.0474203887724336,0.9430592300365621,1.0382792653795105,3388800.0
1996-02-13,13.5,14.12,13.12,13.5,239633.0,0.0,1.0,1.0283763817038438,1.0756055192339462,0.9994294909595874,1.0283763817038438,2875596.0
1996-02-14,13.75,13.88,13.37,13.75,136633.0,0.0,1.0,1.0474203887724336,1.0573232724481003,1.018473498028177,1.0474203887724336,1639596.0
1996-02-15,13.75,13.75,13.5,13.5,44167.0,0.0,1.0,1.0474203887724336,1.0474203887724336,1.0283763817038438,1.0283763817038438,530004.0
1996-02-16,13.5,13.63,12.25,12.5,114950.0,0.0,1.0,1.0283763817038438,1.0382792653795105,0.9331563463608954,0.9522003534294851,1379400.0
1996-02-20,13.25,13.63,12.75,13.12,189617.0,0.0,1.0,1.0093323746352543,1.0382792653795105,0.9712443604980748,0.9994294909595874,2275404.0
1996-02-21,13.5,13.75,13.37,13.75,106833.0,0.0,1.0,1.0283763817038438,1.0474203887724336,1.018473498028177,1.0474203887724336,1281996.0
1996-02-22,13.75,15.38,13.5,15.13,835467.0,0.0,1.0,1.0474203887724336,1.1715873148596385,1.0283763817038438,1.1525433077910487,10025604.0
1996-02-23,15.13,15.38,13.37,13.88,346767.0,0.0,1.0,1.1525433077910487,1.1715873148596385,1.018473498028177,1.0573232724481003,4161204.0
1996-02-26,14.12,14.38,13.88,13.88,58767.0,0.0,1.0,1.0756055192339462,1.0954112865852796,1.0573232724481003,1.0573232724481003,705204.0
1996-02-27,13.88,14.25,13.88,13.88,85867.0,0.0,1.0,1.0573232724481003,1.085508402909613,1.0573232724481003,1.0573232724481003,1030404.0
1996-02-28,14.38,15.25,14.25,14.62,231367.0,0.0,1.0,1.0954112865852796,1.1616844311839718,1.085508402909613,1.1136935333711258,2776404.0
1996-02-29,14.5,15.13,14.5,14.75,374400.0,0.0,1.0,1.1045524099782027,1.1525433077910487,1.1045524099782027,1.1235964170467925,4492800.0
1996-03-01,15.0,15.0,14.25,14.25,150417.0,0.0,1.0,1.142640424115382,1.142640424115382,1.085508402909613,1.085508402909613,1805004.0
1996-03-04,14.25,14.62,14.25,14.38,316550.0,0.0,1.0,1.085508402909613,1.1136935333711258,1.085508402909613,1.0954112865852796,3798600.0
1996-03-05,14.0,14.38,13.75,13.75,109600.0,0.0,1.0,1.0664643958410234,1.0954112865852796,1.0474203887724336,1.0474203887724336,1315200.0
1996-03-06,14.0,14.0,13.63,13.75,235833.0,0.0,1.0,1.0664643958410234,1.0664643958410234,1.0382792653795105,1.0474203887724336,2829996.0
1996-03-07,13.75,13.88,13.63,13.69,155033.0,0.0,1.0,1.0474203887724336,1.0573232724481003,1.0382792653795105,1.042849827075972,1860396.0
1996-03-08,13.63,13.63,12.88,13.12,96817.0,0.0,1.0,1.0382792653795105,1.0382792653795105,0.9811472441737414,0.9994294909595874,1161804.0
1996-03-11,13.0,14.12,13.0,13.88,249350.0,0.0,1.0,0.9902883675666645,1.0756055192339462,0.9902883675666645,1.0573232724481003,2992200.0
1996-03-12,13.75,14.0,13.25,13.37,101600.0,0.0,1.0,1.0474203887724336,1.0664643958410234,1.0093323746352543,1.018473498028177,1219200.0
1996-03-13,13.37,14.5,13.37,14.25,629767.0,0.0,1.0,1.018473498028177,1.1045524099782027,1.018473498028177,1.085508402909613,7557204.0
1996-03-14,14.38,14.87,13.75,13.75,261600.0,0.0,1.0,1.0954112865852796,1.1327375404397153,1.0474203887724336,1.0474203887724336,3139200.0
1996-03-15,14.0,14.12,13.5,13.63,52167.0,0.0,1.0,1.0664643958410234,1.0756055192339462,1.0283763817038438,1.0382792653795105,626004.0
1996-03-18,13.88,14.25,13.63,14.0,53617.0,0.0,1.0,1.0573232724481003,1.085508402909613,1.0382792653795105,1.0664643958410234,643404.0
1996-03-19,13.75,14.0,13.25,13.5,66767.0,0.0,1.0,1.0474203887724336,1.0664643958410234,1.0093323746352543,1.0283763817038438,801204.0
1996-03-20,13.25,13.25,12.13,12.5,377617.0,0.0,1.0,1.0093323746352543,1.0093323746352543,0.9240152229679723,0.9522003534294851,4531404.0
1996-03-21,12.5,13.75,12.38,13.25,208817.0,0.0,1.0,0.9522003534294851,1.0474203887724336,0.9430592300365621,1.0093323746352543,2505804.0
1996-03-22,13.63,13.75,13.25,13.37,66417.0,0.0,1.0,1.0382792653795105,1.0474203887724336,1.0093323746352543,1.018473498028177,797004.0
1996-03-25,13.75,14.0,13.5,13.5,156550.0,0.0,1.0,1.0474203887724336,1.0664643958410234,1.0283763817038438,1.0283763817038438,1878600.0
1996-03-26,13.88,13.88,13.37,13.44,76000.0,0.0,1.0,1.0573232724481003,1.0573232724481003,1.018473498028177,1.0238058200073823,912000.0
1996-03-27,13.37,13.63,13.12,13.63,33233.0,0.0,1.0,1.018473498028177,1.0382792653795105,0.9994294909595874,1.0382792653795105,398796.0
1996-03-28,13.25,13.37,13.0,13.12,66417.0,0.0,1.0,1.0093323746352543,1.018473498028177,0.9902883675666645,0.9994294909595874,797004.0
1996-03-29,13.0,13.37,13.0,13.12,18950.0,0.0,1.0,0.9902883675666645,1.018473498028177,0.9902883675666645,0.9994294909595874,227400.0
1996-04-01,13.37,13.37,13.12,13.37,10950.0,0.0,1.0,1.018473498028177,1.018473498028177,0.9994294909595874,1.018473498028177,131400.0
1996-04-02,13.25,13.25,12.88,13.25,29167.0,0.0,1.0,1.0093323746352543,1.0093323746352543,0.9811472441737414,1.0093323746352543,350004.0
1996-04-03,13.25,13.25,12.5,12.62,35367.0,0.0,1.0,1.0093323746352543,1.0093323746352543,0.9522003534294851,0.9613414768224081,424404.0
1996-04-04,12.5,12.75,12.38,12.38,29167.0,0.0,1.0,0.9522003534294851,0.9712443604980748,0.9430592300365621,0.9430592300365621,350004.0
1996-04-08,12.38,12.5,12.0,12.5,57233.0,0.0,1.0,0.9430592300365621,0.9522003534294851,0.9141123392923056,0.9522003534294851,686796.0
1996-04-09,12.5,13.37,12.38,13.12,155467.0,0.0,1.0,0.9522003534294851,1.018473498028177,0.9430592300365621,0.9994294909595874,1865604.0
1996-04-10,13.25,13.75,13.12,13.63,208967.0,0.0,1.0,1.0093323746352543,1.0474203887724336,0.9994294909595874,1.0382792653795105,2507604.0
1996-04-11,13.75,13.75,13.5,13.5,214150.0,0.0,1.0,1.0474203887724336,1.0474203887724336,1.0283763817038438,1.0283763817038438,2569800.0
1996-04-12,13.37,13.5,12.25,12.5,528167.0,0.0,1.0,1.018473498028177,1.0283763817038438,0.9331563463608954,0.9522003534294851,6338004.0
1996-04-15,12.25,12.88,12.25,12.38,115367.0,0.0,1.0,0.9331563463608954,0.9811472441737414,0.9331563463608954,0.9430592300365621,1384404.0
1996-04-16,12.62,12.62,11.5,11.69,346400.0,0.0,1.0,0.9613414768224081,0.9613414768224081,0.8760243251551263,0.8904977705272544,4156800.0
1996-04-17,11.62,11.87,11.5,11.62,78233.0,0.0,1.0,0.8851654485480492,0.904209455616639,0.8760243251551263,0.8851654485480492,938796.0
1996-04-18,11.87,12.0,11.75,11.75,177433.0,0.0,1.0,0.904209455616639,0.9141123392923056,0.895068332223716,0.895068332223716,2129196.0
1996-04-19,11.87,11.87,11.75,11.75,179200.0,0.0,1.0,0.904209455616639,0.904209455616639,0.895068332223716,0.895068332223716,2150400.0
1996-04-22,11.87,12.0,11.75,11.75,88433.0,0.0,1.0,0.904209455616639,0.9141123392923056,0.895068332223716,0.895068332223716,1061196.0
1996-04-23,11.75,13.0,11.75,13.0,292817.0,0.0,1.0,0.895068332223716,0.9902883675666645,0.895068332223716,0.9902883675666645,3513804.0
1996-04-24,12.75,13.0,12.38,12.38,65867.0,0.0,1.0,0.9712443604980748,0.9902883675666645,0.9430592300365621,0.9430592300365621,790404.0
1996-04-25,12.38,13.63,12.38,13.37,279033.0,0.0,1.0,0.9430592300365621,1.0382792653795105,0.9430592300365621,1.018473498028177,3348396.0
1996-04-26,13.63,13.63,13.25,13.37,62150.0,0.0,1.0,1.0382792653795105,1.0382792653795105,1.0093323746352543,1.018473498028177,745800.0
1996-04-29,13.5,13.5,13.12,13.12,34033.0,0.0,1.0,1.0283763817038438,1.0283763817038438,0.9994294909595874,0.9994294909595874,408396.0
1996-04-30,13.12,13.5,12.88,13.5,73767.0,0.0,1.0,0.9994294909595874,1.0283763817038438,0.9811472441737414,1.0283763817038438,885204.0
1996-05-01,13.5,14.12,13.37,14.12,193433.0,0.0,1.0,1.0283763817038438,1.0756055192339462,1.018473498028177,1.0756055192339462,2321196.0
1996-05-02,14.0,15.0,14.0,14.25,541233.0,0.0,1.0,1.0664643958410234,1.142640424115382,1.0664643958410234,1.085508402909613,6494796.0
1996-05-03,14.5,14.87,14.25,14.44,316967.0,0.0,1.0,1.1045524099782027,1.1327375404397153,1.085508402909613,1.0999818482817412,3803604.0
1996-05-06,14.62,14.87,14.38,14.87,129617.0,0.0,1.0,1.1136935333711258,1.1327375404397153,1.0954112865852796,1.1327375404397153,1555404.0
1996-05-07,14.87,15.0,14.12,14.12,168367.0,0.0,1.0,1.1327375404397153,1.142640424115382,1.0756055192339462,1.0756055192339462,2020404.0
1996-05-08,14.12,14.25,13.5,13.88,132017.0,0.0,1.0,1.0756055192339462,1.085508402909613,1.0283763817038438,1.0573232724481003,1584204.0
1996-05-09,14.25,14.5,13.88,13.88,126833.0,0.0,1.0,1.085508402909613,1.1045524099782027,1.0573232724481003,1.0573232724481003,1521996.0
1996-05-10,14.25,14.62,14.12,14.25,292550.0,0.0,1.0,1.085508402909613,1.1136935333711258,1.0756055192339462,1.085508402909613,3510600.0
1996-05-13,14.5,14.5,13.88,14.0,116000.0,0.0,1.0,1.1045524099782027,1.1045524099782027,1.0573232724481003,1.0664643958410234,1392000.0
1996-05-14,14.25,14.75,14.0,14.62,133967.0,0.0,1.0,1.085508402909613,1.1235964170467925,1.0664643958410234,1.1136935333711258,1607604.0
1996-05-15,14.62,15.62,14.62,15.0,801867.0,0.0,1.0,1.1136935333711258,1.1898695616454844,1.1136935333711258,1.142640424115382,9622404.0
1996-05-16,15.13,15.25,12.88,13.75,932817.0,0.0,1.0,1.1525433077910487,1.1616844311839718,0.9811472441737414,1.0474203887724336,11193804.0
1996-05-17,14.0,14.5,13.75,14.25,328967.0,0.0,1.0,1.0664643958410234,1.1045524099782027,1.0474203887724336,1.085508402909613,3947604.0
1996-05-20,14.25,14.25,13.37,13.63,125350.0,0.0,1.0,1.085508402909613,1.085508402909613,1.018473498028177,1.0382792653795105,1504200.0
1996-05-21,13.88,13.88,13.12,13.5,140000.0,0.0,1.0,1.0573232724481003,1.0573232724481003,0.9994294909595874,1.0283763817038438,1680000.0
1996-05-22,13.63,13.63,13.25,13.37,44800.0,0.0,1.0,1.0382792653795105,1.0382792653795105,1.0093323746352543,1.018473498028177,537600.0
1996-05-23,13.37,13.63,13.37,13.37,44167.0,0.0,1.0,1.018473498028177,1.0382792653795105,1.018473498028177,1.018473498028177,530004.0
1996-05-24,13.5,13.5,12.88,13.25,89767.0,0.0,1.0,1.0283763817038438,1.0283763817038438,0.9811472441737414,1.0093323746352543,1077204.0
1996-05-28,13.5,13.75,13.25,13.75,43750.0,0.0,1.0,1.0283763817038438,1.0474203887724336,1.0093323746352543,1.0474203887724336,525000.0
1996-05-29,13.75,13.88,13.5,13.63,45617.0,0.0,1.0,1.0474203887724336,1.0573232724481003,1.0283763817038438,1.0382792653795105,547404.0
1996-05-30,13.63,13.63,13.37,13.5,67217.0,0.0,1.0,1.0382792653795105,1.0382792653795105,1.018473498028177,1.0283763817038438,806604.0
1996-05-31,13.63,13.75,13.37,13.63,36633.0,0.0,1.0,1.0382792653795105,1.0474203887724336,1.018473498028177,1.0382792653795105,439596.0
1996-06-03,13.37,13.5,12.88,13.12,43833.0,0.0,1.0,1.018473498028177,1.0283763817038438,0.9811472441737414,0.9994294909595874,525996.0
1996-06-04,13.25,13.25,13.0,13.12,13617.0,0.0,1.0,1.0093323746352543,1.0093323746352543,0.9902883675666645,0.9994294909595874,163404.0
1996-06-05,13.12,13.5,13.12,13.25,111833.0,0.0,1.0,0.9994294909595874,1.0283763817038438,0.9994294909595874,1.0093323746352543,1341996.0
1996-06-06,13.25,13.37,13.25,13.25,128433.0,0.0,1.0,1.0093323746352543,1.018473498028177,1.0093323746352543,1.0093323746352543,1541196.0
1996-06-07,13.0,13.0,12.62,12.75,51367.0,0.0,1.0,0.9902883675666645,0.9902883675666645,0.9613414768224081,0.9712443604980748,616404.0
1996-06-10,12.75,13.0,12.75,12.88,22400.0,0.0,1.0,0.9712443604980748,0.9902883675666645,0.9712443604980748,0.9811472441737414,268800.0
1996-06-11,12.75,13.5,12.75,13.5,100817.0,0.0,1.0,0.9712443604980748,1.0283763817038438,0.9712443604980748,1.0283763817038438,1209804.0
1996-06-12,13.25,13.5,13.12,13.25,34033.0,0.0,1.0,1.0093323746352543,1.0283763817038438,0.9994294909595874,1.0093323746352543,408396.0
1996-06-13,13.12,13.25,12.88,12.94,46233.0,0.0,1.0,0.9994294909595874,1.0093323746352543,0.9811472441737414,0.985717805870203,554796.0
1996-06-14,12.88,13.25,12.88,12.88,11750.0,0.0,1.0,0.9811472441737414,1.0093323746352543,0.9811472441737414,0.9811472441737414,141000.0
1996-06-17,13.12,13.12,12.88,13.06,46567.0,0.0,1.0,0.9994294909595874,0.9994294909595874,0.9811472441737414,0.994858929263126,558804.0
1996-06-18,13.0,13.25,12.88,12.88,83750.0,0.0,1.0,0.9902883675666645,1.0093323746352543,0.9811472441737414,0.9811472441737414,1005000.0
1996-06-19,12.88,13.12,12.75,12.75,81617.0,0.0,1.0,0.9811472441737414,0.9994294909595874,0.9712443604980748,0.9712443604980748,979404.0
1996-06-20,12.88,13.0,12.62,13.0,126233.0,0.0,1.0,0.9811472441737414,0.9902883675666645,0.9613414768224081,0.9902883675666645,1514796.0
1996-06-21,12.75,13.0,12.75,12.88,59033.0,0.0,1.0,0.9712443604980748,0.9902883675666645,0.9712443604980748,0.9811472441737414,708396.0
1996-06-24,13.12,13.25,13.0,13.12,13767.0,0.0,1.0,0.9994294909595874,1.0093323746352543,0.9902883675666645,0.9994294909595874,165204.0
1996-06-25,13.0,13.25,13.0,13.25,56633.0,0.0,1.0,0.9902883675666645,1.0093323746352543,0.9902883675666645,1.0093323746352543,679596.0
1996-06-26,13.12,13.25,13.0,13.25,45233.0,0.0,1.0,0.9994294909595874,1.0093323746352543,0.9902883675666645,1.0093323746352543,542796.0
1996-06-27,13.25,13.25,13.0,13.03,89617.0,0.0,1.0,1.0093323746352543,1.0093323746352543,0.9902883675666645,0.9925736484148951,1075404.0
1996-06-28,13.0,13.12,13.0,13.0,65350.0,0.0,1.0,0.9902883675666645,0.9994294909595874,0.9902883675666645,0.9902883675666645,784200.0
1996-07-01,13.06,14.12,13.0,13.88,212000.0,0.0,1.0,0.994858929263126,1.0756055192339462,0.9902883675666645,1.0573232724481003,2544000.0
1996-07-02,14.0,14.62,14.0,14.0,150033.0,0.0,1.0,1.0664643958410234,1.1136935333711258,1.0664643958410234,1.0664643958410234,1800396.0
1996-07-03,14.0,14.0,13.12,13.12,71833.0,0.0,1.0,1.0664643958410234,1.0664643958410234,0.9994294909595874,0.9994294909595874,861996.0
1996-07-05,12.88,13.0,12.62,13.0,17233.0,0.0,1.0,0.9811472441737414,0.9902883675666645,0.9613414768224081,0.9902883675666645,206796.0
1996-07-08,12.62,12.88,12.5,12.75,32367.0,0.0,1.0,0.9613414768224081,0.9811472441737414,0.9522003534294851,0.9712443604980748,388404.0
1996-07-09,12.62,12.62,12.25,12.25,46233.0,0.0,1.0,0.9613414768224081,0.9613414768224081,0.9331563463608954,0.9331563463608954,554796.0
1996-07-10,11.87,12.0,11.38,11.62,52817.0,0.0,1.0,0.904209455616639,0.9141123392923056,0.8668832017622032,0.8851654485480492,633804.0
1996-07-11,11.5,11.62,10.25,10.63,123367.0,0.0,1.0,0.8760243251551263,0.8851654485480492,0.7808042898121778,0.8097511805564341,1480404.0
1996-07-12,10.5,10.63,10.12,10.25,79633.0,0.0,1.0,0.7998482968807674,0.8097511805564341,0.770901406136511,0.7808042898121778,955596.0
1996-07-15,10.37,10.37,8.75,9.5,152800.0,0.0,1.0,0.7899454132051008,0.7899454132051008,0.6665402474006396,0.7236722686064087,1833600.0
1996-07-16,9.62,10.75,9.5,10.69,168000.0,0.0,1.0,0.7328133919993317,0.8188923039493572,0.7236722686064087,0.8143217422528956,2016000.0
1996-07-17,10.88,12.5,10.5,12.25,331833.0,0.0,1.0,0.8287951876250239,0.9522003534294851,0.7998482968807674,0.9331563463608954,3981996.0
1996-07-18,12.13,12.75,12.13,12.5,77167.0,0.0,1.0,0.9240152229679723,0.9712443604980748,0.9240152229679723,0.9522003534294851,926004.0
1996-07-19,12.13,12.13,11.75,12.0,33617.0,0.0,1.0,0.9240152229679723,0.9240152229679723,0.895068332223716,0.9141123392923056,403404.0
1996-07-22,12.0,12.62,11.62,12.38,100017.0,0.0,1.0,0.9141123392923056,0.9613414768224081,0.8851654485480492,0.9430592300365621,1200204.0
1996-07-23,12.62,13.0,12.13,12.13,79367.0,0.0,1.0,0.9613414768224081,0.9902883675666645,0.9240152229679723,0.9240152229679723,952404.0
1996-07-24,11.5,11.69,11.12,11.25,82400.0,0.0,1.0,0.8760243251551263,0.8904977705272544,0.8470774344108699,0.8569803180865365,988800.0
1996-07-25,11.38,11.5,10.63,11.0,45350.0,0.0,1.0,0.8668832017622032,0.8760243251551263,0.8097511805564341,0.8379363110179469,544200.0
1996-07-26,11.38,11.75,11.25,11.25,90400.0,0.0,1.0,0.8668832017622032,0.895068332223716,0.8569803180865365,0.8569803180865365,1084800.0
1996-07-29,11.25,11.5,11.25,11.38,19200.0,0.0,1.0,0.8569803180865365,0.8760243251551263,0.8569803180865365,0.8668832017622032,230400.0
1996-07-30,11.5,11.62,11.25,11.38,58417.0,0.0,1.0,0.8760243251551263,0.8851654485480492,0.8569803180865365,0.8668832017622032,701004.0
1996-07-31,11.5,12.0,11.38,11.75,23033.0,0.0,1.0,0.8760243251551263,0.9141123392923056,0.8668832017622032,0.895068332223716,276396.0
1996-08-01,11.75,12.25,11.75,12.0,50833.0,0.0,1.0,0.895068332223716,0.9331563463608954,0.895068332223716,0.9141123392923056,609996.0
1996-08-02,12.25,13.0,12.25,12.5,85600.0,0.0,1.0,0.9331563463608954,0.9902883675666645,0.9331563463608954,0.9522003534294851,1027200.0
1996-08-05,12.5,12.75,12.38,12.75,26950.0,0.0,1.0,0.9522003534294851,0.9712443604980748,0.9430592300365621,0.9712443604980748,323400.0
1996-08-06,12.5,12.5,12.38,12.5,16633.0,0.0,1.0,0.9522003534294851,0.9522003534294851,0.9430592300365621,0.9522003534294851,199596.0
1996-08-07,12.5,12.62,12.38,12.5,9350.0,0.0,1.0,0.9522003534294851,0.9613414768224081,0.9430592300365621,0.9522003534294851,112200.0
1996-08-08,12.5,13.0,12.5,13.0,36967.0,0.0,1.0,0.9522003534294851,0.9902883675666645,0.9522003534294851,0.9902883675666645,443604.0
1996-08-09,13.0,13.0,12.75,12.75,4800.0,0.0,1.0,0.9902883675666645,0.9902883675666645,0.9712443604980748,0.9712443604980748,57600.0
1996-08-12,13.0,13.0,12.62,12.75,20967.0,0.0,1.0,0.9902883675666645,0.9902883675666645,0.9613414768224081,0.9712443604980748,251604.0
1996-08-13,12.25,12.5,12.13,12.25,12000.0,0.0,1.0,0.9331563463608954,0.9522003534294851,0.9240152229679723,0.9331563463608954,144000.0
1996-08-14,12.38,12.75,12.0,12.5,103567.0,0.0,1.0,0.9430592300365621,0.9712443604980748,0.9141123392923056,0.9522003534294851,1242804.0
1996-08-15,12.5,13.12,12.5,13.0,71633.0,0.0,1.0,0.9522003534294851,0.9994294909595874,0.9522003534294851,0.9902883675666645,859596.0
1996-08-16,12.88,13.12,12.88,12.88,19833.0,0.0,1.0,0.9811472441737414,0.9994294909595874,0.9811472441737414,0.9811472441737414,237996.0
1996-08-19,12.88,12.88,12.13,12.13,87033.0,0.0,1.0,0.9811472441737414,0.9811472441737414,0.9240152229679723,0.9240152229679723,1044396.0
1996-08-20,12.13,12.38,11.87,11.87,28817.0,0.0,1.0,0.9240152229679723,0.9430592300365621,0.904209455616639,0.904209455616639,345804.0
1996-08-21,11.75,12.0,11.5,11.62,31633.0,0.0,1.0,0.895068332223716,0.9141123392923056,0.8760243251551263,0.8851654485480492,379596.0
1996-08-22,11.5,12.25,11.5,12.25,155633.0,0.0,1.0,0.8760243251551263,0.9331563463608954,0.8760243251551263,0.9331563463608954,1867596.0
1996-08-23,12.0,12.5,12.0,12.38,113167.0,0.0,1.0,0.9141123392923056,0.9522003534294851,0.9141123392923056,0.9430592300365621,1358004.0
1996-08-26,13.0,13.0,12.25,12.5,233067.0,0.0,1.0,0.9902883675666645,0.9902883675666645,0.9331563463608954,0.9522003534294851,2796804.0
1996-08-27,12.62,12.62,12.0,12.25,145233.0,0.0,1.0,0.9613414768224081,0.9613414768224081,0.9141123392923056,0.9331563463608954,1742796.0
1996-08-28,12.38,12.38,11.87,12.13,55467.0,0.0,1.0,0.9430592300365621,0.9430592300365621,0.904209455616639,0.9240152229679723,665604.0
1996-08-29,12.13,12.13,11.87,12.0,24167.0,0.0,1.0,0.9240152229679723,0.9240152229679723,0.904209455616639,0.9141123392923056,290004.0
1996-08-30,12.0,12.0,11.62,12.0,33350.0,0.0,1.0,0.9141123392923056,0.9141123392923056,0.8851654485480492,0.9141123392923056,400200.0
1996-09-03,11.87,12.88,11.75,12.75,143200.0,0.0,1.0,0.904209455616639,0.9811472441737414,0.895068332223716,0.9712443604980748,1718400.0
1996-09-04,12.75,13.25,12.75,13.0,76800.0,0.0,1.0,0.9712443604980748,1.0093323746352543,0.9712443604980748,0.9902883675666645,921600.0
1996-09-05,12.75,13.0,12.75,13.0,59750.0,0.0,1.0,0.9712443604980748,0.9902883675666645,0.9712443604980748,0.9902883675666645,717000.0
1996-09-06,13.0,13.12,12.62,12.75,50150.0,0.0,1.0,0.9902883675666645,0.9994294909595874,0.9613414768224081,0.9712443604980748,601800.0
1996-09-09,12.62,12.88,12.62,12.81,17967.0,0.0,1.0,0.9613414768224081,0.9811472441737414,0.9613414768224081,0.9758149221945364,215604.0
1996-09-10,12.88,12.88,12.75,12.75,32800.0,0.0,1.0,0.9811472441737414,0.9811472441737414,0.9712443604980748,0.9712443604980748,393600.0
1996-09-11,13.0,13.0,12.75,12.75,23633.0,0.0,1.0,0.9902883675666645,0.9902883675666645,0.9712443604980748,0.9712443604980748,283596.0
1996-09-12,13.0,14.0,12.62,14.0,199633.0,0.0,1.0,0.9902883675666645,1.0664643958410234,0.9613414768224081,1.0664643958410234,2395596.0
1996-09-13,14.25,14.5,13.75,13.75,181767.0,0.0,1.0,1.085508402909613,1.1045524099782027,1.0474203887724336,1.0474203887724336,2181204.0
1996-09-16,13.75,14.5,13.75,14.38,257617.0,0.0,1.0,1.0474203887724336,1.1045524099782027,1.0474203887724336,1.0954112865852796,3091404.0
1996-09-17,14.25,14.5,13.88,14.12,143833.0,0.0,1.0,1.085508402909613,1.1045524099782027,1.0573232724481003,1.0756055192339462,1725996.0
1996-09-18,14.38,14.38,13.75,13.88,158667.0,0.0,1.0,1.0954112865852796,1.0954112865852796,1.0474203887724336,1.0573232724481003,1904004.0
1996-09-19,13.88,14.12,13.88,14.0,69967.0,0.0,1.0,1.0573232724481003,1.0756055192339462,1.0573232724481003,1.0664643958410234,839604.0
1996-09-20,13.88,14.25,13.88,14.12,39217.0,0.0,1.0,1.0573232724481003,1.085508402909613,1.0573232724481003,1.0756055192339462,470604.0
1996-09-23,14.12,14.12,13.63,14.0,266033.0,0.0,1.0,1.0756055192339462,1.0756055192339462,1.0382792653795105,1.0664643958410234,3192396.0
1996-09-24,14.0,14.38,13.88,14.12,183367.0,0.0,1.0,1.0664643958410234,1.0954112865852796,1.0573232724481003,1.0756055192339462,2200404.0
1996-09-25,14.25,14.5,14.12,14.38,167467.0,0.0,1.0,1.085508402909613,1.1045524099782027,1.0756055192339462,1.0954112865852796,2009604.0
1996-09-26,14.38,14.38,14.12,14.12,51200.0,0.0,1.0,1.0954112865852796,1.0954112865852796,1.0756055192339462,1.0756055192339462,614400.0
1996-09-27,14.12,14.38,14.12,14.25,58567.0,0.0,1.0,1.0756055192339462,1.0954112865852796,1.0756055192339462,1.085508402909613,702804.0
1996-09-30,14.25,14.38,14.12,14.12,30417.0,0.0,1.0,1.085508402909613,1.0954112865852796,1.0756055192339462,1.0756055192339462,365004.0
1996-10-01,14.25,14.25,13.75,13.75,58417.0,0.0,1.0,1.085508402909613,1.085508402909613,1.0474203887724336,1.0474203887724336,701004.0
1996-10-02,14.0,14.12,13.75,13.88,45350.0,0.0,1.0,1.0664643958410234,1.0756055192339462,1.0474203887724336,1.0573232724481003,544200.0
1996-10-03,13.88,14.25,13.88,14.12,88167.0,0.0,1.0,1.0573232724481003,1.085508402909613,1.0573232724481003,1.0756055192339462,1058004.0
1996-10-04,14.0,14.25,14.0,14.0,23217.0,0.0,1.0,1.0664643958410234,1.085508402909613,1.0664643958410234,1.0664643958410234,278604.0
1996-10-07,14.25,14.25,14.0,14.0,75633.0,0.0,1.0,1.085508402909613,1.085508402909613,1.0664643958410234,1.0664643958410234,907596.0
1996-10-08,14.12,14.25,14.0,14.0,90833.0,0.0,1.0,1.0756055192339462,1.085508402909613,1.0664643958410234,1.0664643958410234,1089996.0
1996-10-09,14.0,14.12,13.88,14.0,37967.0,0.0,1.0,1.0664643958410234,1.0756055192339462,1.0573232724481003,1.0664643958410234,455604.0
1996-10-10,14.12,14.25,12.88,13.5,161617.0,0.0,1.0,1.0756055192339462,1.085508402909613,0.9811472441737414,1.0283763817038438,1939404.0
1996-10-11,13.63,13.75,13.37,13.37,48967.0,0.0,1.0,1.0382792653795105,1.0474203887724336,1.018473498028177,1.018473498028177,587604.0
1996-10-14,13.37,13.63,13.25,13.25,17600.0,0.0,1.0,1.018473498028177,1.0382792653795105,1.0093323746352543,1.0093323746352543,211200.0
1996-10-15,13.5,13.5,13.12,13.37,57600.0,0.0,1.0,1.0283763817038438,1.0283763817038438,0.9994294909595874,1.018473498028177,691200.0
1996-10-16,13.37,13.63,13.12,13.37,63467.0,0.0,1.0,1.018473498028177,1.0382792653795105,0.9994294909595874,1.018473498028177,761604.0
1996-10-17,13.5,13.5,13.25,13.37,31833.0,0.0,1.0,1.0283763817038438,1.0283763817038438,1.0093323746352543,1.018473498028177,381996.0
1996-10-18,13.37,13.88,13.37,13.63,43200.0,0.0,1.0,1.018473498028177,1.0573232724481003,1.018473498028177,1.0382792653795105,518400.0
1996-10-21,13.63,14.38,13.63,13.88,146950.0,0.0,1.0,1.0382792653795105,1.0954112865852796,1.0382792653795105,1.0573232724481003,1763400.0
1996-10-22,14.0,14.0,13.63,13.75,40367.0,0.0,1.0,1.0664643958410234,1.0664643958410234,1.0382792653795105,1.0474203887724336,484404.0
1996-10-23,14.12,14.25,13.5,14.0,162767.0,0.0,1.0,1.0756055192339462,1.085508402909613,1.0283763817038438,1.0664643958410234,1953204.0
1996-10-24,14.0,14.12,13.5,13.63,356167.0,0.0,1.0,1.0664643958410234,1.0756055192339462,1.0283763817038438,1.0382792653795105,4274004.0
1996-10-25,13.5,13.5,13.12,13.12,132017.0,0.0,1.0,1.0283763817038438,1.0283763817038438,0.9994294909595874,0.9994294909595874,1584204.0
1996-10-28,13.12,13.25,13.0,13.0,136633.0,0.0,1.0,0.9994294909595874,1.0093323746352543,0.9902883675666645,0.9902883675666645,1639596.0
1996-10-29,13.0,13.25,13.0,13.25,80017.0,0.0,1.0,0.9902883675666645,1.0093323746352543,0.9902883675666645,1.0093323746352543,960204.0
1996-10-30,13.25,13.37,13.0,13.0,169350.0,0.0,1.0,1.0093323746352543,1.018473498028177,0.9902883675666645,0.9902883675666645,2032200.0
1996-10-31,13.0,13.12,12.38,12.62,92367.0,0.0,1.0,0.9902883675666645,0.9994294909595874,0.9430592300365621,0.9613414768224081,1108404.0
1996-11-01,12.75,12.75,12.13,12.25,60967.0,0.0,1.0,0.9712443604980748,0.9712443604980748,0.9240152229679723,0.9331563463608954,731604.0
1996-11-04,12.13,12.25,10.88,12.0,263200.0,0.0,1.0,0.9240152229679723,0.9331563463608954,0.8287951876250239,0.9141123392923056,3158400.0
1996-11-05,12.0,12.13,11.75,12.0,70400.0,0.0,1.0,0.9141123392923056,0.9240152229679723,0.895068332223716,0.9141123392923056,844800.0
1996-11-06,12.13,12.13,11.87,12.0,71367.0,0.0,1.0,0.9240152229679723,0.9240152229679723,0.904209455616639,0.9141123392923056,856404.0
1996-11-07,12.0,12.0,11.75,11.87,56800.0,0.0,1.0,0.9141123392923056,0.9141123392923056,0.895068332223716,0.904209455616639,681600.0
1996-11-08,11.75,12.0,11.75,12.0,34417.0,0.0,1.0,0.895068332223716,0.9141123392923056,0.895068332223716,0.9141123392923056,413004.0
1996-11-11,11.87,12.0,11.87,11.94,10833.0,0.0,1.0,0.904209455616639,0.9141123392923056,0.904209455616639,0.9095417775958441,129996.0
1996-11-12,11.87,12.0,11.87,11.87,76367.0,0.0,1.0,0.904209455616639,0.9141123392923056,0.904209455616639,0.904209455616639,916404.0
1996-11-13,12.0,12.0,11.62,11.69,524817.0,0.0,1.0,0.9141123392923056,0.9141123392923056,0.8851654485480492,0.8904977705272544,6297804.0
1996-11-14,11.75,12.0,11.62,11.87,146150.0,0.0,1.0,0.895068332223716,0.9141123392923056,0.8851654485480492,0.904209455616639,1753800.0
1996-11-15,12.0,12.25,11.87,12.0,32167.0,0.0,1.0,0.9141123392923056,0.9331563463608954,0.904209455616639,0.9141123392923056,386004.0
1996-11-18,12.0,12.25,12.0,12.13,43367.0,0.0,1.0,0.9141123392923056,0.9331563463608954,0.9141123392923056,0.9240152229679723,520404.0
1996-11-19,12.25,12.5,12.13,12.48,55217.0,0.0,1.0,0.9331563463608954,0.9522003534294851,0.9240152229679723,0.950676832863998,662604.0
1996-11-20,12.62,13.0,12.5,12.75,64267.0,0.0,1.0,0.9613414768224081,0.9902883675666645,0.9522003534294851,0.9712443604980748,771204.0
1996-11-21,12.75,12.88,12.25,12.25,63200.0,0.0,1.0,0.9712443604980748,0.9811472441737414,0.9331563463608954,0.9331563463608954,758400.0
1996-11-22,12.38,12.62,12.25,12.5,76000.0,0.0,1.0,0.9430592300365621,0.9613414768224081,0.9331563463608954,0.9522003534294851,912000.0
1996-11-25,12.5,12.5,12.13,12.13,39367.0,0.0,1.0,0.9522003534294851,0.9522003534294851,0.9240152229679723,0.9240152229679723,472404.0
1996-11-26,12.13,12.41,11.62,11.87,69600.0,0.0,1.0,0.9240152229679723,0.9453445108847928,0.8851654485480492,0.904209455616639,835200.0
1996-11-27,11.62,11.75,11.38,11.62,127567.0,0.0,1.0,0.8851654485480492,0.895068332223716,0.8668832017622032,0.8851654485480492,1530804.0
1996-11-29,11.38,11.62,11.38,11.61,44967.0,0.0,1.0,0.8668832017622032,0.8851654485480492,0.8668832017622032,0.8844036882653057,539604.0
1996-12-02,11.62,11.87,11.62,11.87,33350.0,0.0,1.0,0.8851654485480492,0.904209455616639,0.8851654485480492,0.904209455616639,400200.0
1996-12-03,11.62,12.0,11.62,11.62,100000.0,0.0,1.0,0.8851654485480492,0.9141123392923056,0.8851654485480492,0.8851654485480492,1200000.0
1996-12-04,11.62,11.75,11.38,11.44,148167.0,0.0,1.0,0.8851654485480492,0.895068332223716,0.8668832017622032,0.8714537634586647,1778004.0
1996-12-05,11.62,11.62,11.12,11.19,78667.0,0.0,1.0,0.8851654485480492,0.8851654485480492,0.8470774344108699,0.852409756390075,944004.0
1996-12-06,11.0,11.12,10.63,10.75,68367.0,0.0,1.0,0.8379363110179469,0.8470774344108699,0.8097511805564341,0.8188923039493572,820404.0
1996-12-09,11.12,12.0,11.0,11.62,270567.0,0.0,1.0,0.8470774344108699,0.9141123392923056,0.8379363110179469,0.8851654485480492,3246804.0
1996-12-10,11.87,12.19,11.62,11.87,116800.0,0.0,1.0,0.904209455616639,0.9285857846644338,0.8851654485480492,0.904209455616639,1401600.0
1996-12-11,11.75,12.13,11.5,12.13,49433.0,0.0,1.0,0.895068332223716,0.9240152229679723,0.8760243251551263,0.9240152229679723,593196.0
1996-12-12,12.25,12.25,12.0,12.25,89967.0,0.0,1.0,0.9331563463608954,0.9331563463608954,0.9141123392923056,0.9331563463608954,1079604.0
1996-12-13,12.13,12.25,11.87,12.0,79750.0,0.0,1.0,0.9240152229679723,0.9331563463608954,0.904209455616639,0.9141123392923056,957000.0
1996-12-16,12.0,12.25,11.87,12.13,56817.0,0.0,1.0,0.9141123392923056,0.9331563463608954,0.904209455616639,0.9240152229679723,681804.0
1996-12-17,12.0,12.0,10.69,10.75,118150.0,0.0,1.0,0.9141123392923056,0.9141123392923056,0.8143217422528956,0.8188923039493572,1417800.0
1996-12-18,10.88,12.0,10.75,11.5,190233.0,0.0,1.0,0.8287951876250239,0.9141123392923056,0.8188923039493572,0.8760243251551263,2282796.0
1996-12-19,11.75,11.75,11.0,11.0,89350.0,0.0,1.0,0.895068332223716,0.895068332223716,0.8379363110179469,0.8379363110179469,1072200.0
1996-12-20,11.12,11.25,10.0,10.56,224167.0,0.0,1.0,0.8470774344108699,0.8569803180865365,0.7617602827435881,0.8044188585772291,2690004.0
1996-12-23,10.75,11.25,10.5,11.12,134950.0,0.0,1.0,0.8188923039493572,0.8569803180865365,0.7998482968807674,0.8470774344108699,1619400.0
1996-12-24,11.38,11.62,11.12,11.62,28267.0,0.0,1.0,0.8668832017622032,0.8851654485480492,0.8470774344108699,0.8851654485480492,339204.0
1996-12-26,11.62,12.13,11.5,11.87,106150.0,0.0,1.0,0.8851654485480492,0.9240152229679723,0.8760243251551263,0.904209455616639,1273800.0
1996-12-27,12.13,12.38,11.87,12.34,101433.0,0.0,1.0,0.9240152229679723,0.9430592300365621,0.904209455616639,0.9400121889055877,1217196.0
1996-12-30,12.38,12.38,12.0,12.25,59567.0,0.0,1.0,0.9430592300365621,0.9430592300365621,0.9141123392923056,0.9331563463608954,714804.0
1996-12-31,12.25,12.88,12.13,12.88,116367.0,0.0,1.0,0.9331563463608954,0.9811472441737414,0.9240152229679723,0.9811472441737414,1396404.0
1997-01-02,12.97,13.0,12.38,12.5,107467.0,0.0,1.0,0.9880030867184337,0.9902883675666645,0.9430592300365621,0.9522003534294851,1289604.0
1997-01-03,12.75,13.0,12.62,12.75,53867.0,0.0,1.0,0.9712443604980748,0.9902883675666645,0.9613414768224081,0.9712443604980748,646404.0
1997-01-06,12.88,12.88,11.87,11.87,61350.0,0.0,1.0,0.9811472441737414,0.9811472441737414,0.904209455616639,0.904209455616639,736200.0
1997-01-07,12.13,12.13,11.87,11.87,45600.0,0.0,1.0,0.9240152229679723,0.9240152229679723,0.904209455616639,0.904209455616639,547200.0
1997-01-08,11.87,12.62,11.87,12.25,46950.0,0.0,1.0,0.904209455616639,0.9613414768224081,0.904209455616639,0.9331563463608954,563400.0
1997-01-09,12.25,13.5,12.25,13.0,186567.0,0.0,1.0,0.9331563463608954,1.0283763817038438,0.9331563463608954,0.9902883675666645,2238804.0
1997-01-10,13.0,14.5,12.88,14.0,612800.0,0.0,1.0,0.9902883675666645,1.1045524099782027,0.9811472441737414,1.0664643958410234,7353600.0
1997-01-13,13.88,14.25,13.75,13.75,156967.0,0.0,1.0,1.0573232724481003,1.085508402909613,1.0474203887724336,1.0474203887724336,1883604.0
1997-01-14,13.88,14.25,13.75,14.12,125967.0,0.0,1.0,1.0573232724481003,1.085508402909613,1.0474203887724336,1.0756055192339462,1511604.0
1997-01-15,14.12,14.12,13.5,13.63,108367.0,0.0,1.0,1.0756055192339462,1.0756055192339462,1.0283763817038438,1.0382792653795105,1300404.0
1997-01-16,13.5,13.75,13.5,13.5,141600.0,0.0,1.0,1.0283763817038438,1.0474203887724336,1.0283763817038438,1.0283763817038438,1699200.0
1997-01-17,13.75,14.25,13.5,14.12,206767.0,0.0,1.0,1.0474203887724336,1.085508402909613,1.0283763817038438,1.0756055192339462,2481204.0
1997-01-20,14.12,15.38,14.12,15.13,1016017.0,0.0,1.0,1.0756055192339462,1.1715873148596385,1.0756055192339462,1.1525433077910487,12192204.0
1997-01-21,15.13,15.38,14.75,15.0,345167.0,0.0,1.0,1.1525433077910487,1.1715873148596385,1.1235964170467925,1.142640424115382,4142004.0
1997-01-22,15.0,15.0,14.5,14.62,97617.0,0.0,1.0,1.142640424115382,1.142640424115382,1.1045524099782027,1.1136935333711258,1171404.0
1997-01-23,14.62,15.38,14.5,15.0,695750.0,0.0,1.0,1.1136935333711258,1.1715873148596385,1.1045524099782027,1.142640424115382,8349000.0
1997-01-24,15.0,15.25,13.75,14.44,169600.0,0.0,1.0,1.142640424115382,1.1616844311839718,1.0474203887724336,1.0999818482817412,2035200.0
1997-01-27,14.62,14.75,14.38,14.38,59467.0,0.0,1.0,1.1136935333711258,1.1235964170467925,1.0954112865852796,1.0954112865852796,713604.0
1997-01-28,14.62,14.87,14.38,14.5,150150.0,0.0,1.0,1.1136935333711258,1.1327375404397153,1.0954112865852796,1.1045524099782027,1801800.0
1997-01-29,14.5,14.5,14.25,14.5,41867.0,0.0,1.0,1.1045524099782027,1.1045524099782027,1.085508402909613,1.1045524099782027,502404.0
1997-01-30,14.5,14.5,14.25,14.44,15200.0,0.0,1.0,1.1045524099782027,1.1045524099782027,1.085508402909613,1.0999818482817412,182400.0
1997-01-31,14.25,14.5,14.25,14.5,67467.0,0.0,1.0,1.085508402909613,1.1045524099782027,1.085508402909613,1.1045524099782027,809604.0
1997-02-03,14.5,14.5,14.25,14.48,62667.0,0.0,1.0,1.1045524099782027,1.1045524099782027,1.085508402909613,1.1030288894127156,752004.0
1997-02-04,14.25,14.62,14.25,14.38,78950.0,0.0,1.0,1.085508402909613,1.1136935333711258,1.085508402909613,1.0954112865852796,947400.0
1997-02-05,14.38,14.62,14.38,14.44,108967.0,0.0,1.0,1.0954112865852796,1.1136935333711258,1.0954112865852796,1.0999818482817412,1307604.0
1997-02-06,14.38,14.5,14.25,14.38,132550.0,0.0,1.0,1.0954112865852796,1.1045524099782027,1.085508402909613,1.0954112865852796,1590600.0
1997-02-07,14.38,14.5,14.38,14.38,148967.0,0.0,1.0,1.0954112865852796,1.1045524099782027,1.0954112865852796,1.0954112865852796,1787604.0
1997-02-10,15.13,15.5,14.87,14.87,430400.0,0.0,1.0,1.1525433077910487,1.1807284382525616,1.1327375404397153,1.1327375404397153,5164800.0
1997-02-11,15.0,15.0,14.5,15.0,352017.0,0.0,1.0,1.142640424115382,1.142640424115382,1.1045524099782027,1.142640424115382,4224204.0
1997-02-12,14.75,15.75,14.75,15.38,394833.0,0.0,1.0,1.1235964170467925,1.1997724453211511,1.1235964170467925,1.1715873148596385,4737996.0
1997-02-13,15.62,16.12,15.62,16.06,440800.0,0.0,1.0,1.1898695616454844,1.227957575782664,1.1898695616454844,1.2233870140862024,5289600.0
1997-02-14,15.88,16.12,15.5,15.5,194417.0,0.0,1.0,1.2096753289968178,1.227957575782664,1.1807284382525616,1.1807284382525616,2333004.0
1997-02-18,15.75,15.75,15.25,15.25,124817.0,0.0,1.0,1.1997724453211511,1.1997724453211511,1.1616844311839718,1.1616844311839718,1497804.0
1997-02-19,15.25,15.38,14.87,14.87,287033.0,0.0,1.0,1.1616844311839718,1.1715873148596385,1.1327375404397153,1.1327375404397153,3444396.0
1997-02-20,14.87,15.13,14.87,14.87,110400.0,0.0,1.0,1.1327375404397153,1.1525433077910487,1.1327375404397153,1.1327375404397153,1324800.0
1997-02-21,14.87,16.0,14.87,15.88,526033.0,0.0,1.0,1.1327375404397153,1.218816452389741,1.1327375404397153,1.2096753289968178,6312396.0
1997-02-24,15.75,16.37,15.75,16.25,250033.0,0.0,1.0,1.1997724453211511,1.2470015828512537,1.1997724453211511,1.2378604594583307,3000396.0
1997-02-25,16.12,16.37,15.62,15.62,139200.0,0.0,1.0,1.227957575782664,1.2470015828512537,1.1898695616454844,1.1898695616454844,1670400.0
1997-02-26,15.62,15.88,14.62,14.87,122667.0,0.0,1.0,1.1898695616454844,1.2096753289968178,1.1136935333711258,1.1327375404397153,1472004.0
1997-02-27,14.75,15.0,13.88,13.88,309350.0,0.0,1.0,1.1235964170467925,1.142640424115382,1.0573232724481003,1.0573232724481003,3712200.0
1997-02-28,13.75,14.0,13.37,13.37,367217.0,0.0,1.0,1.0474203887724336,1.0664643958410234,1.018473498028177,1.018473498028177,4406604.0
1997-03-03,13.5,13.5,13.12,13.37,276967.0,0.0,1.0,1.0283763817038438,1.0283763817038438,0.9994294909595874,1.018473498028177,3323604.0
1997-03-04,13.37,14.0,13.12,14.0,113350.0,0.0,1.0,1.018473498028177,1.0664643958410234,0.9994294909595874,1.0664643958410234,1360200.0
1997-03-05,14.0,14.38,13.63,13.75,202767.0,0.0,1.0,1.0664643958410234,1.0954112865852796,1.0382792653795105,1.0474203887724336,2433204.0
1997-03-06,13.63,14.0,13.5,13.63,36267.0,0.0,1.0,1.0382792653795105,1.0664643958410234,1.0283763817038438,1.0382792653795105,435204.0
1997-03-07,13.5,13.75,13.5,13.5,13233.0,0.0,1.0,1.0283763817038438,1.0474203887724336,1.0283763817038438,1.0283763817038438,158796.0
1997-03-10,13.5,13.63,13.5,13.5,5767.0,0.0,1.0,1.0283763817038438,1.0382792653795105,1.0283763817038438,1.0283763817038438,69204.0
1997-03-11,13.63,13.63,12.0,12.75,319633.0,0.0,1.0,1.0382792653795105,1.0382792653795105,0.9141123392923056,0.9712443604980748,3835596.0
1997-03-12,12.75,12.88,12.13,12.13,119633.0,0.0,1.0,0.9712443604980748,0.9811472441737414,0.9240152229679723,0.9240152229679723,1435596.0
1997-03-13,12.0,12.13,11.5,11.75,151033.0,0.0,1.0,0.9141123392923056,0.9240152229679723,0.8760243251551263,0.895068332223716,1812396.0
1997-03-14,11.75,12.75,11.75,12.38,128967.0,0.0,1.0,0.895068332223716,0.9712443604980748,0.895068332223716,0.9430592300365621,1547604.0
1997-03-17,12.38,12.38,12.0,12.25,21967.0,0.0,1.0,0.9430592300365621,0.9430592300365621,0.9141123392923056,0.9331563463608954,263604.0
1997-03-18,12.0,12.38,12.0,12.0,137067.0,0.0,1.0,0.9141123392923056,0.9430592300365621,0.9141123392923056,0.9141123392923056,1644804.0
1997-03-19,12.0,12.25,11.87,11.94,100367.0,0.0,1.0,0.9141123392923056,0.9331563463608954,0.904209455616639,0.9095417775958441,1204404.0
1997-03-20,12.0,12.0,11.5,11.87,149350.0,0.0,1.0,0.9141123392923056,0.9141123392923056,0.8760243251551263,0.904209455616639,1792200.0
1997-03-21,11.75,11.87,11.62,11.69,71367.0,0.0,1.0,0.895068332223716,0.904209455616639,0.8851654485480492,0.8904977705272544,856404.0
1997-03-24,11.62,11.75,11.0,11.0,47217.0,0.0,1.0,0.8851654485480492,0.895068332223716,0.8379363110179469,0.8379363110179469,566604.0
1997-03-25,11.0,11.12,10.37,10.63,74950.0,0.0,1.0,0.8379363110179469,0.8470774344108699,0.7899454132051008,0.8097511805564341,899400.0
1997-03-26,10.5,10.63,9.88,10.0,161233.0,0.0,1.0,0.7998482968807674,0.8097511805564341,0.752619159350665,0.7617602827435881,1934796.0
1997-03-27,10.25,10.63,10.0,10.56,168817.0,0.0,1.0,0.7808042898121778,0.8097511805564341,0.7617602827435881,0.8044188585772291,2025804.0
1997-03-31,10.63,11.25,10.5,11.25,131200.0,0.0,1.0,0.8097511805564341,0.8569803180865365,0.7998482968807674,0.8569803180865365,1574400.0
1997-04-01,11.0,11.62,10.88,11.0,185767.0,0.0,1.0,0.8379363110179469,0.8851654485480492,0.8287951876250239,0.8379363110179469,2229204.0
1997-04-02,11.12,11.25,11.0,11.0,107200.0,0.0,1.0,0.8470774344108699,0.8569803180865365,0.8379363110179469,0.8379363110179469,1286400.0
1997-04-03,11.0,11.12,10.88,11.0,13167.0,0.0,1.0,0.8379363110179469,0.8470774344108699,0.8287951876250239,0.8379363110179469,158004.0
1997-04-04,11.0,11.12,11.0,11.12,28633.0,0.0,1.0,0.8379363110179469,0.8470774344108699,0.8379363110179469,0.8470774344108699,343596.0
1997-04-07,11.38,11.38,11.0,11.38,77600.0,0.0,1.0,0.8668832017622032,0.8668832017622032,0.8379363110179469,0.8668832017622032,931200.0
1997-04-08,11.12,11.38,11.0,11.25,28800.0,0.0,1.0,0.8470774344108699,0.8668832017622032,0.8379363110179469,0.8569803180865365,345600.0
1997-04-09,11.12,11.75,11.12,11.44,47200.0,0.0,1.0,0.8470774344108699,0.895068332223716,0.8470774344108699,0.8714537634586647,566400.0
1997-04-10,11.5,12.0,11.5,11.62,41617.0,0.0,1.0,0.8760243251551263,0.9141123392923056,0.8760243251551263,0.8851654485480492,499404.0
1997-04-11,11.62,11.87,11.5,11.87,9600.0,0.0,1.0,0.8851654485480492,0.904209455616639,0.8760243251551263,0.904209455616639,115200.0
1997-04-14,11.62,11.87,11.62,11.62,11217.0,0.0,1.0,0.8851654485480492,0.904209455616639,0.8851654485480492,0.8851654485480492,134604.0
1997-04-15,11.87,12.38,11.62,12.0,107467.0,0.0,1.0,0.904209455616639,0.9430592300365621,0.8851654485480492,0.9141123392923056,1289604.0
1997-04-16,12.0,12.13,11.62,12.0,51217.0,0.0,1.0,0.9141123392923056,0.9240152229679723,0.8851654485480492,0.9141123392923056,614604.0
1997-04-17,11.87,12.13,11.75,11.75,13767.0,0.0,1.0,0.904209455616639,0.9240152229679723,0.895068332223716,0.895068332223716,165204.0
1997-04-18,11.75,12.0,11.75,11.87,49600.0,0.0,1.0,0.895068332223716,0.9141123392923056,0.895068332223716,0.904209455616639,595200.0
1997-04-21,12.13,12.13,12.0,12.13,18033.0,0.0,1.0,0.9240152229679723,0.9240152229679723,0.9141123392923056,0.9240152229679723,216396.0
1997-04-22,12.0,12.38,12.0,12.19,41433.0,0.0,1.0,0.9141123392923056,0.9430592300365621,0.9141123392923056,0.9285857846644338,497196.0
1997-04-23,12.13,12.38,12.13,12.25,13767.0,0.0,1.0,0.9240152229679723,0.9430592300365621,0.9240152229679723,0.9331563463608954,165204.0
1997-04-24,12.13,12.38,12.13,12.38,12167.0,0.0,1.0,0.9240152229679723,0.9430592300365621,0.9240152229679723,0.9430592300365621,146004.0
1997-04-25,12.13,12.13,11.38,11.38,81600.0,0.0,1.0,0.9240152229679723,0.9240152229679723,0.8668832017622032,0.8668832017622032,979200.0
1997-04-28,11.38,11.62,11.38,11.62,36800.0,0.0,1.0,0.8668832017622032,0.8851654485480492,0.8668832017622032,0.8851654485480492,441600.0
1997-04-29,11.62,11.62,11.38,11.5,77967.0,0.0,1.0,0.8851654485480492,0.8851654485480492,0.8668832017622032,0.8760243251551263,935604.0
1997-04-30,11.5,11.75,11.38,11.75,152167.0,0.0,1.0,0.8760243251551263,0.895068332223716,0.8668832017622032,0.895068332223716,1826004.0
1997-05-01,11.5,11.75,11.5,11.62,10033.0,0.0,1.0,0.8760243251551263,0.895068332223716,0.8760243251551263,0.8851654485480492,120396.0
1997-05-02,11.62,12.75,11.38,12.5,166417.0,0.0,1.0,0.8851654485480492,0.9712443604980748,0.8668832017622032,0.9522003534294851,1997004.0
1997-05-05,12.75,14.5,12.5,14.5,226767.0,0.0,1.0,0.9712443604980748,1.1045524099782027,0.9522003534294851,1.1045524099782027,2721204.0
1997-05-06,14.12,14.5,13.88,14.38,109967.0,0.0,1.0,1.0756055192339462,1.1045524099782027,1.0573232724481003,1.0954112865852796,1319604.0
1997-05-07,14.12,14.5,13.75,14.0,59567.0,0.0,1.0,1.0756055192339462,1.1045524099782027,1.0474203887724336,1.0664643958410234,714804.0
1997-05-08,13.75,14.38,13.75,14.12,61767.0,0.0,1.0,1.0474203887724336,1.0954112865852796,1.0474203887724336,1.0756055192339462,741204.0
1997-05-09,14.0,14.12,13.75,13.75,88800.0,0.0,1.0,1.0664643958410234,1.0756055192339462,1.0474203887724336,1.0474203887724336,1065600.0
1997-05-12,13.75,13.88,13.5,13.5,40000.0,0.0,1.0,1.0474203887724336,1.0573232724481003,1.0283763817038438,1.0283763817038438,480000.0
1997-05-13,13.5,13.5,12.62,12.75,32000.0,0.0,1.0,1.0283763817038438,1.0283763817038438,0.9613414768224081,0.9712443604980748,384000.0
1997-05-14,12.75,12.75,12.25,12.5,53617.0,0.0,1.0,0.9712443604980748,0.9712443604980748,0.9331563463608954,0.9522003534294851,643404.0
1997-05-15,12.38,12.62,10.0,11.12,1849767.0,0.0,1.0,0.9430592300365621,0.9613414768224081,0.7617602827435881,0.8470774344108699,22197204.0
1997-05-16,11.38,11.75,10.12,10.63,643467.0,0.0,1.0,0.8668832017622032,0.895068332223716,0.770901406136511,0.8097511805564341,7721604.0
1997-05-19,10.75,10.88,9.88,10.25,669350.0,0.0,1.0,0.8188923039493572,0.8287951876250239,0.752619159350665,0.7808042898121778,8032200.0
1997-05-20,10.37,10.5,10.06,10.37,167200.0,0.0,1.0,0.7899454132051008,0.7998482968807674,0.7663308444400496,0.7899454132051008,2006400.0
1997-05-21,10.5,11.38,10.37,11.38,187467.0,0.0,1.0,0.7998482968807674,0.8668832017622032,0.7899454132051008,0.8668832017622032,2249604.0
1997-05-22,11.62,11.94,11.25,11.5,171833.0,0.0,1.0,0.8851654485480492,0.9095417775958441,0.8569803180865365,0.8760243251551263,2061996.0
1997-05-23,11.38,11.62,11.12,11.12,45433.0,0.0,1.0,0.8668832017622032,0.8851654485480492,0.8470774344108699,0.8470774344108699,545196.0
1997-05-27,10.88,12.13,10.75,11.75,220633.0,0.0,1.0,0.8287951876250239,0.9240152229679723,0.8188923039493572,0.895068332223716,2647596.0
1997-05-28,12.0,12.62,11.75,12.38,177433.0,0.0,1.0,0.9141123392923056,0.9613414768224081,0.895068332223716,0.9430592300365621,2129196.0
1997-05-29,12.5,13.75,12.25,13.5,729767.0,0.0,1.0,0.9522003534294851,1.0474203887724336,0.9331563463608954,1.0283763817038438,8757204.0
1997-05-30,13.37,13.37,12.88,13.0,279633.0,0.0,1.0,1.018473498028177,1.018473498028177,0.9811472441737414,0.9902883675666645,3355596.0
1997-06-02,12.62,13.0,12.0,12.75,252367.0,0.0,1.0,0.9613414768224081,0.9902883675666645,0.9141123392923056,0.9712443604980748,3028404.0
1997-06-03,12.62,12.75,12.25,12.38,156633.0,0.0,1.0,0.9613414768224081,0.9712443604980748,0.9331563463608954,0.9430592300365621,1879596.0
1997-06-04,12.25,12.5,12.13,12.25,48000.0,0.0,1.0,0.9331563463608954,0.9522003534294851,0.9240152229679723,0.9331563463608954,576000.0
1997-06-05,12.13,12.88,12.13,12.5,168817.0,0.0,1.0,0.9240152229679723,0.9811472441737414,0.9240152229679723,0.9522003534294851,2025804.0
1997-06-06,12.88,13.0,12.5,12.88,136000.0,0.0,1.0,0.9811472441737414,0.9902883675666645,0.9522003534294851,0.9811472441737414,1632000.0
1997-06-09,12.75,13.37,12.75,13.31,136167.0,0.0,1.0,0.9712443604980748,1.018473498028177,0.9712443604980748,1.0139029363317158,1634004.0
1997-06-10,13.37,13.37,13.12,13.25,83367.0,0.0,1.0,1.018473498028177,1.018473498028177,0.9994294909595874,1.0093323746352543,1000404.0
1997-06-11,13.25,14.12,13.12,13.88,203217.0,0.0,1.0,1.0093323746352543,1.0756055192339462,0.9994294909595874,1.0573232724481003,2438604.0
1997-06-12,13.88,14.0,13.63,14.0,758033.0,0.0,1.0,1.0573232724481003,1.0664643958410234,1.0382792653795105,1.0664643958410234,9096396.0
1997-06-13,13.75,13.98,13.63,13.63,41617.0,0.0,1.0,1.0474203887724336,1.064940875275536,1.0382792653795105,1.0382792653795105,499404.0
1997-06-16,13.63,13.88,13.63,13.75,27467.0,0.0,1.0,1.0382792653795105,1.0573232724481003,1.0382792653795105,1.0474203887724336,329604.0
1997-06-17,13.63,14.25,13.63,14.0,91217.0,0.0,1.0,1.0382792653795105,1.085508402909613,1.0382792653795105,1.0664643958410234,1094604.0
1997-06-18,13.88,14.12,13.75,14.0,126833.0,0.0,1.0,1.0573232724481003,1.0756055192339462,1.0474203887724336,1.0664643958410234,1521996.0
1997-06-19,14.0,14.12,13.75,14.0,127200.0,0.0,1.0,1.0664643958410234,1.0756055192339462,1.0474203887724336,1.0664643958410234,1526400.0
1997-06-20,13.94,14.0,13.88,14.0,97350.0,0.0,1.0,1.0618938341445616,1.0664643958410234,1.0573232724481003,1.0664643958410234,1168200.0
1997-06-23,14.12,14.12,13.88,14.0,259567.0,0.0,1.0,1.0756055192339462,1.0756055192339462,1.0573232724481003,1.0664643958410234,3114804.0
1997-06-24,14.12,14.12,13.88,14.0,113967.0,0.0,1.0,1.0756055192339462,1.0756055192339462,1.0573232724481003,1.0664643958410234,1367604.0
1997-06-25,13.94,14.12,13.88,14.0,69233.0,0.0,1.0,1.0618938341445616,1.0756055192339462,1.0573232724481003,1.0664643958410234,830796.0
1997-06-26,13.88,14.0,13.88,13.94,1164800.0,0.0,1.0,1.0573232724481003,1.0664643958410234,1.0573232724481003,1.0618938341445616,13977600.0
1997-06-27,14.0,14.38,13.88,13.88,93350.0,0.0,1.0,1.0664643958410234,1.0954112865852796,1.0573232724481003,1.0573232724481003,1120200.0
1997-06-30,14.0,14.75,13.98,14.38,198033.0,0.0,1.0,1.0664643958410234,1.1235964170467925,1.064940875275536,1.0954112865852796,2376396.0
1997-07-01,14.25,14.44,13.12,13.31,54950.0,0.0,1.0,1.085508402909613,1.0999818482817412,0.9994294909595874,1.0139029363317158,659400.0
1997-07-02,13.12,13.25,12.13,12.38,96017.0,0.0,1.0,0.9994294909595874,1.0093323746352543,0.9240152229679723,0.9430592300365621,1152204.0
1997-07-03,12.5,12.75,12.27,12.75,48017.0,0.0,1.0,0.9522003534294851,0.9712443604980748,0.9346798669263825,0.9712443604980748,576204.0
1997-07-07,12.62,13.25,12.62,13.0,42417.0,0.0,1.0,0.9613414768224081,1.0093323746352543,0.9613414768224081,0.9902883675666645,509004.0
1997-07-08,13.0,13.37,12.88,13.37,46833.0,0.0,1.0,0.9902883675666645,1.018473498028177,0.9811472441737414,1.018473498028177,561996.0
1997-07-09,13.5,13.5,12.38,12.62,132967.0,0.0,1.0,1.0283763817038438,1.0283763817038438,0.9430592300365621,0.9613414768224081,1595604.0
1997-07-10,12.5,13.75,12.13,13.37,241233.0,0.0,1.0,0.9522003534294851,1.0474203887724336,0.9240152229679723,1.018473498028177,2894796.0
1997-07-11,13.37,13.5,11.5,11.75,1692367.0,0.0,1.0,1.018473498028177,1.0283763817038438,0.8760243251551263,0.895068332223716,20308404.0
1997-07-14,12.0,12.25,11.75,12.0,240167.0,0.0,1.0,0.9141123392923056,0.9331563463608954,0.895068332223716,0.9141123392923056,2882004.0
1997-07-15,12.0,12.0,11.75,12.0,42233.0,0.0,1.0,0.9141123392923056,0.9141123392923056,0.895068332223716,0.9141123392923056,506796.0
1997-07-16,11.81,12.0,11.0,11.75,421767.0,0.0,1.0,0.8996388939201776,0.9141123392923056,0.8379363110179469,0.895068332223716,5061204.0
1997-07-17,11.75,11.75,11.38,11.5,88817.0,0.0,1.0,0.895068332223716,0.895068332223716,0.8668832017622032,0.8760243251551263,1065804.0
1997-07-18,11.38,11.62,11.38,11.5,87200.0,0.0,1.0,0.8668832017622032,0.8851654485480492,0.8668832017622032,0.8760243251551263,1046400.0
1997-07-21,11.5,11.62,11.12,11.5,66567.0,0.0,1.0,0.8760243251551263,0.8851654485480492,0.8470774344108699,0.8760243251551263,798804.0
1997-07-22,11.62,11.62,11.12,11.38,111467.0,0.0,1.0,0.8851654485480492,0.8851654485480492,0.8470774344108699,0.8668832017622032,1337604.0
1997-07-23,11.62,11.62,11.12,11.31,40800.0,0.0,1.0,0.8851654485480492,0.8851654485480492,0.8470774344108699,0.8615508797829982,489600.0
1997-07-24,11.25,12.13,11.06,12.13,443033.0,0.0,1.0,0.8569803180865365,0.9240152229679723,0.8425068727144084,0.9240152229679723,5316396.0
1997-07-25,12.13,12.25,11.87,12.09,73617.0,0.0,1.0,0.9240152229679723,0.9331563463608954,0.904209455616639,0.9209681818369979,883404.0
1997-07-28,12.0,12.38,11.87,12.0,60967.0,0.0,1.0,0.9141123392923056,0.9430592300365621,0.904209455616639,0.9141123392923056,731604.0
1997-07-29,12.25,12.25,11.75,11.75,36267.0,0.0,1.0,0.9331563463608954,0.9331563463608954,0.895068332223716,0.895068332223716,435204.0
1997-07-30,11.75,11.87,11.5,11.5,14033.0,0.0,1.0,0.895068332223716,0.904209455616639,0.8760243251551263,0.8760243251551263,168396.0
1997-07-31,11.75,12.0,11.62,12.0,60367.0,0.0,1.0,0.895068332223716,0.9141123392923056,0.8851654485480492,0.9141123392923056,724404.0
1997-08-01,12.0,12.0,11.62,12.0,75367.0,0.0,1.0,0.9141123392923056,0.9141123392923056,0.8851654485480492,0.9141123392923056,904404.0
1997-08-04,12.0,12.0,11.25,11.62,83367.0,0.0,1.0,0.9141123392923056,0.9141123392923056,0.8569803180865365,0.8851654485480492,1000404.0
1997-08-05,11.38,12.06,11.0,11.87,480000.0,0.0,1.0,0.8668832017622032,0.9186829009887673,0.8379363110179469,0.904209455616639,5760000.0
1997-08-06,12.06,12.13,11.5,11.5,162150.0,0.0,1.0,0.9186829009887673,0.9240152229679723,0.8760243251551263,0.8760243251551263,1945800.0
1997-08-07,11.75,12.0,11.5,11.81,226150.0,0.0,1.0,0.895068332223716,0.9141123392923056,0.8760243251551263,0.8996388939201776,2713800.0
1997-08-08,11.87,12.13,11.75,11.87,158667.0,0.0,1.0,0.904209455616639,0.9240152229679723,0.895068332223716,0.904209455616639,1904004.0
1997-08-11,12.13,12.13,11.75,11.87,71467.0,0.0,1.0,0.9240152229679723,0.9240152229679723,0.895068332223716,0.904209455616639,857604.0
1997-08-12,12.0,12.0,11.75,11.75,72267.0,0.0,1.0,0.9141123392923056,0.9141123392923056,0.895068332223716,0.895068332223716,867204.0
1997-08-13,11.87,12.0,11.75,11.87,108367.0,0.0,1.0,0.904209455616639,0.9141123392923056,0.895068332223716,0.904209455616639,1300404.0
1997-08-14,12.0,12.0,11.75,11.87,214950.0,0.0,1.0,0.9141123392923056,0.9141123392923056,0.895068332223716,0.904209455616639,2579400.0
1997-08-15,12.0,12.0,11.62,11.87,98150.0,0.0,1.0,0.9141123392923056,0.9141123392923056,0.8851654485480492,0.904209455616639,1177800.0
1997-08-18,11.87,11.87,11.44,11.69,683467.0,0.0,1.0,0.904209455616639,0.904209455616639,0.8714537634586647,0.8904977705272544,8201604.0
1997-08-19,11.62,11.75,11.62,11.75,130767.0,0.0,1.0,0.8851654485480492,0.895068332223716,0.8851654485480492,0.895068332223716,1569204.0
1997-08-20,11.87,12.62,11.75,12.31,419750.0,0.0,1.0,0.904209455616639,0.9613414768224081,0.895068332223716,0.9377269080573569,5037000.0
1997-08-21,12.38,12.38,12.25,12.31,73767.0,0.0,1.0,0.9430592300365621,0.9430592300365621,0.9331563463608954,0.9377269080573569,885204.0
1997-08-22,11.94,12.25,11.87,12.13,58950.0,0.0,1.0,0.9095417775958441,0.9331563463608954,0.904209455616639,0.9240152229679723,707400.0
1997-08-25,12.25,12.25,12.0,12.25,32800.0,0.0,1.0,0.9331563463608954,0.9331563463608954,0.9141123392923056,0.9331563463608954,393600.0
1997-08-26,12.25,12.38,12.13,12.31,25233.0,0.0,1.0,0.9331563463608954,0.9430592300365621,0.9240152229679723,0.9377269080573569,302796.0
1997-08-27,12.38,13.0,12.38,12.75,166150.0,0.0,1.0,0.9430592300365621,0.9902883675666645,0.9430592300365621,0.9712443604980748,1993800.0
1997-08-28,12.75,13.0,12.75,12.94,72800.0,0.0,1.0,0.9712443604980748,0.9902883675666645,0.9712443604980748,0.985717805870203,873600.0
1997-08-29,13.0,13.37,12.88,13.0,218400.0,0.0,1.0,0.9902883675666645,1.018473498028177,0.9811472441737414,0.9902883675666645,2620800.0
1997-09-02,13.44,13.88,13.12,13.56,146667.0,0.0,1.0,1.0238058200073823,1.0573232724481003,0.9994294909595874,1.0329469434003054,1760004.0
1997-09-03,13.63,13.63,13.37,13.37,36433.0,0.0,1.0,1.0382792653795105,1.0382792653795105,1.018473498028177,1.018473498028177,437196.0
1997-09-04,13.37,13.63,13.37,13.5,59367.0,0.0,1.0,1.018473498028177,1.0382792653795105,1.018473498028177,1.0283763817038438,712404.0
1997-09-05,13.69,13.75,13.37,13.63,57067.0,0.0,1.0,1.042849827075972,1.0474203887724336,1.018473498028177,1.0382792653795105,684804.0
1997-09-08,13.5,13.75,13.37,13.63,88633.0,0.0,1.0,1.0283763817038438,1.0474203887724336,1.018473498028177,1.0382792653795105,1063596.0
1997-09-09,13.37,14.25,13.37,13.81,164367.0,0.0,1.0,1.018473498028177,1.085508402909613,1.018473498028177,1.0519909504688951,1972404.0
1997-09-10,14.12,14.75,13.88,14.5,350667.0,0.0,1.0,1.0756055192339462,1.1235964170467925,1.0573232724481003,1.1045524099782027,4208004.0
1997-09-11,14.62,15.0,14.38,14.62,147750.0,0.0,1.0,1.1136935333711258,1.142640424115382,1.0954112865852796,1.1136935333711258,1773000.0
1997-09-12,14.75,15.25,14.25,14.62,273617.0,0.0,1.0,1.1235964170467925,1.1616844311839718,1.085508402909613,1.1136935333711258,3283404.0
1997-09-15,14.87,14.87,14.25,14.38,52267.0,0.0,1.0,1.1327375404397153,1.1327375404397153,1.085508402909613,1.0954112865852796,627204.0
1997-09-16,14.62,14.75,14.12,14.5,69433.0,0.0,1.0,1.1136935333711258,1.1235964170467925,1.0756055192339462,1.1045524099782027,833196.0
1997-09-17,14.5,14.75,14.12,14.75,101767.0,0.0,1.0,1.1045524099782027,1.1235964170467925,1.0756055192339462,1.1235964170467925,1221204.0
1997-09-18,14.87,15.25,14.75,15.0,144267.0,0.0,1.0,1.1327375404397153,1.1616844311839718,1.1235964170467925,1.142640424115382,1731204.0
1997-09-19,14.87,15.13,14.87,14.87,188367.0,0.0,1.0,1.1327375404397153,1.1525433077910487,1.1327375404397153,1.1327375404397153,2260404.0
1997-09-22,15.13,15.25,14.87,15.25,99033.0,0.0,1.0,1.1525433077910487,1.1616844311839718,1.1327375404397153,1.1616844311839718,1188396.0
1997-09-23,15.13,15.25,14.87,14.87,57967.0,0.0,1.0,1.1525433077910487,1.1616844311839718,1.1327375404397153,1.1327375404397153,695604.0
1997-09-24,14.87,15.13,14.87,15.13,34667.0,0.0,1.0,1.1327375404397153,1.1525433077910487,1.1327375404397153,1.1525433077910487,416004.0
1997-09-25,15.13,15.13,14.87,15.0,52633.0,0.0,1.0,1.1525433077910487,1.1525433077910487,1.1327375404397153,1.142640424115382,631596.0
1997-09-26,15.13,15.13,14.87,14.87,45767.0,0.0,1.0,1.1525433077910487,1.1525433077910487,1.1327375404397153,1.1327375404397153,549204.0
1997-09-29,14.87,15.5,14.87,15.19,115367.0,0.0,1.0,1.1327375404397153,1.1807284382525616,1.1327375404397153,1.1571138694875103,1384404.0
1997-09-30,15.0,15.13,14.75,15.0,192267.0,0.0,1.0,1.142640424115382,1.1525433077910487,1.1235964170467925,1.142640424115382,2307204.0
1997-10-01,14.75,15.13,14.75,15.0,344167.0,0.0,1.0,1.1235964170467925,1.1525433077910487,1.1235964170467925,1.142640424115382,4130004.0
1997-10-02,15.0,15.13,14.87,15.13,105167.0,0.0,1.0,1.142640424115382,1.1525433077910487,1.1327375404397153,1.1525433077910487,1262004.0
1997-10-03,15.25,15.38,14.87,14.94,181433.0,0.0,1.0,1.1616844311839718,1.1715873148596385,1.1327375404397153,1.1380698624189205,2177196.0
1997-10-06,15.06,16.0,14.94,15.81,278400.0,0.0,1.0,1.1472109858118436,1.218816452389741,1.1380698624189205,1.2043430070176129,3340800.0
1997-10-07,15.75,16.25,15.62,16.12,327567.0,0.0,1.0,1.1997724453211511,1.2378604594583307,1.1898695616454844,1.227957575782664,3930804.0
1997-10-08,16.5,16.75,15.62,15.88,140367.0,0.0,1.0,1.2569044665269202,1.27594847359551,1.1898695616454844,1.2096753289968178,1684404.0
1997-10-09,15.69,16.0,15.62,15.88,63467.0,0.0,1.0,1.1952018836246896,1.218816452389741,1.1898695616454844,1.2096753289968178,761604.0
1997-10-10,15.75,16.0,15.75,16.0,93433.0,0.0,1.0,1.1997724453211511,1.218816452389741,1.1997724453211511,1.218816452389741,1121196.0
1997-10-13,15.98,16.0,15.62,15.75,107217.0,0.0,1.0,1.2172929318242538,1.218816452389741,1.1898695616454844,1.1997724453211511,1286604.0
1997-10-14,15.88,15.88,15.5,15.75,81867.0,0.0,1.0,1.2096753289968178,1.2096753289968178,1.1807284382525616,1.1997724453211511,982404.0
1997-10-15,15.75,15.94,15.5,15.62,115217.0,0.0,1.0,1.1997724453211511,1.2142458906932794,1.1807284382525616,1.1898695616454844,1382604.0
1997-10-16,15.62,15.94,15.25,15.38,27467.0,0.0,1.0,1.1898695616454844,1.2142458906932794,1.1616844311839718,1.1715873148596385,329604.0
1997-10-17,15.25,15.5,13.75,14.75,112267.0,0.0,1.0,1.1616844311839718,1.1807284382525616,1.0474203887724336,1.1235964170467925,1347204.0
1997-10-20,15.0,15.38,14.62,15.38,66417.0,0.0,1.0,1.142640424115382,1.1715873148596385,1.1136935333711258,1.1715873148596385,797004.0
1997-10-21,15.38,15.38,15.0,15.19,28800.0,0.0,1.0,1.1715873148596385,1.1715873148596385,1.142640424115382,1.1571138694875103,345600.0
1997-10-22,15.13,15.31,15.0,15.0,36267.0,0.0,1.0,1.1525433077910487,1.1662549928804333,1.142640424115382,1.142640424115382,435204.0
1997-10-23,14.12,15.13,14.0,15.0,85233.0,0.0,1.0,1.0756055192339462,1.1525433077910487,1.0664643958410234,1.142640424115382,1022796.0
1997-10-24,15.5,15.88,15.13,15.62,230667.0,0.0,1.0,1.1807284382525616,1.2096753289968178,1.1525433077910487,1.1898695616454844,2768004.0
1997-10-27,15.5,16.0,14.12,14.5,133617.0,0.0,1.0,1.1807284382525616,1.218816452389741,1.0756055192339462,1.1045524099782027,1603404.0
1997-10-28,13.88,15.38,13.0,15.38,178400.0,0.0,1.0,1.0573232724481003,1.1715873148596385,0.9902883675666645,1.1715873148596385,2140800.0
1997-10-29,15.5,15.5,14.87,15.19,99467.0,0.0,1.0,1.1807284382525616,1.1807284382525616,1.1327375404397153,1.1571138694875103,1193604.0
1997-10-30,14.5,15.19,14.12,14.25,37067.0,0.0,1.0,1.1045524099782027,1.1571138694875103,1.0756055192339462,1.085508402909613,444804.0
1997-10-31,14.62,14.62,14.12,14.62,40550.0,0.0,1.0,1.1136935333711258,1.1136935333711258,1.0756055192339462,1.1136935333711258,486600.0
1997-11-03,14.75,14.75,14.38,14.56,33350.0,0.0,1.0,1.1235964170467925,1.1235964170467925,1.0954112865852796,1.1091229716746642,400200.0
1997-11-04,14.75,14.81,14.5,14.56,22667.0,0.0,1.0,1.1235964170467925,1.128166978743254,1.1045524099782027,1.1091229716746642,272004.0
1997-11-05,14.87,14.87,14.38,14.56,109967.0,0.0,1.0,1.1327375404397153,1.1327375404397153,1.0954112865852796,1.1091229716746642,1319604.0
1997-11-06,14.62,14.87,14.5,14.56,90767.0,0.0,1.0,1.1136935333711258,1.1327375404397153,1.1045524099782027,1.1091229716746642,1089204.0
1997-11-07,14.5,14.62,14.25,14.38,37767.0,0.0,1.0,1.1045524099782027,1.1136935333711258,1.085508402909613,1.0954112865852796,453204.0
1997-11-10,14.62,15.0,14.62,14.81,127033.0,0.0,1.0,1.1136935333711258,1.142640424115382,1.1136935333711258,1.128166978743254,1524396.0
1997-11-11,14.62,14.87,14.56,14.56,24433.0,0.0,1.0,1.1136935333711258,1.1327375404397153,1.1091229716746642,1.1091229716746642,293196.0
1997-11-12,14.38,14.62,14.25,14.31,65233.0,0.0,1.0,1.0954112865852796,1.1136935333711258,1.085508402909613,1.0900789646060745,782796.0
1997-11-13,14.62,14.62,13.75,14.12,64817.0,0.0,1.0,1.1136935333711258,1.1136935333711258,1.0474203887724336,1.0756055192339462,777804.0
1997-11-14,14.12,14.75,14.12,14.75,94033.0,0.0,1.0,1.0756055192339462,1.1235964170467925,1.0756055192339462,1.1235964170467925,1128396.0
1997-11-17,14.62,15.62,14.5,15.5,244433.0,0.0,1.0,1.1136935333711258,1.1898695616454844,1.1045524099782027,1.1807284382525616,2933196.0
1997-11-18,15.62,15.75,15.25,15.31,69967.0,0.0,1.0,1.1898695616454844,1.1997724453211511,1.1616844311839718,1.1662549928804333,839604.0
1997-11-19,15.38,15.62,15.25,15.62,158033.0,0.0,1.0,1.1715873148596385,1.1898695616454844,1.1616844311839718,1.1898695616454844,1896396.0
1997-11-20,15.62,15.75,15.5,15.69,97600.0,0.0,1.0,1.1898695616454844,1.1997724453211511,1.1807284382525616,1.1952018836246896,1171200.0
1997-11-21,15.62,15.94,15.62,15.69,109867.0,0.0,1.0,1.1898695616454844,1.2142458906932794,1.1898695616454844,1.1952018836246896,1318404.0
1997-11-24,15.88,15.88,15.38,15.5,45617.0,0.0,1.0,1.2096753289968178,1.2096753289968178,1.1715873148596385,1.1807284382525616,547404.0
1997-11-25,15.25,15.62,15.25,15.25,39367.0,0.0,1.0,1.1616844311839718,1.1898695616454844,1.1616844311839718,1.1616844311839718,472404.0
1997-11-26,15.62,15.88,15.31,15.81,67833.0,0.0,1.0,1.1898695616454844,1.2096753289968178,1.1662549928804333,1.2043430070176129,813996.0
1997-11-28,16.0,16.0,15.69,16.0,60817.0,0.0,1.0,1.218816452389741,1.218816452389741,1.1952018836246896,1.218816452389741,729804.0
1997-12-01,16.25,16.63,15.88,16.12,378567.0,0.0,1.0,1.2378604594583307,1.266807350202587,1.2096753289968178,1.227957575782664,4542804.0
1997-12-02,16.12,16.63,16.12,16.44,235217.0,0.0,1.0,1.227957575782664,1.266807350202587,1.227957575782664,1.252333904830459,2822604.0
1997-12-03,16.63,16.63,16.0,16.19,164817.0,0.0,1.0,1.266807350202587,1.266807350202587,1.218816452389741,1.2332898977618691,1977804.0
1997-12-04,16.37,16.5,16.0,16.37,149767.0,0.0,1.0,1.2470015828512537,1.2569044665269202,1.218816452389741,1.2470015828512537,1797204.0
1997-12-05,16.0,16.5,16.0,16.25,34400.0,0.0,1.0,1.218816452389741,1.2569044665269202,1.218816452389741,1.2378604594583307,412800.0
1997-12-08,16.25,16.37,16.0,16.0,214150.0,0.0,1.0,1.2378604594583307,1.2470015828512537,1.218816452389741,1.218816452389741,2569800.0
1997-12-09,16.0,16.75,16.0,16.37,1173433.0,0.0,1.0,1.218816452389741,1.27594847359551,1.218816452389741,1.2470015828512537,14081196.0
1997-12-10,16.37,16.75,16.06,16.37,133617.0,0.0,1.0,1.2470015828512537,1.27594847359551,1.2233870140862024,1.2470015828512537,1603404.0
1997-12-11,16.25,16.25,15.38,16.0,223467.0,0.0,1.0,1.2378604594583307,1.2378604594583307,1.1715873148596385,1.218816452389741,2681604.0
1997-12-12,16.37,16.37,15.75,16.12,229600.0,0.0,1.0,1.2470015828512537,1.2470015828512537,1.1997724453211511,1.227957575782664,2755200.0
1997-12-15,16.0,16.12,14.62,15.13,357600.0,0.0,1.0,1.218816452389741,1.227957575782664,1.1136935333711258,1.1525433077910487,4291200.0
1997-12-16,15.0,15.5,15.0,15.44,101867.0,0.0,1.0,1.142640424115382,1.1807284382525616,1.142640424115382,1.1761578765560998,1222404.0
1997-12-17,15.38,16.56,15.13,16.31,312817.0,0.0,1.0,1.1715873148596385,1.2614750282233818,1.1525433077910487,1.242431021154792,3753804.0
1997-12-18,16.37,17.31,16.31,16.56,331750.0,0.0,1.0,1.2470015828512537,1.3186070494291509,1.242431021154792,1.2614750282233818,3981000.0
1997-12-19,16.31,16.69,16.12,16.59,263750.0,0.0,1.0,1.242431021154792,1.2713779118990485,1.227957575782664,1.2637603090716125,3165000.0
1997-12-22,16.5,17.38,16.5,17.06,404967.0,0.0,1.0,1.2569044665269202,1.323939371408356,1.2569044665269202,1.299563042360561,4859604.0
1997-12-23,17.25,18.62,17.0,17.87,2007567.0,0.0,1.0,1.3140364877326893,1.418397646468561,1.2949924806640998,1.361265625262792,24090804.0
1997-12-24,18.0,18.0,17.75,17.87,298400.0,0.0,1.0,1.3711685089384584,1.3711685089384584,1.3521245018698689,1.361265625262792,3580800.0
1997-12-26,17.87,18.0,17.81,18.0,125617.0,0.0,1.0,1.361265625262792,1.3711685089384584,1.3566950635663302,1.3711685089384584,1507404.0
1997-12-29,17.75,18.13,17.75,17.94,207033.0,0.0,1.0,1.3521245018698689,1.3810713926141251,1.3521245018698689,1.3665979472419971,2484396.0
1997-12-30,18.0,18.25,17.87,18.13,248817.0,0.0,1.0,1.3711685089384584,1.3902125160070482,1.361265625262792,1.3810713926141251,2985804.0
1997-12-31,18.25,18.25,17.87,17.87,144017.0,0.0,1.0,1.3902125160070482,1.3902125160070482,1.361265625262792,1.361265625262792,1728204.0
1998-01-02,17.81,17.87,16.25,16.31,189433.0,0.0,1.0,1.3566950635663302,1.361265625262792,1.2378604594583307,1.242431021154792,2273196.0
1998-01-05,16.5,16.75,16.5,16.5,202567.0,0.0,1.0,1.2569044665269202,1.27594847359551,1.2569044665269202,1.2569044665269202,2430804.0
1998-01-06,16.5,16.81,16.0,16.37,248817.0,0.0,1.0,1.2569044665269202,1.2805190352919715,1.218816452389741,1.2470015828512537,2985804.0
1998-01-07,16.63,16.63,16.25,16.25,516000.0,0.0,1.0,1.266807350202587,1.266807350202587,1.2378604594583307,1.2378604594583307,6192000.0
1998-01-08,16.12,16.75,16.12,16.12,280367.0,0.0,1.0,1.227957575782664,1.27594847359551,1.227957575782664,1.227957575782664,3364404.0
1998-01-09,16.06,16.25,14.62,14.69,233967.0,0.0,1.0,1.2233870140862024,1.2378604594583307,1.1136935333711258,1.1190258553503307,2807604.0
1998-01-12,14.31,14.62,14.0,14.38,101867.0,0.0,1.0,1.0900789646060745,1.1136935333711258,1.0664643958410234,1.0954112865852796,1222404.0
1998-01-13,14.62,15.62,14.38,15.38,169867.0,0.0,1.0,1.1136935333711258,1.1898695616454844,1.0954112865852796,1.1715873148596385,2038404.0
1998-01-14,15.38,15.75,15.13,15.38,57600.0,0.0,1.0,1.1715873148596385,1.1997724453211511,1.1525433077910487,1.1715873148596385,691200.0
1998-01-15,15.25,15.5,15.13,15.38,66567.0,0.0,1.0,1.1616844311839718,1.1807284382525616,1.1525433077910487,1.1715873148596385,798804.0
1998-01-16,15.38,17.0,15.13,17.0,592017.0,0.0,1.0,1.1715873148596385,1.2949924806640998,1.1525433077910487,1.2949924806640998,7104204.0
1998-01-20,17.0,17.75,16.63,17.5,467033.0,0.0,1.0,1.2949924806640998,1.3521245018698689,1.266807350202587,1.333080494801279,5604396.0
1998-01-21,17.12,17.62,17.0,17.12,220967.0,0.0,1.0,1.3041336040570228,1.3422216181942022,1.2949924806640998,1.3041336040570228,2651604.0
1998-01-22,17.12,17.25,16.88,17.06,443750.0,0.0,1.0,1.3041336040570228,1.3140364877326893,1.2858513572711765,1.299563042360561,5325000.0
1998-01-23,17.25,17.25,16.5,16.75,533600.0,0.0,1.0,1.3140364877326893,1.3140364877326893,1.2569044665269202,1.27594847359551,6403200.0
1998-01-26,16.75,16.75,14.25,14.44,583633.0,0.0,1.0,1.27594847359551,1.27594847359551,1.085508402909613,1.0999818482817412,7003596.0
1998-01-27,14.5,15.38,12.5,14.12,669867.0,0.0,1.0,1.1045524099782027,1.1715873148596385,0.9522003534294851,1.0756055192339462,8038404.0
1998-01-28,13.75,14.12,13.37,13.97,195633.0,0.0,1.0,1.0474203887724336,1.0756055192339462,1.018473498028177,1.0641791149927926,2347596.0
1998-01-29,13.5,14.0,13.5,13.94,119200.0,0.0,1.0,1.0283763817038438,1.0664643958410234,1.0283763817038438,1.0618938341445616,1430400.0
1998-01-30,14.0,14.25,13.81,14.25,106950.0,0.0,1.0,1.0664643958410234,1.085508402909613,1.0519909504688951,1.085508402909613,1283400.0
1998-02-02,14.25,14.38,14.0,14.12,478567.0,0.0,1.0,1.085508402909613,1.0954112865852796,1.0664643958410234,1.0756055192339462,5742804.0
1998-02-03,14.31,14.31,13.75,13.81,268433.0,0.0,1.0,1.0900789646060745,1.0900789646060745,1.0474203887724336,1.0519909504688951,3221196.0
1998-02-04,13.75,14.5,13.75,14.5,989967.0,0.0,1.0,1.0474203887724336,1.1045524099782027,1.0474203887724336,1.1045524099782027,11879604.0
1998-02-05,14.5,14.56,14.25,14.44,186767.0,0.0,1.0,1.1045524099782027,1.1091229716746642,1.085508402909613,1.0999818482817412,2241204.0
1998-02-06,14.56,14.56,14.25,14.31,25350.0,0.0,1.0,1.1091229716746642,1.1091229716746642,1.085508402909613,1.0900789646060745,304200.0
1998-02-09,14.5,14.5,14.06,14.06,50767.0,0.0,1.0,1.1045524099782027,1.1045524099782027,1.071034957537485,1.071034957537485,609204.0
1998-02-10,14.06,14.25,14.06,14.19,308267.0,0.0,1.0,1.071034957537485,1.085508402909613,1.071034957537485,1.0809378412131514,3699204.0
1998-02-11,14.0,14.12,14.0,14.06,74667.0,0.0,1.0,1.0664643958410234,1.0756055192339462,1.0664643958410234,1.071034957537485,896004.0
1998-02-12,14.0,14.06,13.88,13.94,46400.0,0.0,1.0,1.0664643958410234,1.071034957537485,1.0573232724481003,1.0618938341445616,556800.0
1998-02-13,13.88,14.06,13.69,14.06,93617.0,0.0,1.0,1.0573232724481003,1.071034957537485,1.042849827075972,1.071034957537485,1123404.0
1998-02-17,13.88,14.06,13.63,13.69,35467.0,0.0,1.0,1.0573232724481003,1.071034957537485,1.0382792653795105,1.042849827075972,425604.0
1998-02-18,13.63,13.88,13.63,13.81,43833.0,0.0,1.0,1.0382792653795105,1.0573232724481003,1.0382792653795105,1.0519909504688951,525996.0
1998-02-19,14.0,14.0,13.63,13.69,136367.0,0.0,1.0,1.0664643958410234,1.0664643958410234,1.0382792653795105,1.042849827075972,1636404.0
1998-02-20,13.88,13.88,13.25,13.56,127033.0,0.0,1.0,1.0573232724481003,1.0573232724481003,1.0093323746352543,1.0329469434003054,1524396.0
1998-02-23,13.25,13.63,13.12,13.31,130400.0,0.0,1.0,1.0093323746352543,1.0382792653795105,0.9994294909595874,1.0139029363317158,1564800.0
1998-02-24,13.37,13.37,13.25,13.31,180433.0,0.0,1.0,1.018473498028177,1.018473498028177,1.0093323746352543,1.0139029363317158,2165196.0
1998-02-25,13.25,13.37,13.25,13.31,98033.0,0.0,1.0,1.0093323746352543,1.018473498028177,1.0093323746352543,1.0139029363317158,1176396.0
1998-02-26,13.25,13.5,13.25,13.5,49967.0,0.0,1.0,1.0093323746352543,1.0283763817038438,1.0093323746352543,1.0283763817038438,599604.0
1998-02-27,13.5,13.88,13.37,13.81,797617.0,0.0,1.0,1.0283763817038438,1.0573232724481003,1.018473498028177,1.0519909504688951,9571404.0
1998-03-02,13.88,14.12,13.75,14.0,733617.0,0.0,1.0,1.0573232724481003,1.0756055192339462,1.0474203887724336,1.0664643958410234,8803404.0
1998-03-03,14.0,14.12,13.88,14.0,48017.0,0.0,1.0,1.0664643958410234,1.0756055192339462,1.0573232724481003,1.0664643958410234,576204.0
1998-03-04,14.0,14.0,13.75,14.0,93867.0,0.0,1.0,1.0664643958410234,1.0664643958410234,1.0474203887724336,1.0664643958410234,1126404.0
1998-03-05,13.5,13.88,13.5,13.5,53433.0,0.0,1.0,1.0283763817038438,1.0573232724481003,1.0283763817038438,1.0283763817038438,641196.0
1998-03-06,13.5,13.75,13.5,13.69,50417.0,0.0,1.0,1.0283763817038438,1.0474203887724336,1.0283763817038438,1.042849827075972,605004.0
1998-03-09,13.63,13.75,13.12,13.25,227467.0,0.0,1.0,1.0382792653795105,1.0474203887724336,0.9994294909595874,1.0093323746352543,2729604.0
1998-03-10,13.37,13.63,13.25,13.5,338667.0,0.0,1.0,1.018473498028177,1.0382792653795105,1.0093323746352543,1.0283763817038438,4064004.0
1998-03-11,13.56,13.56,13.25,13.25,190400.0,0.0,1.0,1.0329469434003054,1.0329469434003054,1.0093323746352543,1.0093323746352543,2284800.0
1998-03-12,13.5,13.5,13.25,13.37,365767.0,0.0,1.0,1.0283763817038438,1.0283763817038438,1.0093323746352543,1.018473498028177,4389204.0
1998-03-13,13.37,14.38,13.25,14.06,551467.0,0.0,1.0,1.018473498028177,1.0954112865852796,1.0093323746352543,1.071034957537485,6617604.0
1998-03-16,14.5,14.5,14.25,14.5,270767.0,0.0,1.0,1.1045524099782027,1.1045524099782027,1.085508402909613,1.1045524099782027,3249204.0
1998-03-17,14.25,14.5,13.75,13.88,436367.0,0.0,1.0,1.085508402909613,1.1045524099782027,1.0474203887724336,1.0573232724481003,5236404.0
1998-03-18,14.0,14.0,13.75,13.81,28550.0,0.0,1.0,1.0664643958410234,1.0664643958410234,1.0474203887724336,1.0519909504688951,342600.0
1998-03-19,13.75,14.0,13.75,13.81,142033.0,0.0,1.0,1.0474203887724336,1.0664643958410234,1.0474203887724336,1.0519909504688951,1704396.0
1998-03-20,13.88,14.0,12.88,13.0,301233.0,0.0,1.0,1.0573232724481003,1.0664643958410234,0.9811472441737414,0.9902883675666645,3614796.0
1998-03-23,12.75,13.25,11.0,11.5,1278950.0,0.0,1.0,0.9712443604980748,1.0093323746352543,0.8379363110179469,0.8760243251551263,15347400.0
1998-03-24,10.63,10.63,9.5,10.5,3377967.0,0.0,1.0,0.8097511805564341,0.8097511805564341,0.7236722686064087,0.7998482968807674,40535604.0
1998-03-25,10.69,10.88,10.5,10.5,593617.0,0.0,1.0,0.8143217422528956,0.8287951876250239,0.7998482968807674,0.7998482968807674,7123404.0
1998-03-26,10.63,11.0,10.56,10.81,464550.0,0.0,1.0,0.8097511805564341,0.8379363110179469,0.8044188585772291,0.8234628656458187,5574600.0
1998-03-27,10.94,10.94,10.25,10.31,207217.0,0.0,1.0,0.8333657493214853,0.8333657493214853,0.7808042898121778,0.7853748515086393,2486604.0
1998-03-30,10.5,10.5,10.37,10.5,218233.0,0.0,1.0,0.7998482968807674,0.7998482968807674,0.7899454132051008,0.7998482968807674,2618796.0
1998-03-31,10.5,10.88,10.37,10.75,263217.0,0.0,1.0,0.7998482968807674,0.8287951876250239,0.7899454132051008,0.8188923039493572,3158604.0
1998-04-01,10.88,10.88,10.69,10.88,112017.0,0.0,1.0,0.8287951876250239,0.8287951876250239,0.8143217422528956,0.8287951876250239,1344204.0
1998-04-02,11.0,11.38,10.88,11.12,535217.0,0.0,1.0,0.8379363110179469,0.8668832017622032,0.8287951876250239,0.8470774344108699,6422604.0
1998-04-03,11.5,11.62,11.19,11.19,433233.0,0.0,1.0,0.8760243251551263,0.8851654485480492,0.852409756390075,0.852409756390075,5198796.0
1998-04-06,11.38,11.5,11.25,11.31,88017.0,0.0,1.0,0.8668832017622032,0.8760243251551263,0.8569803180865365,0.8615508797829982,1056204.0
1998-04-07,11.25,11.31,11.0,11.06,144017.0,0.0,1.0,0.8569803180865365,0.8615508797829982,0.8379363110179469,0.8425068727144084,1728204.0
1998-04-08,11.06,11.25,11.0,11.06,193600.0,0.0,1.0,0.8425068727144084,0.8569803180865365,0.8379363110179469,0.8425068727144084,2323200.0
1998-04-09,11.12,11.19,11.0,11.06,71750.0,0.0,1.0,0.8470774344108699,0.852409756390075,0.8379363110179469,0.8425068727144084,861000.0
1998-04-13,11.12,11.12,11.0,11.06,134400.0,0.0,1.0,0.8470774344108699,0.8470774344108699,0.8379363110179469,0.8425068727144084,1612800.0
1998-04-14,11.0,11.12,11.0,11.12,174150.0,0.0,1.0,0.8379363110179469,0.8470774344108699,0.8379363110179469,0.8470774344108699,2089800.0
1998-04-15,11.12,11.62,11.0,11.5,350567.0,0.0,1.0,0.8470774344108699,0.8851654485480492,0.8379363110179469,0.8760243251551263,4206804.0
1998-04-16,11.31,11.5,11.19,11.25,33350.0,0.0,1.0,0.8615508797829982,0.8760243251551263,0.852409756390075,0.8569803180865365,400200.0
1998-04-17,11.19,11.31,11.12,11.31,80967.0,0.0,1.0,0.852409756390075,0.8615508797829982,0.8470774344108699,0.8615508797829982,971604.0
1998-04-20,11.25,11.5,11.06,11.25,68000.0,0.0,1.0,0.8569803180865365,0.8760243251551263,0.8425068727144084,0.8569803180865365,816000.0
1998-04-21,11.12,11.44,11.12,11.44,547367.0,0.0,1.0,0.8470774344108699,0.8714537634586647,0.8470774344108699,0.8714537634586647,6568404.0
1998-04-22,11.25,11.44,11.25,11.31,169433.0,0.0,1.0,0.8569803180865365,0.8714537634586647,0.8569803180865365,0.8615508797829982,2033196.0
1998-04-23,11.31,11.38,11.25,11.25,63033.0,0.0,1.0,0.8615508797829982,0.8668832017622032,0.8569803180865365,0.8569803180865365,756396.0
1998-04-24,11.12,11.31,10.75,10.75,73233.0,0.0,1.0,0.8470774344108699,0.8615508797829982,0.8188923039493572,0.8188923039493572,878796.0
1998-04-27,10.81,10.81,10.37,10.5,182833.0,0.0,1.0,0.8234628656458187,0.8234628656458187,0.7899454132051008,0.7998482968807674,2193996.0
1998-04-28,10.5,10.5,10.37,10.44,103217.0,0.0,1.0,0.7998482968807674,0.7998482968807674,0.7899454132051008,0.7952777351843059,1238604.0
1998-04-29,10.63,10.88,10.5,10.75,125967.0,0.0,1.0,0.8097511805564341,0.8287951876250239,0.7998482968807674,0.8188923039493572,1511604.0
1998-04-30,10.88,11.0,10.63,10.88,144433.0,0.0,1.0,0.8287951876250239,0.8379363110179469,0.8097511805564341,0.8287951876250239,1733196.0
1998-05-01,10.88,11.12,10.81,11.12,64367.0,0.0,1.0,0.8287951876250239,0.8470774344108699,0.8234628656458187,0.8470774344108699,772404.0
1998-05-04,11.0,11.12,10.88,10.94,172817.0,0.0,1.0,0.8379363110179469,0.8470774344108699,0.8287951876250239,0.8333657493214853,2073804.0
1998-05-05,10.94,10.94,10.63,10.69,76267.0,0.0,1.0,0.8333657493214853,0.8333657493214853,0.8097511805564341,0.8143217422528956,915204.0
1998-05-06,10.69,10.88,10.63,10.75,93867.0,0.0,1.0,0.8143217422528956,0.8287951876250239,0.8097511805564341,0.8188923039493572,1126404.0
1998-05-07,10.75,11.0,10.63,10.94,81433.0,0.0,1.0,0.8188923039493572,0.8379363110179469,0.8097511805564341,0.8333657493214853,977196.0
1998-05-08,11.0,11.12,10.75,11.0,79567.0,0.0,1.0,0.8379363110179469,0.8470774344108699,0.8188923039493572,0.8379363110179469,954804.0
1998-05-11,11.02,11.25,11.0,11.19,150833.0,0.0,1.0,0.839459831583434,0.8569803180865365,0.8379363110179469,0.852409756390075,1809996.0
1998-05-12,11.12,11.44,11.12,11.44,43833.0,0.0,1.0,0.8470774344108699,0.8714537634586647,0.8470774344108699,0.8714537634586647,525996.0
1998-05-13,11.5,11.62,11.31,11.62,141600.0,0.0,1.0,0.8760243251551263,0.8851654485480492,0.8615508797829982,0.8851654485480492,1699200.0
1998-05-14,11.62,11.62,11.28,11.5,98833.0,0.0,1.0,0.8851654485480492,0.8851654485480492,0.8592655989347673,0.8760243251551263,1185996.0
1998-05-15,11.25,11.38,11.0,11.25,59833.0,0.0,1.0,0.8569803180865365,0.8668832017622032,0.8379363110179469,0.8569803180865365,717996.0
1998-05-18,11.25,11.25,11.0,11.16,46833.0,0.0,1.0,0.8569803180865365,0.8569803180865365,0.8379363110179469,0.8501244755418443,561996.0
1998-05-19,11.31,11.38,11.12,11.31,191367.0,0.0,1.0,0.8615508797829982,0.8668832017622032,0.8470774344108699,0.8615508797829982,2296404.0
1998-05-20,11.25,11.38,11.12,11.19,75567.0,0.0,1.0,0.8569803180865365,0.8668832017622032,0.8470774344108699,0.852409756390075,906804.0
1998-05-21,11.12,11.12,10.94,11.0,177167.0,0.0,1.0,0.8470774344108699,0.8470774344108699,0.8333657493214853,0.8379363110179469,2126004.0
1998-05-22,11.12,11.12,10.88,11.06,45617.0,0.0,1.0,0.8470774344108699,0.8470774344108699,0.8287951876250239,0.8425068727144084,547404.0
1998-05-26,10.88,11.12,10.44,10.44,122950.0,0.0,1.0,0.8287951876250239,0.8470774344108699,0.7952777351843059,0.7952777351843059,1475400.0
1998-05-27,10.44,10.44,10.0,10.25,97600.0,0.0,1.0,0.7952777351843059,0.7952777351843059,0.7617602827435881,0.7808042898121778,1171200.0
1998-05-28,10.25,10.5,10.19,10.31,39217.0,0.0,1.0,0.7808042898121778,0.7998482968807674,0.7762337281157162,0.7853748515086393,470604.0
1998-05-29,10.37,10.37,10.0,10.06,137617.0,0.0,1.0,0.7899454132051008,0.7899454132051008,0.7617602827435881,0.7663308444400496,1651404.0
1998-06-01,10.25,10.25,9.88,9.88,161233.0,0.0,1.0,0.7808042898121778,0.7808042898121778,0.752619159350665,0.752619159350665,1934796.0
1998-06-02,10.12,10.12,9.5,9.5,121867.0,0.0,1.0,0.770901406136511,0.770901406136511,0.7236722686064087,0.7236722686064087,1462404.0
1998-06-03,9.62,9.88,9.5,9.5,145617.0,0.0,1.0,0.7328133919993317,0.752619159350665,0.7236722686064087,0.7236722686064087,1747404.0
1998-06-04,9.62,9.75,9.5,9.56,32267.0,0.0,1.0,0.7328133919993317,0.7427162756749983,0.7236722686064087,0.7282428303028702,387204.0
1998-06-05,9.62,9.69,9.44,9.69,143633.0,0.0,1.0,0.7328133919993317,0.7381457139785368,0.7191017069099471,0.7381457139785368,1723596.0
1998-06-08,9.75,9.88,9.62,9.62,79033.0,0.0,1.0,0.7427162756749983,0.752619159350665,0.7328133919993317,0.7328133919993317,948396.0
1998-06-09,9.62,9.75,9.56,9.75,162417.0,0.0,1.0,0.7328133919993317,0.7427162756749983,0.7282428303028702,0.7427162756749983,1949004.0
1998-06-10,9.75,10.5,9.62,10.0,174833.0,0.0,1.0,0.7427162756749983,0.7998482968807674,0.7328133919993317,0.7617602827435881,2097996.0
1998-06-11,10.0,10.5,10.0,10.0,157967.0,0.0,1.0,0.7617602827435881,0.7998482968807674,0.7617602827435881,0.7617602827435881,1895604.0
1998-06-12,10.0,10.25,9.75,10.12,53167.0,0.0,1.0,0.7617602827435881,0.7808042898121778,0.7427162756749983,0.770901406136511,638004.0
1998-06-15,10.12,10.12,9.88,10.0,120800.0,0.0,1.0,0.770901406136511,0.770901406136511,0.752619159350665,0.7617602827435881,1449600.0
1998-06-16,10.0,10.12,9.88,9.94,62567.0,0.0,1.0,0.7617602827435881,0.770901406136511,0.752619159350665,0.7571897210471265,750804.0
1998-06-17,10.12,10.25,9.94,10.0,200000.0,0.0,1.0,0.770901406136511,0.7808042898121778,0.7571897210471265,0.7617602827435881,2400000.0
1998-06-18,9.88,10.0,9.88,9.88,52000.0,0.0,1.0,0.752619159350665,0.7617602827435881,0.752619159350665,0.752619159350665,624000.0
1998-06-19,9.88,10.0,9.75,9.75,119033.0,0.0,1.0,0.752619159350665,0.7617602827435881,0.7427162756749983,0.7427162756749983,1428396.0
1998-06-22,10.0,10.12,9.75,10.12,39467.0,0.0,1.0,0.7617602827435881,0.770901406136511,0.7427162756749983,0.770901406136511,473604.0
1998-06-23,10.12,10.37,10.0,10.0,46417.0,0.0,1.0,0.770901406136511,0.7899454132051008,0.7617602827435881,0.7617602827435881,557004.0
1998-06-24,10.0,10.31,9.75,9.81,79833.0,0.0,1.0,0.7617602827435881,0.7853748515086393,0.7427162756749983,0.74728683737146,957996.0
1998-06-25,9.94,9.94,9.38,9.38,97350.0,0.0,1.0,0.7571897210471265,0.7571897210471265,0.7145311452134857,0.7145311452134857,1168200.0
1998-06-26,9.75,10.0,9.5,9.62,98150.0,0.0,1.0,0.7427162756749983,0.7617602827435881,0.7236722686064087,0.7328133919993317,1177800.0
1998-06-29,9.75,10.5,9.62,10.44,151367.0,0.0,1.0,0.7427162756749983,0.7998482968807674,0.7328133919993317,0.7952777351843059,1816404.0
1998-06-30,10.25,10.5,10.19,10.31,257233.0,0.0,1.0,0.7808042898121778,0.7998482968807674,0.7762337281157162,0.7853748515086393,3086796.0
1998-07-01,10.5,11.19,10.31,11.0,336367.0,0.0,1.0,0.7998482968807674,0.852409756390075,0.7853748515086393,0.8379363110179469,4036404.0
1998-07-02,11.25,11.81,10.75,11.56,220367.0,0.0,1.0,0.8569803180865365,0.8996388939201776,0.8188923039493572,0.8805948868515878,2644404.0
1998-07-06,11.5,11.75,11.38,11.62,289167.0,0.0,1.0,0.8760243251551263,0.895068332223716,0.8668832017622032,0.8851654485480492,3470004.0
1998-07-07,11.69,11.87,11.25,11.5,183217.0,0.0,1.0,0.8904977705272544,0.904209455616639,0.8569803180865365,0.8760243251551263,2198604.0
1998-07-08,11.5,12.38,11.25,11.81,285233.0,0.0,1.0,0.8760243251551263,0.9430592300365621,0.8569803180865365,0.8996388939201776,3422796.0
1998-07-09,11.87,12.19,11.75,12.0,177600.0,0.0,1.0,0.904209455616639,0.9285857846644338,0.895068332223716,0.9141123392923056,2131200.0
1998-07-10,12.06,12.38,12.0,12.0,186233.0,0.0,1.0,0.9186829009887673,0.9430592300365621,0.9141123392923056,0.9141123392923056,2234796.0
1998-07-13,12.25,12.25,12.0,12.25,35633.0,0.0,1.0,0.9331563463608954,0.9331563463608954,0.9141123392923056,0.9331563463608954,427596.0
1998-07-14,12.38,13.06,12.06,12.81,321600.0,0.0,1.0,0.9430592300365621,0.994858929263126,0.9186829009887673,0.9758149221945364,3859200.0
1998-07-15,12.81,13.44,12.81,13.06,222667.0,0.0,1.0,0.9758149221945364,1.0238058200073823,0.9758149221945364,0.994858929263126,2672004.0
1998-07-16,13.12,13.31,13.0,13.12,56000.0,0.0,1.0,0.9994294909595874,1.0139029363317158,0.9902883675666645,0.9994294909595874,672000.0
1998-07-17,13.5,13.5,13.12,13.19,53867.0,0.0,1.0,1.0283763817038438,1.0283763817038438,0.9994294909595874,1.0047618129387925,646404.0
1998-07-20,13.37,13.69,13.19,13.63,311033.0,0.0,1.0,1.018473498028177,1.042849827075972,1.0047618129387925,1.0382792653795105,3732396.0
1998-07-21,13.63,13.63,12.69,13.12,427367.0,0.0,1.0,1.0382792653795105,1.0382792653795105,0.9666737988016132,0.9994294909595874,5128404.0
1998-07-22,13.37,13.63,13.06,13.63,417600.0,0.0,1.0,1.018473498028177,1.0382792653795105,0.994858929263126,1.0382792653795105,5011200.0
1998-07-23,13.63,13.75,13.25,13.31,203567.0,0.0,1.0,1.0382792653795105,1.0474203887724336,1.0093323746352543,1.0139029363317158,2442804.0
1998-07-24,13.5,13.5,13.25,13.37,386033.0,0.0,1.0,1.0283763817038438,1.0283763817038438,1.0093323746352543,1.018473498028177,4632396.0
1998-07-27,13.31,13.37,12.75,12.94,291567.0,0.0,1.0,1.0139029363317158,1.018473498028177,0.9712443604980748,0.985717805870203,3498804.0
1998-07-28,12.75,12.75,11.5,12.13,130150.0,0.0,1.0,0.9712443604980748,0.9712443604980748,0.8760243251551263,0.9240152229679723,1561800.0
1998-07-29,12.0,12.31,11.62,12.31,85167.0,0.0,1.0,0.9141123392923056,0.9377269080573569,0.8851654485480492,0.9377269080573569,1022004.0
1998-07-30,12.38,13.12,12.13,12.81,91217.0,0.0,1.0,0.9430592300365621,0.9994294909595874,0.9240152229679723,0.9758149221945364,1094604.0
1998-07-31,13.0,13.0,12.38,12.62,69600.0,0.0,1.0,0.9902883675666645,0.9902883675666645,0.9430592300365621,0.9613414768224081,835200.0
1998-08-03,12.62,12.75,12.38,12.38,68000.0,0.0,1.0,0.9613414768224081,0.9712443604980748,0.9430592300365621,0.9430592300365621,816000.0
1998-08-04,12.38,12.62,11.38,11.62,228550.0,0.0,1.0,0.9430592300365621,0.9613414768224081,0.8668832017622032,0.8851654485480492,2742600.0
1998-08-05,11.5,11.5,11.0,11.38,116367.0,0.0,1.0,0.8760243251551263,0.8760243251551263,0.8379363110179469,0.8668832017622032,1396404.0
1998-08-06,11.38,11.62,10.88,11.0,88550.0,0.0,1.0,0.8668832017622032,0.8851654485480492,0.8287951876250239,0.8379363110179469,1062600.0
1998-08-07,11.12,11.5,11.0,11.25,105600.0,0.0,1.0,0.8470774344108699,0.8760243251551263,0.8379363110179469,0.8569803180865365,1267200.0
1998-08-10,11.25,11.69,11.12,11.62,57767.0,0.0,1.0,0.8569803180865365,0.8904977705272544,0.8470774344108699,0.8851654485480492,693204.0
1998-08-11,11.25,11.38,11.0,11.38,104633.0,0.0,1.0,0.8569803180865365,0.8668832017622032,0.8379363110179469,0.8668832017622032,1255596.0
1998-08-12,11.38,11.5,11.25,11.5,67367.0,0.0,1.0,0.8668832017622032,0.8760243251551263,0.8569803180865365,0.8760243251551263,808404.0
1998-08-13,11.5,11.5,11.0,11.25,171750.0,0.0,1.0,0.8760243251551263,0.8760243251551263,0.8379363110179469,0.8569803180865365,2061000.0
1998-08-14,11.38,11.38,11.0,11.38,12967.0,0.0,1.0,0.8668832017622032,0.8668832017622032,0.8379363110179469,0.8668832017622032,155604.0
1998-08-17,11.0,11.38,11.0,11.31,116167.0,0.0,1.0,0.8379363110179469,0.8668832017622032,0.8379363110179469,0.8615508797829982,1394004.0
1998-08-18,11.12,11.38,11.12,11.25,7467.0,0.0,1.0,0.8470774344108699,0.8668832017622032,0.8470774344108699,0.8569803180865365,89604.0
1998-08-19,11.5,11.5,11.0,11.12,45167.0,0.0,1.0,0.8760243251551263,0.8760243251551263,0.8379363110179469,0.8470774344108699,542004.0
1998-08-20,11.25,13.12,11.0,12.25,412817.0,0.0,1.0,0.8569803180865365,0.9994294909595874,0.8379363110179469,0.9331563463608954,4953804.0
1998-08-21,12.13,12.62,12.0,12.13,150400.0,0.0,1.0,0.9240152229679723,0.9613414768224081,0.9141123392923056,0.9240152229679723,1804800.0
1998-08-24,12.13,12.5,12.13,12.25,90400.0,0.0,1.0,0.9240152229679723,0.9522003534294851,0.9240152229679723,0.9331563463608954,1084800.0
1998-08-25,12.5,12.5,11.5,11.62,448817.0,0.0,1.0,0.9522003534294851,0.9522003534294851,0.8760243251551263,0.8851654485480492,5385804.0
1998-08-26,11.5,11.5,10.88,10.94,100367.0,0.0,1.0,0.8760243251551263,0.8760243251551263,0.8287951876250239,0.8333657493214853,1204404.0
1998-08-27,11.0,11.0,9.38,10.5,170567.0,0.0,1.0,0.8379363110179469,0.8379363110179469,0.7145311452134857,0.7998482968807674,2046804.0
1998-08-28,10.75,11.25,10.63,10.69,255750.0,0.0,1.0,0.8188923039493572,0.8569803180865365,0.8097511805564341,0.8143217422528956,3069000.0
1998-08-31,10.5,11.0,10.0,10.12,101350.0,0.0,1.0,0.7998482968807674,0.8379363110179469,0.7617602827435881,0.770901406136511,1216200.0
1998-09-01,10.37,10.63,10.12,10.37,90400.0,0.0,1.0,0.7899454132051008,0.8097511805564341,0.770901406136511,0.7899454132051008,1084800.0
1998-09-02,10.63,10.69,10.12,10.5,60017.0,0.0,1.0,0.8097511805564341,0.8143217422528956,0.770901406136511,0.7998482968807674,720204.0
1998-09-03,10.5,11.0,10.25,10.63,84017.0,0.0,1.0,0.7998482968807674,0.8379363110179469,0.7808042898121778,0.8097511805564341,1008204.0
1998-09-04,10.88,11.87,10.63,11.0,101867.0,0.0,1.0,0.8287951876250239,0.904209455616639,0.8097511805564341,0.8379363110179469,1222404.0
1998-09-08,11.62,11.87,11.0,11.31,84550.0,0.0,1.0,0.8851654485480492,0.904209455616639,0.8379363110179469,0.8615508797829982,1014600.0
1998-09-09,11.25,11.5,11.25,11.25,51567.0,0.0,1.0,0.8569803180865365,0.8760243251551263,0.8569803180865365,0.8569803180865365,618804.0
1998-09-10,11.12,11.38,10.75,11.38,62767.0,0.0,1.0,0.8470774344108699,0.8668832017622032,0.8188923039493572,0.8668832017622032,753204.0
1998-09-11,11.06,11.12,11.0,11.0,11217.0,0.0,1.0,0.8425068727144084,0.8470774344108699,0.8379363110179469,0.8379363110179469,134604.0
1998-09-14,11.62,11.62,10.88,10.88,22150.0,0.0,1.0,0.8851654485480492,0.8851654485480492,0.8287951876250239,0.8287951876250239,265800.0
1998-09-15,11.0,11.0,10.63,10.75,9600.0,0.0,1.0,0.8379363110179469,0.8379363110179469,0.8097511805564341,0.8188923039493572,115200.0
1998-09-16,11.0,11.12,10.75,11.12,61167.0,0.0,1.0,0.8379363110179469,0.8470774344108699,0.8188923039493572,0.8470774344108699,734004.0
1998-09-17,10.63,11.0,10.37,10.75,19833.0,0.0,1.0,0.8097511805564341,0.8379363110179469,0.7899454132051008,0.8188923039493572,237996.0
1998-09-18,11.0,11.12,9.88,10.37,520367.0,0.0,1.0,0.8379363110179469,0.8470774344108699,0.752619159350665,0.7899454132051008,6244404.0
1998-09-21,9.75,10.25,9.38,10.06,133167.0,0.0,1.0,0.7427162756749983,0.7808042898121778,0.7145311452134857,0.7663308444400496,1598004.0
1998-09-22,10.56,10.75,10.12,10.37,46667.0,0.0,1.0,0.8044188585772291,0.8188923039493572,0.770901406136511,0.7899454132051008,560004.0
1998-09-23,10.81,11.25,10.5,10.88,165867.0,0.0,1.0,0.8234628656458187,0.8569803180865365,0.7998482968807674,0.8287951876250239,1990404.0
1998-09-24,11.25,11.31,11.0,11.19,107467.0,0.0,1.0,0.8569803180865365,0.8615508797829982,0.8379363110179469,0.852409756390075,1289604.0
1998-09-25,10.63,11.06,10.63,10.88,26400.0,0.0,1.0,0.8097511805564341,0.8425068727144084,0.8097511805564341,0.8287951876250239,316800.0
1998-09-28,11.5,12.25,11.31,11.38,205433.0,0.0,1.0,0.8760243251551263,0.9331563463608954,0.8615508797829982,0.8668832017622032,2465196.0
1998-09-29,11.56,11.56,11.06,11.06,25967.0,0.0,1.0,0.8805948868515878,0.8805948868515878,0.8425068727144084,0.8425068727144084,311604.0
1998-09-30,11.0,11.25,10.75,11.25,44817.0,0.0,1.0,0.8379363110179469,0.8569803180865365,0.8188923039493572,0.8569803180865365,537804.0
1998-10-01,11.25,11.25,10.31,10.5,53233.0,0.0,1.0,0.8569803180865365,0.8569803180865365,0.7853748515086393,0.7998482968807674,638796.0
1998-10-02,10.31,10.69,10.25,10.44,22400.0,0.0,1.0,0.7853748515086393,0.8143217422528956,0.7808042898121778,0.7952777351843059,268800.0
1998-10-05,10.25,10.63,10.0,10.0,82767.0,0.0,1.0,0.7808042898121778,0.8097511805564341,0.7617602827435881,0.7617602827435881,993204.0
1998-10-06,10.12,10.12,9.88,9.94,36267.0,0.0,1.0,0.770901406136511,0.770901406136511,0.752619159350665,0.7571897210471265,435204.0
1998-10-07,9.88,10.12,9.69,9.75,78150.0,0.0,1.0,0.752619159350665,0.770901406136511,0.7381457139785368,0.7427162756749983,937800.0
1998-10-08,9.75,9.88,9.5,9.75,225167.0,0.0,1.0,0.7427162756749983,0.752619159350665,0.7236722686064087,0.7427162756749983,2702004.0
1998-10-09,10.0,10.0,9.56,9.94,60000.0,0.0,1.0,0.7617602827435881,0.7617602827435881,0.7282428303028702,0.7571897210471265,720000.0
1998-10-12,10.0,10.12,9.75,9.81,45167.0,0.0,1.0,0.7617602827435881,0.770901406136511,0.7427162756749983,0.74728683737146,542004.0
1998-10-13,9.88,10.0,9.69,9.69,80800.0,0.0,1.0,0.752619159350665,0.7617602827435881,0.7381457139785368,0.7381457139785368,969600.0
1998-10-14,9.62,9.88,9.5,9.5,128967.0,0.0,1.0,0.7328133919993317,0.752619159350665,0.7236722686064087,0.7236722686064087,1547604.0
1998-10-15,9.75,9.75,9.44,9.5,158417.0,0.0,1.0,0.7427162756749983,0.7427162756749983,0.7191017069099471,0.7236722686064087,1901004.0
1998-10-16,9.5,9.5,9.19,9.25,65600.0,0.0,1.0,0.7236722686064087,0.7236722686064087,0.7000576998413574,0.704628261537819,787200.0
1998-10-19,9.13,10.25,8.75,10.12,468817.0,0.0,1.0,0.6954871381448959,0.7808042898121778,0.6665402474006396,0.770901406136511,5625804.0
1998-10-20,10.25,10.5,9.31,9.56,270150.0,0.0,1.0,0.7808042898121778,0.7998482968807674,0.7091988232342805,0.7282428303028702,3241800.0
1998-10-21,9.62,10.25,9.31,10.19,191633.0,0.0,1.0,0.7328133919993317,0.7808042898121778,0.7091988232342805,0.7762337281157162,2299596.0
1998-10-22,10.25,10.5,9.62,10.37,425600.0,0.0,1.0,0.7808042898121778,0.7998482968807674,0.7328133919993317,0.7899454132051008,5107200.0
1998-10-23,10.5,10.5,10.25,10.37,163833.0,0.0,1.0,0.7998482968807674,0.7998482968807674,0.7808042898121778,0.7899454132051008,1965996.0
1998-10-26,10.63,10.75,10.31,10.37,70950.0,0.0,1.0,0.8097511805564341,0.8188923039493572,0.7853748515086393,0.7899454132051008,851400.0
1998-10-27,10.5,10.56,10.31,10.37,65600.0,0.0,1.0,0.7998482968807674,0.8044188585772291,0.7853748515086393,0.7899454132051008,787200.0
1998-10-28,10.31,10.5,10.12,10.37,98150.0,0.0,1.0,0.7853748515086393,0.7998482968807674,0.770901406136511,0.7899454132051008,1177800.0
1998-10-29,10.31,10.5,10.31,10.44,80017.0,0.0,1.0,0.7853748515086393,0.7998482968807674,0.7853748515086393,0.7952777351843059,960204.0
1998-10-30,10.5,10.69,10.37,10.56,222833.0,0.0,1.0,0.7998482968807674,0.8143217422528956,0.7899454132051008,0.8044188585772291,2673996.0
1998-11-02,10.75,11.44,10.75,11.19,381167.0,0.0,1.0,0.8188923039493572,0.8714537634586647,0.8188923039493572,0.852409756390075,4574004.0
1998-11-03,11.19,11.31,10.81,11.06,181867.0,0.0,1.0,0.852409756390075,0.8615508797829982,0.8234628656458187,0.8425068727144084,2182404.0
1998-11-04,11.12,11.87,11.12,11.87,457233.0,0.0,1.0,0.8470774344108699,0.904209455616639,0.8470774344108699,0.904209455616639,5486796.0
1998-11-05,11.56,13.06,11.44,12.81,527633.0,0.0,1.0,0.8805948868515878,0.994858929263126,0.8714537634586647,0.9758149221945364,6331596.0
1998-11-06,12.88,13.63,12.88,13.44,499367.0,0.0,1.0,0.9811472441737414,1.0382792653795105,0.9811472441737414,1.0238058200073823,5992404.0
1998-11-09,13.25,13.56,13.0,13.5,313350.0,0.0,1.0,1.0093323746352543,1.0329469434003054,0.9902883675666645,1.0283763817038438,3760200.0
1998-11-10,13.37,13.5,12.88,13.31,224967.0,0.0,1.0,1.018473498028177,1.0283763817038438,0.9811472441737414,1.0139029363317158,2699604.0
1998-11-11,13.63,13.75,13.31,13.31,693867.0,0.0,1.0,1.0382792653795105,1.0474203887724336,1.0139029363317158,1.0139029363317158,8326404.0
1998-11-12,13.37,13.56,12.5,13.37,228817.0,0.0,1.0,1.018473498028177,1.0329469434003054,0.9522003534294851,1.018473498028177,2745804.0
1998-11-13,13.25,13.63,13.25,13.56,219567.0,0.0,1.0,1.0093323746352543,1.0382792653795105,1.0093323746352543,1.0329469434003054,2634804.0
1998-11-16,13.5,13.81,13.5,13.75,434950.0,0.0,1.0,1.0283763817038438,1.0519909504688951,1.0283763817038438,1.0474203887724336,5219400.0
1998-11-17,13.5,13.94,13.5,13.94,363567.0,0.0,1.0,1.0283763817038438,1.0618938341445616,1.0283763817038438,1.0618938341445616,4362804.0
1998-11-18,14.0,14.87,13.94,14.62,815833.0,0.0,1.0,1.0664643958410234,1.1327375404397153,1.0618938341445616,1.1136935333711258,9789996.0
1998-11-19,14.75,14.81,14.25,14.38,447750.0,0.0,1.0,1.1235964170467925,1.128166978743254,1.085508402909613,1.0954112865852796,5373000.0
1998-11-20,14.38,14.5,14.0,14.25,287833.0,0.0,1.0,1.0954112865852796,1.1045524099782027,1.0664643958410234,1.085508402909613,3453996.0
1998-11-23,14.31,14.56,14.25,14.5,413233.0,0.0,1.0,1.0900789646060745,1.1091229716746642,1.085508402909613,1.1045524099782027,4958796.0
1998-11-24,14.56,14.75,14.5,14.75,495467.0,0.0,1.0,1.1091229716746642,1.1235964170467925,1.1045524099782027,1.1235964170467925,5945604.0
1998-11-25,14.62,14.75,13.94,14.12,481967.0,0.0,1.0,1.1136935333711258,1.1235964170467925,1.0618938341445616,1.0756055192339462,5783604.0
1998-11-27,14.12,14.25,13.88,13.94,22950.0,0.0,1.0,1.0756055192339462,1.085508402909613,1.0573232724481003,1.0618938341445616,275400.0
1998-11-30,13.75,13.75,12.19,13.37,371750.0,0.0,1.0,1.0474203887724336,1.0474203887724336,0.9285857846644338,1.018473498028177,4461000.0
1998-12-01,13.0,13.69,12.88,13.69,202567.0,0.0,1.0,0.9902883675666645,1.042849827075972,0.9811472441737414,1.042849827075972,2430804.0
1998-12-02,13.56,13.88,13.37,13.63,241617.0,0.0,1.0,1.0329469434003054,1.0573232724481003,1.018473498028177,1.0382792653795105,2899404.0
1998-12-03,13.5,13.75,13.19,13.19,36817.0,0.0,1.0,1.0283763817038438,1.0474203887724336,1.0047618129387925,1.0047618129387925,441804.0
1998-12-04,13.25,13.63,13.06,13.06,98150.0,0.0,1.0,1.0093323746352543,1.0382792653795105,0.994858929263126,0.994858929263126,1177800.0
1998-12-07,13.25,13.25,12.75,12.81,49167.0,0.0,1.0,1.0093323746352543,1.0093323746352543,0.9712443604980748,0.9758149221945364,590004.0
1998-12-08,12.94,12.94,11.81,12.06,245967.0,0.0,1.0,0.985717805870203,0.985717805870203,0.8996388939201776,0.9186829009887673,2951604.0
1998-12-09,11.87,12.06,11.62,11.75,358150.0,0.0,1.0,0.904209455616639,0.9186829009887673,0.8851654485480492,0.895068332223716,4297800.0
1998-12-10,11.81,12.06,11.56,12.0,281617.0,0.0,1.0,0.8996388939201776,0.9186829009887673,0.8805948868515878,0.9141123392923056,3379404.0
1998-12-11,11.62,12.0,11.5,11.81,259217.0,0.0,1.0,0.8851654485480492,0.9141123392923056,0.8760243251551263,0.8996388939201776,3110604.0
1998-12-14,11.87,12.0,10.75,10.94,185600.0,0.0,1.0,0.904209455616639,0.9141123392923056,0.8188923039493572,0.8333657493214853,2227200.0
1998-12-15,10.88,11.0,10.75,10.88,120550.0,0.0,1.0,0.8287951876250239,0.8379363110179469,0.8188923039493572,0.8287951876250239,1446600.0
1998-12-16,11.0,11.0,9.75,10.31,690033.0,0.0,1.0,0.8379363110179469,0.8379363110179469,0.7427162756749983,0.7853748515086393,8280396.0
1998-12-17,10.31,10.69,10.19,10.69,295217.0,0.0,1.0,0.7853748515086393,0.8143217422528956,0.7762337281157162,0.8143217422528956,3542604.0
1998-12-18,11.0,11.25,10.37,10.63,224167.0,0.0,1.0,0.8379363110179469,0.8569803180865365,0.7899454132051008,0.8097511805564341,2690004.0
1998-12-21,10.25,11.0,10.25,10.94,130567.0,0.0,1.0,0.7808042898121778,0.8379363110179469,0.7808042898121778,0.8333657493214853,1566804.0
1998-12-22,11.0,11.0,10.63,10.63,115200.0,0.0,1.0,0.8379363110179469,0.8379363110179469,0.8097511805564341,0.8097511805564341,1382400.0
1998-12-23,10.63,10.88,9.38,9.81,433167.0,0.0,1.0,0.8097511805564341,0.8287951876250239,0.7145311452134857,0.74728683737146,5198004.0
1998-12-24,10.0,10.37,9.75,10.0,268367.0,0.0,1.0,0.7617602827435881,0.7899454132051008,0.7427162756749983,0.7617602827435881,3220404.0
1998-12-28,10.06,11.0,10.06,10.75,1299833.0,0.0,1.0,0.7663308444400496,0.8379363110179469,0.7663308444400496,0.8188923039493572,15597996.0
1998-12-29,10.37,11.12,10.31,10.5,119750.0,0.0,1.0,0.7899454132051008,0.8470774344108699,0.7853748515086393,0.7998482968807674,1437000.0
1998-12-30,10.75,11.0,10.56,10.69,81233.0,0.0,1.0,0.8188923039493572,0.8379363110179469,0.8044188585772291,0.8143217422528956,974796.0
1998-12-31,10.63,11.12,10.56,11.12,236167.0,0.0,1.0,0.8097511805564341,0.8470774344108699,0.8044188585772291,0.8470774344108699,2834004.0
1999-01-04,11.0,11.25,10.63,10.88,159217.0,0.0,1.0,0.8379363110179469,0.8569803180865365,0.8097511805564341,0.8287951876250239,1910604.0
1999-01-05,11.12,11.12,10.81,10.81,83467.0,0.0,1.0,0.8470774344108699,0.8470774344108699,0.8234628656458187,0.8234628656458187,1001604.0
1999-01-06,11.12,11.12,10.88,11.0,312800.0,0.0,1.0,0.8470774344108699,0.8470774344108699,0.8287951876250239,0.8379363110179469,3753600.0
1999-01-07,10.88,11.06,10.88,10.94,167367.0,0.0,1.0,0.8287951876250239,0.8425068727144084,0.8287951876250239,0.8333657493214853,2008404.0
1999-01-08,11.0,11.0,10.69,10.81,407750.0,0.0,1.0,0.8379363110179469,0.8379363110179469,0.8143217422528956,0.8234628656458187,4893000.0
1999-01-11,10.88,12.44,10.75,12.06,504817.0,0.0,1.0,0.8287951876250239,0.9476297917330235,0.8188923039493572,0.9186829009887673,6057804.0
1999-01-12,12.06,12.31,11.69,11.94,168000.0,0.0,1.0,0.9186829009887673,0.9377269080573569,0.8904977705272544,0.9095417775958441,2016000.0
1999-01-13,11.75,12.44,11.19,11.75,262767.0,0.0,1.0,0.895068332223716,0.9476297917330235,0.852409756390075,0.895068332223716,3153204.0
1999-01-14,12.5,12.62,11.75,11.87,379567.0,0.0,1.0,0.9522003534294851,0.9613414768224081,0.895068332223716,0.904209455616639,4554804.0
1999-01-15,12.0,12.62,11.75,12.56,769233.0,0.0,1.0,0.9141123392923056,0.9613414768224081,0.895068332223716,0.9567709151259467,9230796.0
1999-01-19,12.75,13.5,12.56,13.37,973767.0,0.0,1.0,0.9712443604980748,1.0283763817038438,0.9567709151259467,1.018473498028177,11685204.0
1999-01-20,13.44,13.75,13.37,13.69,651833.0,0.0,1.0,1.0238058200073823,1.0474203887724336,1.018473498028177,1.042849827075972,7821996.0
1999-01-21,13.63,13.81,13.56,13.63,494567.0,0.0,1.0,1.0382792653795105,1.0519909504688951,1.0329469434003054,1.0382792653795105,5934804.0
1999-01-22,13.31,13.5,12.81,12.81,219033.0,0.0,1.0,1.0139029363317158,1.0283763817038438,0.9758149221945364,0.9758149221945364,2628396.0
1999-01-25,12.81,13.12,12.25,13.12,161067.0,0.0,1.0,0.9758149221945364,0.9994294909595874,0.9331563463608954,0.9994294909595874,1932804.0
1999-01-26,12.94,13.19,12.62,13.12,268433.0,0.0,1.0,0.985717805870203,1.0047618129387925,0.9613414768224081,0.9994294909595874,3221196.0
1999-01-27,13.06,13.06,12.62,12.94,349067.0,0.0,1.0,0.994858929263126,0.994858929263126,0.9613414768224081,0.985717805870203,4188804.0
1999-01-28,12.81,12.94,12.5,12.56,399833.0,0.0,1.0,0.9758149221945364,0.985717805870203,0.9522003534294851,0.9567709151259467,4797996.0
1999-01-29,12.75,12.75,12.38,12.5,105867.0,0.0,1.0,0.9712443604980748,0.9712443604980748,0.9430592300365621,0.9522003534294851,1270404.0
1999-02-01,12.38,12.62,12.25,12.44,214417.0,0.0,1.0,0.9430592300365621,0.9613414768224081,0.9331563463608954,0.9476297917330235,2573004.0
1999-02-02,12.5,12.75,12.44,12.44,128633.0,0.0,1.0,0.9522003534294851,0.9712443604980748,0.9476297917330235,0.9476297917330235,1543596.0
1999-02-03,12.5,12.5,11.56,12.0,183367.0,0.0,1.0,0.9522003534294851,0.9522003534294851,0.8805948868515878,0.9141123392923056,2200404.0
1999-02-04,12.0,13.12,12.0,12.62,380167.0,0.0,1.0,0.9141123392923056,0.9994294909595874,0.9141123392923056,0.9613414768224081,4562004.0
1999-02-05,12.62,12.81,12.62,12.75,395367.0,0.0,1.0,0.9613414768224081,0.9758149221945364,0.9613414768224081,0.9712443604980748,4744404.0
1999-02-08,12.75,12.81,12.13,12.44,122667.0,0.0,1.0,0.9712443604980748,0.9758149221945364,0.9240152229679723,0.9476297917330235,1472004.0
1999-02-09,12.38,12.5,11.87,12.0,224817.0,0.0,1.0,0.9430592300365621,0.9522003534294851,0.904209455616639,0.9141123392923056,2697804.0
1999-02-10,11.87,12.0,11.69,11.87,130150.0,0.0,1.0,0.904209455616639,0.9141123392923056,0.8904977705272544,0.904209455616639,1561800.0
1999-02-11,11.87,12.56,11.38,11.75,216967.0,0.0,1.0,0.904209455616639,0.9567709151259467,0.8668832017622032,0.895068332223716,2603604.0
1999-02-12,12.0,12.13,11.38,11.87,128967.0,0.0,1.0,0.9141123392923056,0.9240152229679723,0.8668832017622032,0.904209455616639,1547604.0
1999-02-16,12.13,12.5,11.62,12.0,74833.0,0.0,1.0,0.9240152229679723,0.9522003534294851,0.8851654485480492,0.9141123392923056,897996.0
1999-02-17,11.75,12.0,11.38,11.56,154150.0,0.0,1.0,0.895068332223716,0.9141123392923056,0.8668832017622032,0.8805948868515878,1849800.0
1999-02-18,11.69,11.69,11.38,11.44,112800.0,0.0,1.0,0.8904977705272544,0.8904977705272544,0.8668832017622032,0.8714537634586647,1353600.0
1999-02-19,11.38,11.5,10.75,11.0,366033.0,0.0,1.0,0.8668832017622032,0.8760243251551263,0.8188923039493572,0.8379363110179469,4392396.0
1999-02-22,11.25,11.25,10.63,10.88,155750.0,0.0,1.0,0.8569803180865365,0.8569803180865365,0.8097511805564341,0.8287951876250239,1869000.0
1999-02-23,10.88,11.0,10.25,10.63,91750.0,0.0,1.0,0.8287951876250239,0.8379363110179469,0.7808042898121778,0.8097511805564341,1101000.0
1999-02-24,10.37,10.5,10.19,10.25,162767.0,0.0,1.0,0.7899454132051008,0.7998482968807674,0.7762337281157162,0.7808042898121778,1953204.0
1999-02-25,10.25,10.5,10.25,10.5,106233.0,0.0,1.0,0.7808042898121778,0.7998482968807674,0.7808042898121778,0.7998482968807674,1274796.0
1999-02-26,10.63,11.25,10.37,10.88,398233.0,0.0,1.0,0.8097511805564341,0.8569803180865365,0.7899454132051008,0.8287951876250239,4778796.0
1999-03-01,11.12,11.12,10.75,10.88,295033.0,0.0,1.0,0.8470774344108699,0.8470774344108699,0.8188923039493572,0.8287951876250239,3540396.0
1999-03-02,11.5,11.75,11.12,11.19,316367.0,0.0,1.0,0.8760243251551263,0.895068332223716,0.8470774344108699,0.852409756390075,3796404.0
1999-03-03,11.25,11.38,10.88,10.94,138400.0,0.0,1.0,0.8569803180865365,0.8668832017622032,0.8287951876250239,0.8333657493214853,1660800.0
1999-03-04,11.0,11.06,10.56,10.75,1691200.0,0.0,1.0,0.8379363110179469,0.8425068727144084,0.8044188585772291,0.8188923039493572,20294400.0
1999-03-05,10.81,11.25,10.75,11.12,1136800.0,0.0,1.0,0.8234628656458187,0.8569803180865365,0.8188923039493572,0.8470774344108699,13641600.0
1999-03-08,11.56,12.31,11.56,11.69,419367.0,0.0,1.0,0.8805948868515878,0.9377269080573569,0.8805948868515878,0.8904977705272544,5032404.0
1999-03-09,12.0,12.06,11.31,11.31,68967.0,0.0,1.0,0.9141123392923056,0.9186829009887673,0.8615508797829982,0.8615508797829982,827604.0
1999-03-10,11.5,11.5,11.12,11.31,96817.0,0.0,1.0,0.8760243251551263,0.8760243251551263,0.8470774344108699,0.8615508797829982,1161804.0
1999-03-11,11.5,11.62,11.19,11.19,97867.0,0.0,1.0,0.8760243251551263,0.8851654485480492,0.852409756390075,0.852409756390075,1174404.0
1999-03-12,11.19,11.75,11.19,11.19,74950.0,0.0,1.0,0.852409756390075,0.895068332223716,0.852409756390075,0.852409756390075,899400.0
1999-03-15,11.25,11.62,11.19,11.38,90833.0,0.0,1.0,0.8569803180865365,0.8851654485480492,0.852409756390075,0.8668832017622032,1089996.0
1999-03-16,11.5,11.5,11.25,11.38,214233.0,0.0,1.0,0.8760243251551263,0.8760243251551263,0.8569803180865365,0.8668832017622032,2570796.0
1999-03-17,11.31,12.06,11.31,12.0,344167.0,0.0,1.0,0.8615508797829982,0.9186829009887673,0.8615508797829982,0.9141123392923056,4130004.0
1999-03-18,12.06,12.62,11.94,12.44,289167.0,0.0,1.0,0.9186829009887673,0.9613414768224081,0.9095417775958441,0.9476297917330235,3470004.0
1999-03-19,12.38,13.0,12.38,12.94,236267.0,0.0,1.0,0.9430592300365621,0.9902883675666645,0.9430592300365621,0.985717805870203,2835204.0
1999-03-22,12.69,12.94,12.69,12.69,126233.0,0.0,1.0,0.9666737988016132,0.985717805870203,0.9666737988016132,0.9666737988016132,1514796.0
1999-03-23,11.12,12.06,9.75,12.06,1471467.0,0.0,1.0,0.8470774344108699,0.9186829009887673,0.7427162756749983,0.9186829009887673,17657604.0
1999-03-24,11.87,12.06,10.5,11.0,704550.0,0.0,1.0,0.904209455616639,0.9186829009887673,0.7998482968807674,0.8379363110179469,8454600.0
1999-03-25,11.0,11.87,11.0,11.75,163567.0,0.0,1.0,0.8379363110179469,0.904209455616639,0.8379363110179469,0.895068332223716,1962804.0
1999-03-26,11.81,11.81,11.5,11.56,106833.0,0.0,1.0,0.8996388939201776,0.8996388939201776,0.8760243251551263,0.8805948868515878,1281996.0
1999-03-29,11.5,12.75,11.5,12.75,637967.0,0.0,1.0,0.8760243251551263,0.9712443604980748,0.8760243251551263,0.9712443604980748,7655604.0
1999-03-30,12.62,13.25,11.69,12.03,782417.0,0.0,1.0,0.9613414768224081,1.0093323746352543,0.8904977705272544,0.9163976201405364,9389004.0
1999-03-31,12.19,12.56,11.5,12.38,201167.0,0.0,1.0,0.9285857846644338,0.9567709151259467,0.8760243251551263,0.9430592300365621,2414004.0
1999-04-01,12.5,12.88,12.31,12.56,247467.0,0.0,1.0,0.9522003534294851,0.9811472441737414,0.9377269080573569,0.9567709151259467,2969604.0
1999-04-05,12.62,12.62,12.31,12.38,140267.0,0.0,1.0,0.9613414768224081,0.9613414768224081,0.9377269080573569,0.9430592300365621,1683204.0
1999-04-06,12.25,12.5,12.13,12.31,154950.0,0.0,1.0,0.9331563463608954,0.9522003534294851,0.9240152229679723,0.9377269080573569,1859400.0
1999-04-07,12.25,12.62,12.25,12.5,370950.0,0.0,1.0,0.9331563463608954,0.9613414768224081,0.9331563463608954,0.9522003534294851,4451400.0
1999-04-08,12.5,12.62,12.38,12.5,101617.0,0.0,1.0,0.9522003534294851,0.9613414768224081,0.9430592300365621,0.9522003534294851,1219404.0
1999-04-09,12.38,12.94,12.38,12.69,153167.0,0.0,1.0,0.9430592300365621,0.985717805870203,0.9430592300365621,0.9666737988016132,1838004.0
1999-04-12,12.62,12.62,12.13,12.25,349617.0,0.0,1.0,0.9613414768224081,0.9613414768224081,0.9240152229679723,0.9331563463608954,4195404.0
1999-04-13,12.25,12.38,12.25,12.31,460800.0,0.0,1.0,0.9331563463608954,0.9430592300365621,0.9331563463608954,0.9377269080573569,5529600.0
1999-04-14,12.25,13.06,12.13,12.13,971467.0,0.0,1.0,0.9331563463608954,0.994858929263126,0.9240152229679723,0.9240152229679723,11657604.0
1999-04-15,12.62,12.62,11.38,12.31,169867.0,0.0,1.0,0.9613414768224081,0.9613414768224081,0.8668832017622032,0.9377269080573569,2038404.0
1999-04-16,12.0,12.0,11.5,11.75,124267.0,0.0,1.0,0.9141123392923056,0.9141123392923056,0.8760243251551263,0.895068332223716,1491204.0
1999-04-19,12.0,12.25,11.75,12.0,474233.0,0.0,1.0,0.9141123392923056,0.9331563463608954,0.895068332223716,0.9141123392923056,5690796.0
1999-04-20,12.0,12.13,11.5,11.62,78567.0,0.0,1.0,0.9141123392923056,0.9240152229679723,0.8760243251551263,0.8851654485480492,942804.0
1999-04-21,11.62,11.87,11.62,11.75,66950.0,0.0,1.0,0.8851654485480492,0.904209455616639,0.8851654485480492,0.895068332223716,803400.0
1999-04-22,11.75,11.75,11.12,11.31,174233.0,0.0,1.0,0.895068332223716,0.895068332223716,0.8470774344108699,0.8615508797829982,2090796.0
1999-04-23,11.12,11.69,11.12,11.44,92267.0,0.0,1.0,0.8470774344108699,0.8904977705272544,0.8470774344108699,0.8714537634586647,1107204.0
1999-04-26,11.75,11.75,11.06,11.25,188967.0,0.0,1.0,0.895068332223716,0.895068332223716,0.8425068727144084,0.8569803180865365,2267604.0
1999-04-27,11.62,11.69,11.0,11.19,178767.0,0.0,1.0,0.8851654485480492,0.8904977705272544,0.8379363110179469,0.852409756390075,2145204.0
1999-04-28,11.25,11.25,10.12,10.5,627567.0,0.0,1.0,0.8569803180865365,0.8569803180865365,0.770901406136511,0.7998482968807674,7530804.0
1999-04-29,10.5,10.5,10.12,10.31,344017.0,0.0,1.0,0.7998482968807674,0.7998482968807674,0.770901406136511,0.7853748515086393,4128204.0
1999-04-30,10.25,10.75,10.25,10.44,558033.0,0.0,1.0,0.7808042898121778,0.8188923039493572,0.7808042898121778,0.7952777351843059,6696396.0
1999-05-03,10.75,11.0,10.5,10.88,273867.0,0.0,1.0,0.8188923039493572,0.8379363110179469,0.7998482968807674,0.8287951876250239,3286404.0
1999-05-04,10.88,11.75,10.75,11.62,242950.0,0.0,1.0,0.8287951876250239,0.895068332223716,0.8188923039493572,0.8851654485480492,2915400.0
1999-05-05,12.06,12.31,11.75,12.0,400800.0,0.0,1.0,0.9186829009887673,0.9377269080573569,0.895068332223716,0.9141123392923056,4809600.0
1999-05-06,12.06,12.06,11.56,11.69,147217.0,0.0,1.0,0.9186829009887673,0.9186829009887673,0.8805948868515878,0.8904977705272544,1766604.0
1999-05-07,11.75,11.75,11.12,11.12,59217.0,0.0,1.0,0.895068332223716,0.895068332223716,0.8470774344108699,0.8470774344108699,710604.0
1999-05-10,11.25,11.75,11.19,11.44,226567.0,0.0,1.0,0.8569803180865365,0.895068332223716,0.852409756390075,0.8714537634586647,2718804.0
1999-05-11,11.75,12.13,11.62,12.0,233350.0,0.0,1.0,0.895068332223716,0.9240152229679723,0.8851654485480492,0.9141123392923056,2800200.0
1999-05-12,12.25,12.44,11.94,12.41,240267.0,0.0,1.0,0.9331563463608954,0.9476297917330235,0.9095417775958441,0.9453445108847928,2883204.0
1999-05-13,12.38,12.75,12.31,12.44,356817.0,0.0,1.0,0.9430592300365621,0.9712443604980748,0.9377269080573569,0.9476297917330235,4281804.0
1999-05-14,12.38,13.12,12.13,12.94,1102033.0,0.0,1.0,0.9430592300365621,0.9994294909595874,0.9240152229679723,0.985717805870203,13224396.0
1999-05-17,12.94,13.06,12.5,12.94,353167.0,0.0,1.0,0.985717805870203,0.994858929263126,0.9522003534294851,0.985717805870203,4238004.0
1999-05-18,12.94,12.94,12.69,12.81,535567.0,0.0,1.0,0.985717805870203,0.985717805870203,0.9666737988016132,0.9758149221945364,6426804.0
1999-05-19,12.81,12.88,12.75,12.75,212017.0,0.0,1.0,0.9758149221945364,0.9811472441737414,0.9712443604980748,0.9712443604980748,2544204.0
1999-05-20,12.75,13.12,12.5,12.94,397867.0,0.0,1.0,0.9712443604980748,0.9994294909595874,0.9522003534294851,0.985717805870203,4774404.0
1999-05-21,13.0,13.25,12.94,13.12,339567.0,0.0,1.0,0.9902883675666645,1.0093323746352543,0.985717805870203,0.9994294909595874,4074804.0
1999-05-24,13.19,13.56,13.0,13.5,656633.0,0.0,1.0,1.0047618129387925,1.0329469434003054,0.9902883675666645,1.0283763817038438,7879596.0
1999-05-25,13.63,13.69,13.44,13.5,317600.0,0.0,1.0,1.0382792653795105,1.042849827075972,1.0238058200073823,1.0283763817038438,3811200.0
1999-05-26,13.72,13.75,13.37,13.5,500433.0,0.0,1.0,1.0451351079242028,1.0474203887724336,1.018473498028177,1.0283763817038438,6005196.0
1999-05-27,13.44,13.44,13.19,13.25,94400.0,0.0,1.0,1.0238058200073823,1.0238058200073823,1.0047618129387925,1.0093323746352543,1132800.0
1999-05-28,13.19,13.44,13.19,13.37,217167.0,0.0,1.0,1.0047618129387925,1.0238058200073823,1.0047618129387925,1.018473498028177,2606004.0
1999-06-01,13.37,13.5,13.25,13.44,239033.0,0.0,1.0,1.018473498028177,1.0283763817038438,1.0093323746352543,1.0238058200073823,2868396.0
1999-06-02,13.37,13.5,13.31,13.44,378950.0,0.0,1.0,1.018473498028177,1.0283763817038438,1.0139029363317158,1.0238058200073823,4547400.0
1999-06-03,13.37,13.44,13.37,13.44,271367.0,0.0,1.0,1.018473498028177,1.0238058200073823,1.018473498028177,1.0238058200073823,3256404.0
1999-06-04,13.37,13.75,13.37,13.63,316800.0,0.0,1.0,1.018473498028177,1.0474203887724336,1.018473498028177,1.0382792653795105,3801600.0
1999-06-07,13.56,14.0,13.56,13.88,308367.0,0.0,1.0,1.0329469434003054,1.0664643958410234,1.0329469434003054,1.0573232724481003,3700404.0
1999-06-08,13.88,13.94,13.81,13.88,388433.0,0.0,1.0,1.0573232724481003,1.0618938341445616,1.0519909504688951,1.0573232724481003,4661196.0
1999-06-09,13.94,14.06,13.81,14.0,689867.0,0.0,1.0,1.0618938341445616,1.071034957537485,1.0519909504688951,1.0664643958410234,8278404.0
1999-06-10,13.94,14.06,13.88,13.88,382950.0,0.0,1.0,1.0618938341445616,1.071034957537485,1.0573232724481003,1.0573232724481003,4595400.0
1999-06-11,13.91,13.94,13.5,13.81,288367.0,0.0,1.0,1.059608553296331,1.0618938341445616,1.0283763817038438,1.0519909504688951,3460404.0
1999-06-14,13.69,13.69,13.31,13.56,221617.0,0.0,1.0,1.042849827075972,1.042849827075972,1.0139029363317158,1.0329469434003054,2659404.0
1999-06-15,13.5,14.25,12.81,12.94,289167.0,0.0,1.0,1.0283763817038438,1.085508402909613,0.9758149221945364,0.985717805870203,3470004.0
1999-06-16,13.0,13.12,12.62,12.94,202833.0,0.0,1.0,0.9902883675666645,0.9994294909595874,0.9613414768224081,0.985717805870203,2433996.0
1999-06-17,12.94,13.5,12.88,13.19,99367.0,0.0,1.0,0.985717805870203,1.0283763817038438,0.9811472441737414,1.0047618129387925,1192404.0
1999-06-18,13.25,13.25,13.0,13.12,117067.0,0.0,1.0,1.0093323746352543,1.0093323746352543,0.9902883675666645,0.9994294909595874,1404804.0
1999-06-21,13.25,13.31,12.94,13.12,377600.0,0.0,1.0,1.0093323746352543,1.0139029363317158,0.985717805870203,0.9994294909595874,4531200.0
1999-06-22,13.06,13.12,12.94,13.06,148367.0,0.0,1.0,0.994858929263126,0.9994294909595874,0.985717805870203,0.994858929263126,1780404.0
1999-06-23,13.06,13.5,13.06,13.19,210417.0,0.0,1.0,0.994858929263126,1.0283763817038438,0.994858929263126,1.0047618129387925,2525004.0
1999-06-24,13.12,13.25,12.94,13.25,437600.0,0.0,1.0,0.9994294909595874,1.0093323746352543,0.985717805870203,1.0093323746352543,5251200.0
1999-06-25,13.25,13.69,13.25,13.69,216167.0,0.0,1.0,1.0093323746352543,1.042849827075972,1.0093323746352543,1.042849827075972,2594004.0
1999-06-28,13.56,14.06,13.37,14.0,387833.0,0.0,1.0,1.0329469434003054,1.071034957537485,1.018473498028177,1.0664643958410234,4653996.0
1999-06-29,14.28,14.44,13.94,14.0,727833.0,0.0,1.0,1.0877936837578437,1.0999818482817412,1.0618938341445616,1.0664643958410234,8733996.0
1999-06-30,14.06,14.62,14.0,14.56,725167.0,0.0,1.0,1.071034957537485,1.1136935333711258,1.0664643958410234,1.1091229716746642,8702004.0
1999-07-01,14.5,14.5,14.0,14.19,232167.0,0.0,1.0,1.1045524099782027,1.1045524099782027,1.0664643958410234,1.0809378412131514,2786004.0
1999-07-02,14.19,14.25,13.63,13.88,201067.0,0.0,1.0,1.0809378412131514,1.085508402909613,1.0382792653795105,1.0573232724481003,2412804.0
1999-07-06,14.0,15.0,14.0,14.38,921233.0,0.0,1.0,1.0664643958410234,1.142640424115382,1.0664643958410234,1.0954112865852796,11054796.0
1999-07-07,14.5,14.87,14.44,14.75,915033.0,0.0,1.0,1.1045524099782027,1.1327375404397153,1.0999818482817412,1.1235964170467925,10980396.0
1999-07-08,14.81,14.81,14.69,14.81,155467.0,0.0,1.0,1.128166978743254,1.128166978743254,1.1190258553503307,1.128166978743254,1865604.0
1999-07-09,14.87,15.0,14.31,14.47,389600.0,0.0,1.0,1.1327375404397153,1.142640424115382,1.0900789646060745,1.102267129129972,4675200.0
1999-07-12,14.44,15.0,14.44,14.62,757350.0,0.0,1.0,1.0999818482817412,1.142640424115382,1.0999818482817412,1.1136935333711258,9088200.0
1999-07-13,14.5,14.69,14.5,14.62,140550.0,0.0,1.0,1.1045524099782027,1.1190258553503307,1.1045524099782027,1.1136935333711258,1686600.0
1999-07-14,14.75,15.06,14.62,14.94,597767.0,0.0,1.0,1.1235964170467925,1.1472109858118436,1.1136935333711258,1.1380698624189205,7173204.0
1999-07-15,15.0,15.06,14.75,15.0,353617.0,0.0,1.0,1.142640424115382,1.1472109858118436,1.1235964170467925,1.142640424115382,4243404.0
1999-07-16,15.06,15.56,14.87,15.5,563467.0,0.0,1.0,1.1472109858118436,1.185298999949023,1.1327375404397153,1.1807284382525616,6761604.0
1999-07-19,15.62,15.88,15.31,15.84,416167.0,0.0,1.0,1.1898695616454844,1.2096753289968178,1.1662549928804333,1.2066282878658434,4994004.0
1999-07-20,15.88,15.91,15.31,15.91,282400.0,0.0,1.0,1.2096753289968178,1.2119606098450486,1.1662549928804333,1.2119606098450486,3388800.0
1999-07-21,15.62,15.88,15.62,15.62,193067.0,0.0,1.0,1.1898695616454844,1.2096753289968178,1.1898695616454844,1.1898695616454844,2316804.0
1999-07-22,15.69,15.72,14.0,14.38,156000.0,0.0,1.0,1.1952018836246896,1.1974871644729206,1.0664643958410234,1.0954112865852796,1872000.0
1999-07-23,14.25,14.5,13.69,13.94,130400.0,0.0,1.0,1.085508402909613,1.1045524099782027,1.042849827075972,1.0618938341445616,1564800.0
1999-07-26,13.75,13.94,12.62,12.69,153767.0,0.0,1.0,1.0474203887724336,1.0618938341445616,0.9613414768224081,0.9666737988016132,1845204.0
1999-07-27,12.84,13.5,12.75,12.75,229350.0,0.0,1.0,0.978100203042767,1.0283763817038438,0.9712443604980748,0.9712443604980748,2752200.0
1999-07-28,13.44,15.0,13.37,13.88,88550.0,0.0,1.0,1.0238058200073823,1.142640424115382,1.018473498028177,1.0573232724481003,1062600.0
1999-07-29,13.81,13.81,13.19,13.81,167217.0,0.0,1.0,1.0519909504688951,1.0519909504688951,1.0047618129387925,1.0519909504688951,2006604.0
1999-07-30,13.66,13.81,13.44,13.69,64167.0,0.0,1.0,1.0405645462277413,1.0519909504688951,1.0238058200073823,1.042849827075972,770004.0
1999-08-02,13.75,14.31,13.75,14.06,139750.0,0.0,1.0,1.0474203887724336,1.0900789646060745,1.0474203887724336,1.071034957537485,1677000.0
1999-08-03,14.12,14.12,13.06,13.37,70400.0,0.0,1.0,1.0756055192339462,1.0756055192339462,0.994858929263126,1.018473498028177,844800.0
1999-08-04,13.37,13.37,12.62,12.62,29233.0,0.0,1.0,1.018473498028177,1.018473498028177,0.9613414768224081,0.9613414768224081,350796.0
1999-08-05,12.75,13.19,12.25,13.19,191367.0,0.0,1.0,0.9712443604980748,1.0047618129387925,0.9331563463608954,1.0047618129387925,2296404.0
1999-08-06,13.12,13.25,12.88,13.12,29767.0,0.0,1.0,0.9994294909595874,1.0093323746352543,0.9811472441737414,0.9994294909595874,357204.0
1999-08-09,13.19,13.56,13.06,13.37,70400.0,0.0,1.0,1.0047618129387925,1.0329469434003054,0.994858929263126,1.018473498028177,844800.0
1999-08-10,13.5,13.5,12.62,12.88,173867.0,0.0,1.0,1.0283763817038438,1.0283763817038438,0.9613414768224081,0.9811472441737414,2086404.0
1999-08-11,12.75,13.5,12.75,13.25,98667.0,0.0,1.0,0.9712443604980748,1.0283763817038438,0.9712443604980748,1.0093323746352543,1184004.0
1999-08-12,13.19,13.25,13.12,13.12,15750.0,0.0,1.0,1.0047618129387925,1.0093323746352543,0.9994294909595874,0.9994294909595874,189000.0
1999-08-13,13.5,14.62,13.19,14.5,125617.0,0.0,1.0,1.0283763817038438,1.1136935333711258,1.0047618129387925,1.1045524099782027,1507404.0
1999-08-16,14.19,14.19,13.88,13.94,124550.0,0.0,1.0,1.0809378412131514,1.0809378412131514,1.0573232724481003,1.0618938341445616,1494600.0
1999-08-17,13.91,13.94,13.88,13.94,106667.0,0.0,1.0,1.059608553296331,1.0618938341445616,1.0573232724481003,1.0618938341445616,1280004.0
1999-08-18,13.81,14.06,13.75,14.0,90033.0,0.0,1.0,1.0519909504688951,1.071034957537485,1.0474203887724336,1.0664643958410234,1080396.0
1999-08-19,14.0,14.06,13.94,14.0,76433.0,0.0,1.0,1.0664643958410234,1.071034957537485,1.0618938341445616,1.0664643958410234,917196.0
1999-08-20,14.12,14.31,14.06,14.25,205167.0,0.0,1.0,1.0756055192339462,1.0900789646060745,1.071034957537485,1.085508402909613,2462004.0
1999-08-23,14.25,14.44,14.06,14.38,166033.0,0.0,1.0,1.085508402909613,1.0999818482817412,1.071034957537485,1.0954112865852796,1992396.0
1999-08-24,14.38,14.5,14.38,14.44,119200.0,0.0,1.0,1.0954112865852796,1.1045524099782027,1.0954112865852796,1.0999818482817412,1430400.0
1999-08-25,14.56,14.69,14.44,14.69,209067.0,0.0,1.0,1.1091229716746642,1.1190258553503307,1.0999818482817412,1.1190258553503307,2508804.0
1999-08-26,14.69,14.87,14.5,14.75,247033.0,0.0,1.0,1.1190258553503307,1.1327375404397153,1.1045524099782027,1.1235964170467925,2964396.0
1999-08-27,14.81,14.81,14.5,14.69,55367.0,0.0,1.0,1.128166978743254,1.128166978743254,1.1045524099782027,1.1190258553503307,664404.0
1999-08-30,14.69,14.69,14.38,14.69,58667.0,0.0,1.0,1.1190258553503307,1.1190258553503307,1.0954112865852796,1.1190258553503307,704004.0
1999-08-31,14.62,14.62,14.19,14.5,41967.0,0.0,1.0,1.1136935333711258,1.1136935333711258,1.0809378412131514,1.1045524099782027,503604.0
1999-09-01,14.25,14.5,14.25,14.38,38150.0,0.0,1.0,1.085508402909613,1.1045524099782027,1.085508402909613,1.0954112865852796,457800.0
1999-09-02,14.44,14.56,14.25,14.5,54150.0,0.0,1.0,1.0999818482817412,1.1091229716746642,1.085508402909613,1.1045524099782027,649800.0
1999-09-03,14.5,14.94,14.5,14.87,144000.0,0.0,1.0,1.1045524099782027,1.1380698624189205,1.1045524099782027,1.1327375404397153,1728000.0
1999-09-07,14.87,15.13,14.75,15.0,490833.0,0.0,1.0,1.1327375404397153,1.1525433077910487,1.1235964170467925,1.142640424115382,5889996.0
1999-09-08,14.81,15.44,14.81,15.31,722150.0,0.0,1.0,1.128166978743254,1.1761578765560998,1.128166978743254,1.1662549928804333,8665800.0
1999-09-09,15.31,15.81,15.13,15.75,493867.0,0.0,1.0,1.1662549928804333,1.2043430070176129,1.1525433077910487,1.1997724453211511,5926404.0
1999-09-10,15.75,15.94,15.62,15.62,245600.0,0.0,1.0,1.1997724453211511,1.2142458906932794,1.1898695616454844,1.1898695616454844,2947200.0
1999-09-13,15.62,16.12,15.31,16.0,706150.0,0.0,1.0,1.1898695616454844,1.227957575782664,1.1662549928804333,1.218816452389741,8473800.0
1999-09-14,16.0,16.88,15.56,16.37,543200.0,0.0,1.0,1.218816452389741,1.2858513572711765,1.185298999949023,1.2470015828512537,6518400.0
1999-09-15,16.56,16.75,15.75,16.25,220800.0,0.0,1.0,1.2614750282233818,1.27594847359551,1.1997724453211511,1.2378604594583307,2649600.0
1999-09-16,16.12,16.25,15.56,15.69,113617.0,0.0,1.0,1.227957575782664,1.2378604594583307,1.185298999949023,1.1952018836246896,1363404.0
1999-09-17,16.12,16.75,15.81,16.37,239633.0,0.0,1.0,1.227957575782664,1.27594847359551,1.2043430070176129,1.2470015828512537,2875596.0
1999-09-20,16.37,16.81,16.25,16.75,294233.0,0.0,1.0,1.2470015828512537,1.2805190352919715,1.2378604594583307,1.27594847359551,3530796.0
1999-09-21,16.75,17.44,16.69,17.25,699033.0,0.0,1.0,1.27594847359551,1.3285099331048176,1.2713779118990485,1.3140364877326893,8388396.0
1999-09-22,17.31,17.44,17.25,17.25,184000.0,0.0,1.0,1.3186070494291509,1.3285099331048176,1.3140364877326893,1.3140364877326893,2208000.0
1999-09-23,17.31,17.62,17.0,17.5,598833.0,0.0,1.0,1.3186070494291509,1.3422216181942022,1.2949924806640998,1.333080494801279,7185996.0
1999-09-24,17.5,17.62,17.19,17.44,226033.0,0.0,1.0,1.333080494801279,1.3422216181942022,1.309465926036228,1.3285099331048176,2712396.0
1999-09-27,17.56,17.69,17.42,17.5,636817.0,0.0,1.0,1.3376510564977406,1.3475539401734073,1.3269864125393305,1.333080494801279,7641804.0
1999-09-28,17.69,17.75,17.12,17.44,353067.0,0.0,1.0,1.3475539401734073,1.3521245018698689,1.3041336040570228,1.3285099331048176,4236804.0
1999-09-29,17.31,17.75,17.25,17.75,244017.0,0.0,1.0,1.3186070494291509,1.3521245018698689,1.3140364877326893,1.3521245018698689,2928204.0
1999-09-30,17.75,17.75,17.5,17.62,347833.0,0.0,1.0,1.3521245018698689,1.3521245018698689,1.333080494801279,1.3422216181942022,4173996.0
1999-10-01,17.56,17.62,17.25,17.5,663467.0,0.0,1.0,1.3376510564977406,1.3422216181942022,1.3140364877326893,1.333080494801279,7961604.0
1999-10-04,17.56,17.62,16.88,17.0,193767.0,0.0,1.0,1.3376510564977406,1.3422216181942022,1.2858513572711765,1.2949924806640998,2325204.0
1999-10-05,16.94,17.03,16.12,16.25,282950.0,0.0,1.0,1.2904219189676382,1.2972777615123305,1.227957575782664,1.2378604594583307,3395400.0
1999-10-06,16.25,16.88,15.94,16.12,429167.0,0.0,1.0,1.2378604594583307,1.2858513572711765,1.2142458906932794,1.227957575782664,5150004.0
1999-10-07,15.94,16.44,15.75,15.88,169433.0,0.0,1.0,1.2142458906932794,1.252333904830459,1.1997724453211511,1.2096753289968178,2033196.0
1999-10-08,15.75,16.06,15.5,15.81,192267.0,0.0,1.0,1.1997724453211511,1.2233870140862024,1.1807284382525616,1.2043430070176129,2307204.0
1999-10-11,16.0,16.25,15.06,15.25,260800.0,0.0,1.0,1.218816452389741,1.2378604594583307,1.1472109858118436,1.1616844311839718,3129600.0
1999-10-12,15.25,15.69,15.0,15.31,159367.0,0.0,1.0,1.1616844311839718,1.1952018836246896,1.142640424115382,1.1662549928804333,1912404.0
1999-10-13,15.44,15.44,14.5,14.56,287567.0,0.0,1.0,1.1761578765560998,1.1761578765560998,1.1045524099782027,1.1091229716746642,3450804.0
1999-10-14,15.0,15.06,14.0,14.25,569233.0,0.0,1.0,1.142640424115382,1.1472109858118436,1.0664643958410234,1.085508402909613,6830796.0
1999-10-15,14.19,14.19,13.69,13.94,257967.0,0.0,1.0,1.0809378412131514,1.0809378412131514,1.042849827075972,1.0618938341445616,3095604.0
1999-10-18,13.81,14.06,13.37,14.06,233350.0,0.0,1.0,1.0519909504688951,1.071034957537485,1.018473498028177,1.071034957537485,2800200.0
1999-10-19,14.0,14.62,14.0,14.44,366417.0,0.0,1.0,1.0664643958410234,1.1136935333711258,1.0664643958410234,1.0999818482817412,4397004.0
1999-10-20,14.5,15.06,14.44,14.62,208017.0,0.0,1.0,1.1045524099782027,1.1472109858118436,1.0999818482817412,1.1136935333711258,2496204.0
1999-10-21,14.84,15.88,14.81,15.06,633867.0,0.0,1.0,1.1304522595914848,1.2096753289968178,1.128166978743254,1.1472109858118436,7606404.0
1999-10-22,15.25,15.69,15.19,15.44,232433.0,0.0,1.0,1.1616844311839718,1.1952018836246896,1.1571138694875103,1.1761578765560998,2789196.0
1999-10-25,15.62,15.75,15.25,15.62,246667.0,0.0,1.0,1.1898695616454844,1.1997724453211511,1.1616844311839718,1.1898695616454844,2960004.0
1999-10-26,15.56,15.56,15.25,15.44,68000.0,0.0,1.0,1.185298999949023,1.185298999949023,1.1616844311839718,1.1761578765560998,816000.0
1999-10-27,15.5,15.5,13.56,14.5,420817.0,0.0,1.0,1.1807284382525616,1.1807284382525616,1.0329469434003054,1.1045524099782027,5049804.0
1999-10-28,14.47,14.47,14.0,14.06,110033.0,0.0,1.0,1.102267129129972,1.102267129129972,1.0664643958410234,1.071034957537485,1320396.0
1999-10-29,14.12,14.5,14.12,14.12,174417.0,0.0,1.0,1.0756055192339462,1.1045524099782027,1.0756055192339462,1.0756055192339462,2093004.0
1999-11-01,14.19,14.38,13.94,14.06,173233.0,0.0,1.0,1.0809378412131514,1.0954112865852796,1.0618938341445616,1.071034957537485,2078796.0
1999-11-02,14.25,15.0,14.16,14.25,128817.0,0.0,1.0,1.085508402909613,1.142640424115382,1.0786525603649206,1.085508402909613,1545804.0
1999-11-03,14.31,14.5,14.12,14.5,61600.0,0.0,1.0,1.0900789646060745,1.1045524099782027,1.0756055192339462,1.1045524099782027,739200.0
1999-11-04,14.69,14.75,14.25,14.62,207033.0,0.0,1.0,1.1190258553503307,1.1235964170467925,1.085508402909613,1.1136935333711258,2484396.0
1999-11-05,14.56,15.5,14.5,15.38,1308267.0,0.0,1.0,1.1091229716746642,1.1807284382525616,1.1045524099782027,1.1715873148596385,15699204.0
1999-11-08,15.38,16.06,15.13,16.0,1922417.0,0.0,1.0,1.1715873148596385,1.2233870140862024,1.1525433077910487,1.218816452389741,23069004.0
1999-11-09,16.31,16.37,15.38,15.56,251833.0,0.0,1.0,1.242431021154792,1.2470015828512537,1.1715873148596385,1.185298999949023,3021996.0
1999-11-10,15.38,15.75,15.0,15.19,116017.0,0.0,1.0,1.1715873148596385,1.1997724453211511,1.142640424115382,1.1571138694875103,1392204.0
1999-11-11,15.5,15.5,14.62,14.81,269867.0,0.0,1.0,1.1807284382525616,1.1807284382525616,1.1136935333711258,1.128166978743254,3238404.0
1999-11-12,14.84,15.0,14.0,14.06,694950.0,0.0,1.0,1.1304522595914848,1.142640424115382,1.0664643958410234,1.071034957537485,8339400.0
1999-11-15,14.44,14.5,14.0,14.12,369433.0,0.0,1.0,1.0999818482817412,1.1045524099782027,1.0664643958410234,1.0756055192339462,4433196.0
1999-11-16,14.44,14.5,13.94,14.19,227833.0,0.0,1.0,1.0999818482817412,1.1045524099782027,1.0618938341445616,1.0809378412131514,2733996.0
1999-11-17,14.31,14.31,13.69,13.94,213600.0,0.0,1.0,1.0900789646060745,1.0900789646060745,1.042849827075972,1.0618938341445616,2563200.0
1999-11-18,14.09,14.69,14.0,14.56,866567.0,0.0,1.0,1.0733202383857157,1.1190258553503307,1.0664643958410234,1.1091229716746642,10398804.0
1999-11-19,14.75,14.87,14.0,14.0,160017.0,0.0,1.0,1.1235964170467925,1.1327375404397153,1.0664643958410234,1.0664643958410234,1920204.0
1999-11-22,14.31,15.25,14.19,15.25,757617.0,0.0,1.0,1.0900789646060745,1.1616844311839718,1.0809378412131514,1.1616844311839718,9091404.0
1999-11-23,15.81,16.06,15.75,16.0,636633.0,0.0,1.0,1.2043430070176129,1.2233870140862024,1.1997724453211511,1.218816452389741,7639596.0
1999-11-24,16.12,16.37,15.56,15.56,359367.0,0.0,1.0,1.227957575782664,1.2470015828512537,1.185298999949023,1.185298999949023,4312404.0
1999-11-26,15.56,15.56,15.06,15.38,338233.0,0.0,1.0,1.185298999949023,1.185298999949023,1.1472109858118436,1.1715873148596385,4058796.0
1999-11-29,15.53,16.12,15.44,15.56,535467.0,0.0,1.0,1.1830137191007921,1.227957575782664,1.1761578765560998,1.185298999949023,6425604.0
1999-11-30,15.75,15.75,14.81,15.02,224267.0,0.0,1.0,1.1997724453211511,1.1997724453211511,1.128166978743254,1.1441639446808691,2691204.0
1999-12-01,15.13,15.75,15.13,15.69,220017.0,0.0,1.0,1.1525433077910487,1.1997724453211511,1.1525433077910487,1.1952018836246896,2640204.0
1999-12-02,15.62,16.0,15.62,15.62,232633.0,0.0,1.0,1.1898695616454844,1.218816452389741,1.1898695616454844,1.1898695616454844,2791596.0
1999-12-03,15.88,15.88,15.44,15.56,317433.0,0.0,1.0,1.2096753289968178,1.2096753289968178,1.1761578765560998,1.185298999949023,3809196.0
1999-12-06,16.0,16.0,15.44,15.62,242667.0,0.0,1.0,1.218816452389741,1.218816452389741,1.1761578765560998,1.1898695616454844,2912004.0
1999-12-07,15.56,15.56,14.12,14.48,555633.0,0.0,1.0,1.185298999949023,1.185298999949023,1.0756055192339462,1.1030288894127156,6667596.0
1999-12-08,14.38,14.56,14.25,14.44,230033.0,0.0,1.0,1.0954112865852796,1.1091229716746642,1.085508402909613,1.0999818482817412,2760396.0
1999-12-09,14.38,15.0,14.31,14.87,306833.0,0.0,1.0,1.0954112865852796,1.142640424115382,1.0900789646060745,1.1327375404397153,3681996.0
1999-12-10,15.0,15.69,14.87,15.69,586033.0,0.0,1.0,1.142640424115382,1.1952018836246896,1.1327375404397153,1.1952018836246896,7032396.0
1999-12-13,16.0,17.0,15.75,16.53,706567.0,0.0,1.0,1.218816452389741,1.2949924806640998,1.1997724453211511,1.2591897473751512,8478804.0
1999-12-14,16.19,16.56,16.12,16.5,404267.0,0.0,1.0,1.2332898977618691,1.2614750282233818,1.227957575782664,1.2569044665269202,4851204.0
1999-12-15,16.37,16.5,16.12,16.44,433350.0,0.0,1.0,1.2470015828512537,1.2569044665269202,1.227957575782664,1.252333904830459,5200200.0
1999-12-16,16.31,16.63,16.31,16.5,272967.0,0.0,1.0,1.242431021154792,1.266807350202587,1.242431021154792,1.2569044665269202,3275604.0
1999-12-17,16.5,16.63,14.75,15.13,1123467.0,0.0,1.0,1.2569044665269202,1.266807350202587,1.1235964170467925,1.1525433077910487,13481604.0
1999-12-20,15.5,15.88,15.0,15.25,405233.0,0.0,1.0,1.1807284382525616,1.2096753289968178,1.142640424115382,1.1616844311839718,4862796.0
1999-12-21,15.25,15.5,14.94,15.06,272000.0,0.0,1.0,1.1616844311839718,1.1807284382525616,1.1380698624189205,1.1472109858118436,3264000.0
1999-12-22,15.13,15.13,14.5,14.56,264967.0,0.0,1.0,1.1525433077910487,1.1525433077910487,1.1045524099782027,1.1091229716746642,3179604.0
1999-12-23,14.5,14.81,13.88,14.12,258150.0,0.0,1.0,1.1045524099782027,1.128166978743254,1.0573232724481003,1.0756055192339462,3097800.0
1999-12-27,14.44,14.5,14.25,14.38,110567.0,0.0,1.0,1.0999818482817412,1.1045524099782027,1.085508402909613,1.0954112865852796,1326804.0
1999-12-28,14.62,16.0,14.25,16.0,224800.0,0.0,1.0,1.1136935333711258,1.218816452389741,1.085508402909613,1.218816452389741,2697600.0
1999-12-29,16.0,16.0,15.13,15.19,98833.0,0.0,1.0,1.218816452389741,1.218816452389741,1.1525433077910487,1.1571138694875103,1185996.0
1999-12-30,15.25,15.5,14.5,14.56,111567.0,0.0,1.0,1.1616844311839718,1.1807284382525616,1.1045524099782027,1.1091229716746642,1338804.0
1999-12-31,15.0,16.37,14.25,15.31,215217.0,0.0,1.0,1.142640424115382,1.2470015828512537,1.085508402909613,1.1662549928804333,2582604.0
2000-01-03,15.75,16.5,14.0,16.44,602150.0,0.0,1.0,1.1997724453211511,1.2569044665269202,1.0664643958410234,1.252333904830459,7225800.0
2000-01-04,16.12,16.25,14.25,15.94,355200.0,0.0,1.0,1.227957575782664,1.2378604594583307,1.085508402909613,1.2142458906932794,4262400.0
2000-01-05,15.81,16.37,15.75,16.0,282417.0,0.0,1.0,1.2043430070176129,1.2470015828512537,1.1997724453211511,1.218816452389741,3389004.0
2000-01-06,15.88,16.0,15.56,15.69,202417.0,0.0,1.0,1.2096753289968178,1.218816452389741,1.185298999949023,1.1952018836246896,2429004.0
2000-01-07,15.88,16.25,15.5,16.12,1295750.0,0.0,1.0,1.2096753289968178,1.2378604594583307,1.1807284382525616,1.227957575782664,15549000.0
2000-01-10,16.25,17.0,15.88,16.94,912550.0,0.0,1.0,1.2378604594583307,1.2949924806640998,1.2096753289968178,1.2904219189676382,10950600.0
2000-01-11,17.0,18.25,16.88,17.69,892550.0,0.0,1.0,1.2949924806640998,1.3902125160070482,1.2858513572711765,1.3475539401734073,10710600.0
2000-01-12,17.25,17.25,16.37,16.94,224017.0,0.0,1.0,1.3140364877326893,1.3140364877326893,1.2470015828512537,1.2904219189676382,2688204.0
2000-01-13,16.88,17.25,16.5,17.12,272267.0,0.0,1.0,1.2858513572711765,1.3140364877326893,1.2569044665269202,1.3041336040570228,3267204.0
2000-01-14,16.88,17.12,16.69,16.94,212817.0,0.0,1.0,1.2858513572711765,1.3041336040570228,1.2713779118990485,1.2904219189676382,2553804.0
2000-01-18,17.0,17.44,16.94,17.0,205067.0,0.0,1.0,1.2949924806640998,1.3285099331048176,1.2904219189676382,1.2949924806640998,2460804.0
2000-01-19,17.12,17.12,16.69,16.75,299467.0,0.0,1.0,1.3041336040570228,1.3041336040570228,1.2713779118990485,1.27594847359551,3593604.0
2000-01-20,16.63,17.0,15.62,15.81,444967.0,0.0,1.0,1.266807350202587,1.2949924806640998,1.1898695616454844,1.2043430070176129,5339604.0
2000-01-21,15.78,15.81,14.87,15.13,955033.0,0.0,1.0,1.202057726169382,1.2043430070176129,1.1327375404397153,1.1525433077910487,11460396.0
2000-01-24,15.03,15.19,14.75,15.0,421350.0,0.0,1.0,1.1449257049636128,1.1571138694875103,1.1235964170467925,1.142640424115382,5056200.0
2000-01-25,15.13,15.13,13.59,14.5,509433.0,0.0,1.0,1.1525433077910487,1.1525433077910487,1.0352322242485361,1.1045524099782027,6113196.0
2000-01-26,14.75,16.5,14.5,15.88,978833.0,0.0,1.0,1.1235964170467925,1.2569044665269202,1.1045524099782027,1.2096753289968178,11745996.0
2000-01-27,17.25,17.62,16.25,17.19,779033.0,0.0,1.0,1.3140364877326893,1.3422216181942022,1.2378604594583307,1.309465926036228,9348396.0
2000-01-28,16.75,17.0,16.12,16.37,242833.0,0.0,1.0,1.27594847359551,1.2949924806640998,1.227957575782664,1.2470015828512537,2913996.0
2000-01-31,16.56,16.63,15.5,15.62,122400.0,0.0,1.0,1.2614750282233818,1.266807350202587,1.1807284382525616,1.1898695616454844,1468800.0
2000-02-01,15.78,17.5,15.75,16.88,192967.0,0.0,1.0,1.202057726169382,1.333080494801279,1.1997724453211511,1.2858513572711765,2315604.0
2000-02-02,17.0,17.69,16.5,17.38,515567.0,0.0,1.0,1.2949924806640998,1.3475539401734073,1.2569044665269202,1.323939371408356,6186804.0
2000-02-03,17.44,17.62,17.19,17.56,541767.0,0.0,1.0,1.3285099331048176,1.3422216181942022,1.309465926036228,1.3376510564977406,6501204.0
2000-02-04,17.53,17.56,15.0,15.75,2108267.0,0.0,1.0,1.3353657756495099,1.3376510564977406,1.142640424115382,1.1997724453211511,25299204.0
2000-02-07,15.13,15.31,14.94,15.0,856633.0,0.0,1.0,1.1525433077910487,1.1662549928804333,1.1380698624189205,1.142640424115382,10279596.0
2000-02-08,15.13,15.25,14.25,14.75,603750.0,0.0,1.0,1.1525433077910487,1.1616844311839718,1.085508402909613,1.1235964170467925,7245000.0
2000-02-09,14.75,14.94,14.38,14.53,210833.0,0.0,1.0,1.1235964170467925,1.1380698624189205,1.0954112865852796,1.1068376908264335,2529996.0
2000-02-10,14.87,14.87,14.38,14.44,216633.0,0.0,1.0,1.1327375404397153,1.1327375404397153,1.0954112865852796,1.0999818482817412,2599596.0
2000-02-11,14.75,15.0,14.56,14.87,148967.0,0.0,1.0,1.1235964170467925,1.142640424115382,1.1091229716746642,1.1327375404397153,1787604.0
2000-02-14,14.87,15.0,14.25,14.38,180367.0,0.0,1.0,1.1327375404397153,1.142640424115382,1.085508402909613,1.0954112865852796,2164404.0
2000-02-15,14.56,14.56,14.0,14.0,206233.0,0.0,1.0,1.1091229716746642,1.1091229716746642,1.0664643958410234,1.0664643958410234,2474796.0
2000-02-16,14.38,14.69,14.0,14.02,235033.0,0.0,1.0,1.0954112865852796,1.1190258553503307,1.0664643958410234,1.0679879164065105,2820396.0
2000-02-17,14.38,14.56,14.0,14.03,203200.0,0.0,1.0,1.0954112865852796,1.1091229716746642,1.0664643958410234,1.068749676689254,2438400.0
2000-02-18,14.25,14.5,12.62,13.5,464550.0,0.0,1.0,1.085508402909613,1.1045524099782027,0.9613414768224081,1.0283763817038438,5574600.0
2000-02-22,13.5,13.81,13.06,13.37,116433.0,0.0,1.0,1.0283763817038438,1.0519909504688951,0.994858929263126,1.018473498028177,1397196.0
2000-02-23,13.5,13.5,12.88,13.06,106150.0,0.0,1.0,1.0283763817038438,1.0283763817038438,0.9811472441737414,0.994858929263126,1273800.0
2000-02-24,13.25,13.25,12.75,13.12,133617.0,0.0,1.0,1.0093323746352543,1.0093323746352543,0.9712443604980748,0.9994294909595874,1603404.0
2000-02-25,13.25,13.25,12.62,12.75,248800.0,0.0,1.0,1.0093323746352543,1.0093323746352543,0.9613414768224081,0.9712443604980748,2985600.0
2000-02-28,12.69,12.88,12.5,12.56,230233.0,0.0,1.0,0.9666737988016132,0.9811472441737414,0.9522003534294851,0.9567709151259467,2762796.0
2000-02-29,12.5,12.88,12.5,12.69,232800.0,0.0,1.0,0.9522003534294851,0.9811472441737414,0.9522003534294851,0.9666737988016132,2793600.0
2000-03-01,12.88,15.0,12.75,14.5,1367033.0,0.0,1.0,0.9811472441737414,1.142640424115382,0.9712443604980748,1.1045524099782027,16404396.0
2000-03-02,14.78,15.0,14.12,14.5,203200.0,0.0,1.0,1.125881697895023,1.142640424115382,1.0756055192339462,1.1045524099782027,2438400.0
2000-03-03,14.5,15.06,14.12,14.81,1026667.0,0.0,1.0,1.1045524099782027,1.1472109858118436,1.0756055192339462,1.128166978743254,12320004.0
2000-03-06,15.0,15.0,14.25,14.38,184817.0,0.0,1.0,1.142640424115382,1.142640424115382,1.085508402909613,1.0954112865852796,2217804.0
2000-03-07,14.5,14.81,13.19,13.75,229867.0,0.0,1.0,1.1045524099782027,1.128166978743254,1.0047618129387925,1.0474203887724336,2758404.0
2000-03-08,13.75,13.75,13.14,13.19,160367.0,0.0,1.0,1.0474203887724336,1.0474203887724336,1.0009530115250747,1.0047618129387925,1924404.0
2000-03-09,13.5,14.44,13.44,14.44,169767.0,0.0,1.0,1.0283763817038438,1.0999818482817412,1.0238058200073823,1.0999818482817412,2037204.0
2000-03-10,14.44,14.81,14.25,14.31,431200.0,0.0,1.0,1.0999818482817412,1.128166978743254,1.085508402909613,1.0900789646060745,5174400.0
2000-03-13,14.5,14.5,13.5,13.56,136017.0,0.0,1.0,1.1045524099782027,1.1045524099782027,1.0283763817038438,1.0329469434003054,1632204.0
2000-03-14,13.81,14.06,13.0,13.88,223750.0,0.0,1.0,1.0519909504688951,1.071034957537485,0.9902883675666645,1.0573232724481003,2685000.0
2000-03-15,14.0,14.0,12.81,13.0,615567.0,0.0,1.0,1.0664643958410234,1.0664643958410234,0.9758149221945364,0.9902883675666645,7386804.0
2000-03-16,13.75,13.75,12.94,13.0,168550.0,0.0,1.0,1.0474203887724336,1.0474203887724336,0.985717805870203,0.9902883675666645,2022600.0
2000-03-17,12.88,13.63,12.88,13.09,272800.0,0.0,1.0,0.9811472441737414,1.0382792653795105,0.9811472441737414,0.9971442101113568,3273600.0
2000-03-20,13.25,14.12,13.16,13.5,188967.0,0.0,1.0,1.0093323746352543,1.0756055192339462,1.002476532090562,1.0283763817038438,2267604.0
2000-03-21,13.81,14.0,13.25,13.44,70033.0,0.0,1.0,1.0519909504688951,1.0664643958410234,1.0093323746352543,1.0238058200073823,840396.0
2000-03-22,13.63,13.94,13.31,13.37,96367.0,0.0,1.0,1.0382792653795105,1.0618938341445616,1.0139029363317158,1.018473498028177,1156404.0
2000-03-23,13.31,13.5,12.62,12.88,188800.0,0.0,1.0,1.0139029363317158,1.0283763817038438,0.9613414768224081,0.9811472441737414,2265600.0
2000-03-24,13.0,13.63,12.75,13.63,383217.0,0.0,1.0,0.9902883675666645,1.0382792653795105,0.9712443604980748,1.0382792653795105,4598604.0
2000-03-27,13.37,13.63,13.12,13.12,219467.0,0.0,1.0,1.018473498028177,1.0382792653795105,0.9994294909595874,0.9994294909595874,2633604.0
2000-03-28,13.25,13.5,13.12,13.19,149233.0,0.0,1.0,1.0093323746352543,1.0283763817038438,0.9994294909595874,1.0047618129387925,1790796.0
2000-03-29,13.25,13.5,12.75,13.12,185867.0,0.0,1.0,1.0093323746352543,1.0283763817038438,0.9712443604980748,0.9994294909595874,2230404.0
2000-03-30,13.0,13.0,12.81,12.88,222033.0,0.0,1.0,0.9902883675666645,0.9902883675666645,0.9758149221945364,0.9811472441737414,2664396.0
2000-03-31,13.0,13.0,11.62,12.06,441967.0,0.0,1.0,0.9902883675666645,0.9902883675666645,0.8851654485480492,0.9186829009887673,5303604.0
2000-04-03,12.16,12.16,10.63,11.12,455833.0,0.0,1.0,0.9263005038162031,0.9263005038162031,0.8097511805564341,0.8470774344108699,5469996.0
2000-04-04,11.12,11.12,10.25,10.63,611633.0,0.0,1.0,0.8470774344108699,0.8470774344108699,0.7808042898121778,0.8097511805564341,7339596.0
2000-04-05,10.37,11.25,10.19,10.69,434033.0,0.0,1.0,0.7899454132051008,0.8569803180865365,0.7762337281157162,0.8143217422528956,5208396.0
2000-04-06,10.75,11.38,10.69,11.06,215200.0,0.0,1.0,0.8188923039493572,0.8668832017622032,0.8143217422528956,0.8425068727144084,2582400.0
2000-04-07,11.0,11.06,7.63,8.06,8546567.0,0.0,1.0,0.8379363110179469,0.8425068727144084,0.5812230957333577,0.613978787891332,102558804.0
2000-04-10,8.87,8.87,8.0,8.06,1724633.0,0.0,1.0,0.6756813707935625,0.6756813707935625,0.6094082261948705,0.613978787891332,20695596.0
2000-04-11,8.06,8.12,6.75,7.03,624267.0,0.0,1.0,0.613978787891332,0.6185493495877934,0.5141881908519219,0.5355174787687424,7491204.0
2000-04-12,7.19,7.31,6.31,6.94,753067.0,0.0,1.0,0.5477056432926398,0.5568467666855629,0.48067073841120406,0.5286616362240502,9036804.0
2000-04-13,7.06,7.12,6.81,6.88,222150.0,0.0,1.0,0.5378027596169731,0.5423733213134347,0.5187587525483834,0.5240910745275886,2665800.0
2000-04-14,6.69,6.75,6.38,6.5,531033.0,0.0,1.0,0.5096176291554605,0.5141881908519219,0.4860030603904092,0.49514418378333225,6372396.0
2000-04-17,6.5,6.56,5.87,6.38,1138767.0,0.0,1.0,0.49514418378333225,0.4997147454797937,0.4471532859704862,0.4860030603904092,13665204.0
2000-04-18,6.31,6.56,6.0,6.31,442667.0,0.0,1.0,0.48067073841120406,0.4997147454797937,0.4570561696461528,0.48067073841120406,5312004.0
2000-04-19,6.62,6.69,6.19,6.22,232800.0,0.0,1.0,0.5042853071762553,0.5096176291554605,0.47152961501828106,0.47381489586651176,2793600.0
2000-04-20,6.25,6.69,6.25,6.69,1061767.0,0.0,1.0,0.47610017671474253,0.5096176291554605,0.47610017671474253,0.5096176291554605,12741204.0
2000-04-24,6.62,6.75,6.31,6.56,296817.0,0.0,1.0,0.5042853071762553,0.5141881908519219,0.48067073841120406,0.4997147454797937,3561804.0
2000-04-25,6.69,7.0,6.25,6.91,2629967.0,0.0,1.0,0.5096176291554605,0.5332321979205117,0.47610017671474253,0.5263763553758194,31559604.0
2000-04-26,7.06,7.31,6.66,6.67,460550.0,0.0,1.0,0.5378027596169731,0.5568467666855629,0.5073323483072296,0.5080941085899733,5526600.0
2000-04-27,6.75,6.78,6.62,6.75,460433.0,0.0,1.0,0.5141881908519219,0.5164734717001527,0.5042853071762553,0.5141881908519219,5525196.0
2000-04-28,6.97,7.0,6.13,6.25,774767.0,0.0,1.0,0.5309469170722808,0.5332321979205117,0.4669590533218195,0.47610017671474253,9297204.0
2000-05-01,6.5,6.97,6.25,6.25,1034400.0,0.0,1.0,0.49514418378333225,0.5309469170722808,0.47610017671474253,0.47610017671474253,12412800.0
2000-05-02,6.56,7.12,6.44,6.81,369600.0,0.0,1.0,0.4997147454797937,0.5423733213134347,0.4905736220868707,0.5187587525483834,4435200.0
2000-05-03,6.59,6.75,6.47,6.59,299367.0,0.0,1.0,0.5020000263280245,0.5141881908519219,0.4928589029351015,0.5020000263280245,3592404.0
2000-05-04,6.62,6.94,6.62,6.91,102950.0,0.0,1.0,0.5042853071762553,0.5286616362240502,0.5042853071762553,0.5263763553758194,1235400.0
2000-05-05,6.88,7.5,6.69,7.37,273067.0,0.0,1.0,0.5240910745275886,0.571320212057691,0.5096176291554605,0.5614173283820244,3276804.0
2000-05-08,7.56,8.12,7.5,7.5,536267.0,0.0,1.0,0.5758907737541525,0.6185493495877934,0.571320212057691,0.571320212057691,6435204.0
2000-05-09,7.56,7.88,7.06,7.28,220167.0,0.0,1.0,0.5758907737541525,0.6002671028019474,0.5378027596169731,0.5545614858373321,2642004.0
2000-05-10,5.75,6.25,5.5,6.13,1973233.0,0.0,1.0,0.43801216257756315,0.47610017671474253,0.4189681555089734,0.4669590533218195,23678796.0
2000-05-11,6.16,6.75,6.0,6.75,569600.0,0.0,1.0,0.46924433417005024,0.5141881908519219,0.4570561696461528,0.5141881908519219,6835200.0
2000-05-12,6.56,7.12,6.5,6.88,696017.0,0.0,1.0,0.4997147454797937,0.5423733213134347,0.49514418378333225,0.5240910745275886,8352204.0
2000-05-15,7.0,7.34,6.69,7.3,513867.0,0.0,1.0,0.5332321979205117,0.5591320475337936,0.5096176291554605,0.5560850064028193,6166404.0
2000-05-16,7.25,7.31,6.88,7.12,439217.0,0.0,1.0,0.5522762049891013,0.5568467666855629,0.5240910745275886,0.5423733213134347,5270604.0
2000-05-17,6.94,7.0,6.62,7.0,475833.0,0.0,1.0,0.5286616362240502,0.5332321979205117,0.5042853071762553,0.5332321979205117,5709996.0
2000-05-18,7.0,7.06,6.56,6.69,530150.0,0.0,1.0,0.5332321979205117,0.5378027596169731,0.4997147454797937,0.5096176291554605,6361800.0
2000-05-19,6.5,6.81,6.5,6.75,192800.0,0.0,1.0,0.49514418378333225,0.5187587525483834,0.49514418378333225,0.5141881908519219,2313600.0
2000-05-22,6.75,6.78,6.03,6.13,241433.0,0.0,1.0,0.5141881908519219,0.5164734717001527,0.45934145049438363,0.4669590533218195,2897196.0
2000-05-23,6.16,6.31,6.16,6.28,114417.0,0.0,1.0,0.46924433417005024,0.48067073841120406,0.46924433417005024,0.47838545756297335,1373004.0
2000-05-24,6.28,6.5,6.06,6.5,296367.0,0.0,1.0,0.47838545756297335,0.49514418378333225,0.46162673134261434,0.49514418378333225,3556404.0
2000-05-25,6.56,6.62,6.19,6.31,233067.0,0.0,1.0,0.4997147454797937,0.5042853071762553,0.47152961501828106,0.48067073841120406,2796804.0
2000-05-26,6.28,6.5,5.94,6.13,145967.0,0.0,1.0,0.47838545756297335,0.49514418378333225,0.45248560794969134,0.4669590533218195,1751604.0
2000-05-30,6.13,6.44,6.13,6.38,200800.0,0.0,1.0,0.4669590533218195,0.4905736220868707,0.4669590533218195,0.4860030603904092,2409600.0
2000-05-31,6.41,6.41,6.13,6.19,131467.0,0.0,1.0,0.48828834123863996,0.48828834123863996,0.4669590533218195,0.47152961501828106,1577604.0
2000-06-01,6.19,6.28,6.16,6.19,207633.0,0.0,1.0,0.47152961501828106,0.47838545756297335,0.46924433417005024,0.47152961501828106,2491596.0
2000-06-02,6.34,7.06,6.13,7.06,1171567.0,0.0,1.0,0.4829560192594348,0.5378027596169731,0.4669590533218195,0.5378027596169731,14058804.0
2000-06-05,6.75,7.0,5.94,6.88,253767.0,0.0,1.0,0.5141881908519219,0.5332321979205117,0.45248560794969134,0.5240910745275886,3045204.0
2000-06-06,6.75,6.75,6.5,6.69,296817.0,0.0,1.0,0.5141881908519219,0.5141881908519219,0.49514418378333225,0.5096176291554605,3561804.0
2000-06-07,6.52,6.66,6.5,6.62,183750.0,0.0,1.0,0.4966677043488194,0.5073323483072296,0.49514418378333225,0.5042853071762553,2205000.0
2000-06-08,6.62,6.69,6.22,6.69,211567.0,0.0,1.0,0.5042853071762553,0.5096176291554605,0.47381489586651176,0.5096176291554605,2538804.0
2000-06-09,6.62,6.69,6.5,6.56,174400.0,0.0,1.0,0.5042853071762553,0.5096176291554605,0.49514418378333225,0.4997147454797937,2092800.0
2000-06-12,6.59,6.62,6.28,6.31,126833.0,0.0,1.0,0.5020000263280245,0.5042853071762553,0.47838545756297335,0.48067073841120406,1521996.0
2000-06-13,6.34,6.69,6.13,6.2,145767.0,0.0,1.0,0.4829560192594348,0.5096176291554605,0.4669590533218195,0.4722913753010246,1749204.0
2000-06-14,6.38,6.38,6.19,6.22,475567.0,0.0,1.0,0.4860030603904092,0.4860030603904092,0.47152961501828106,0.47381489586651176,5706804.0
2000-06-15,6.25,6.34,6.16,6.19,100633.0,0.0,1.0,0.47610017671474253,0.4829560192594348,0.46924433417005024,0.47152961501828106,1207596.0
2000-06-16,6.34,6.38,5.94,6.13,259033.0,0.0,1.0,0.4829560192594348,0.4860030603904092,0.45248560794969134,0.4669590533218195,3108396.0
2000-06-19,6.06,6.25,5.97,6.25,129433.0,0.0,1.0,0.46162673134261434,0.47610017671474253,0.45477088879792205,0.47610017671474253,1553196.0
2000-06-20,6.0,6.13,5.97,6.13,308367.0,0.0,1.0,0.4570561696461528,0.4669590533218195,0.45477088879792205,0.4669590533218195,3700404.0
2000-06-21,6.06,6.19,6.0,6.09,113617.0,0.0,1.0,0.46162673134261434,0.47152961501828106,0.4570561696461528,0.4639120121908451,1363404.0
2000-06-22,6.06,6.09,5.97,6.03,160550.0,0.0,1.0,0.46162673134261434,0.4639120121908451,0.45477088879792205,0.45934145049438363,1926600.0
2000-06-23,6.0,6.03,5.38,5.87,317967.0,0.0,1.0,0.4570561696461528,0.45934145049438363,0.40982703211605037,0.4471532859704862,3815604.0
2000-06-26,5.94,6.25,5.87,6.25,280633.0,0.0,1.0,0.45248560794969134,0.47610017671474253,0.4471532859704862,0.47610017671474253,3367596.0
2000-06-27,6.06,6.31,5.97,6.25,150033.0,0.0,1.0,0.46162673134261434,0.48067073841120406,0.45477088879792205,0.47610017671474253,1800396.0
2000-06-28,6.27,6.34,6.03,6.06,60550.0,0.0,1.0,0.4776236972802297,0.4829560192594348,0.45934145049438363,0.46162673134261434,726600.0
2000-06-29,6.03,6.03,5.5,5.66,300367.0,0.0,1.0,0.45934145049438363,0.45934145049438363,0.4189681555089734,0.43115632003287085,3604404.0
2000-06-30,5.66,6.75,5.62,6.5,619633.0,0.0,1.0,0.43115632003287085,0.5141881908519219,0.4281092789018965,0.49514418378333225,7435596.0
2000-07-03,6.5,6.56,6.38,6.44,231367.0,0.0,1.0,0.49514418378333225,0.4997147454797937,0.4860030603904092,0.4905736220868707,2776404.0
2000-07-05,6.5,6.62,6.34,6.38,124367.0,0.0,1.0,0.49514418378333225,0.5042853071762553,0.4829560192594348,0.4860030603904092,1492404.0
2000-07-06,6.44,6.94,6.31,6.5,126767.0,0.0,1.0,0.4905736220868707,0.5286616362240502,0.48067073841120406,0.49514418378333225,1521204.0
2000-07-07,6.44,7.22,6.41,7.22,189433.0,0.0,1.0,0.4905736220868707,0.5499909241408706,0.48828834123863996,0.5499909241408706,2273196.0
2000-07-10,7.06,8.0,6.94,7.88,311217.0,0.0,1.0,0.5378027596169731,0.6094082261948705,0.5286616362240502,0.6002671028019474,3734604.0
2000-07-11,7.94,8.0,7.06,7.44,173167.0,0.0,1.0,0.6048376644984089,0.6094082261948705,0.5378027596169731,0.5667496503612296,2078004.0
2000-07-12,7.44,7.94,7.44,7.94,199467.0,0.0,1.0,0.5667496503612296,0.6048376644984089,0.5667496503612296,0.6048376644984089,2393604.0
2000-07-13,7.75,8.0,7.5,7.75,594567.0,0.0,1.0,0.5903642191262808,0.6094082261948705,0.571320212057691,0.5903642191262808,7134804.0
2000-07-14,7.97,8.62,7.88,8.44,480000.0,0.0,1.0,0.6071229453466397,0.6566373637249728,0.6002671028019474,0.6429256786355882,5760000.0
2000-07-17,8.69,9.06,8.31,8.75,559033.0,0.0,1.0,0.661969685704178,0.6901548161656909,0.6330227949599218,0.6665402474006396,6708396.0
2000-07-18,8.94,9.19,8.44,8.94,185067.0,0.0,1.0,0.6810136927727677,0.7000576998413574,0.6429256786355882,0.6810136927727677,2220804.0
2000-07-19,8.94,9.06,8.0,8.5,231467.0,0.0,1.0,0.6810136927727677,0.6901548161656909,0.6094082261948705,0.6474962403320499,2777604.0
2000-07-20,8.34,9.19,8.31,8.62,339567.0,0.0,1.0,0.6353080758081524,0.7000576998413574,0.6330227949599218,0.6566373637249728,4074804.0
2000-07-21,8.69,8.69,8.22,8.44,237600.0,0.0,1.0,0.661969685704178,0.661969685704178,0.6261669524152295,0.6429256786355882,2851200.0
2000-07-24,8.62,8.62,8.31,8.38,27833.0,0.0,1.0,0.6566373637249728,0.6566373637249728,0.6330227949599218,0.6383551169391268,333996.0
2000-07-25,8.38,8.41,8.19,8.31,90150.0,0.0,1.0,0.6383551169391268,0.6406403977873576,0.6238816715669986,0.6330227949599218,1081800.0
2000-07-26,8.19,8.38,7.81,8.25,75833.0,0.0,1.0,0.6238816715669986,0.6383551169391268,0.5949347808227422,0.6284522332634601,909996.0
2000-07-27,8.22,8.87,8.22,8.66,88817.0,0.0,1.0,0.6261669524152295,0.6756813707935625,0.6261669524152295,0.6596844048559473,1065804.0
2000-07-28,8.72,8.75,8.38,8.5,85767.0,0.0,1.0,0.6642549665524088,0.6665402474006396,0.6383551169391268,0.6474962403320499,1029204.0
2000-07-31,8.5,9.0,8.41,8.75,157233.0,0.0,1.0,0.6474962403320499,0.6855842544692292,0.6406403977873576,0.6665402474006396,1886796.0
2000-08-01,8.62,8.87,8.25,8.81,140167.0,0.0,1.0,0.6566373637249728,0.6756813707935625,0.6284522332634601,0.6711108090971011,1682004.0
2000-08-02,8.87,9.0,8.56,8.87,134233.0,0.0,1.0,0.6756813707935625,0.6855842544692292,0.6520668020285114,0.6756813707935625,1610796.0
2000-08-03,9.0,10.44,8.62,10.19,685233.0,0.0,1.0,0.6855842544692292,0.7952777351843059,0.6566373637249728,0.7762337281157162,8222796.0
2000-08-04,10.31,11.12,10.25,10.5,569617.0,0.0,1.0,0.7853748515086393,0.8470774344108699,0.7808042898121778,0.7998482968807674,6835404.0
2000-08-07,10.75,11.12,10.37,11.0,604800.0,0.0,1.0,0.8188923039493572,0.8470774344108699,0.7899454132051008,0.8379363110179469,7257600.0
2000-08-08,11.0,11.25,10.94,11.06,308267.0,0.0,1.0,0.8379363110179469,0.8569803180865365,0.8333657493214853,0.8425068727144084,3699204.0
2000-08-09,11.06,13.06,11.06,13.0,517867.0,0.0,1.0,0.8425068727144084,0.994858929263126,0.8425068727144084,0.9902883675666645,6214404.0
2000-08-10,12.25,12.5,11.25,11.75,277600.0,0.0,1.0,0.9331563463608954,0.9522003534294851,0.8569803180865365,0.895068332223716,3331200.0
2000-08-11,11.75,11.94,11.5,11.94,70567.0,0.0,1.0,0.895068332223716,0.9095417775958441,0.8760243251551263,0.9095417775958441,846804.0
2000-08-14,12.0,12.56,11.5,12.38,733350.0,0.0,1.0,0.9141123392923056,0.9567709151259467,0.8760243251551263,0.9430592300365621,8800200.0
2000-08-15,12.38,12.69,12.06,12.62,396967.0,0.0,1.0,0.9430592300365621,0.9666737988016132,0.9186829009887673,0.9613414768224081,4763604.0
2000-08-16,12.44,12.94,12.25,12.75,488017.0,0.0,1.0,0.9476297917330235,0.985717805870203,0.9331563463608954,0.9712443604980748,5856204.0
2000-08-17,12.81,13.25,12.69,13.06,682417.0,0.0,1.0,0.9758149221945364,1.0093323746352543,0.9666737988016132,0.994858929263126,8189004.0
2000-08-18,13.0,13.12,12.75,12.94,273600.0,0.0,1.0,0.9902883675666645,0.9994294909595874,0.9712443604980748,0.985717805870203,3283200.0
2000-08-21,12.94,12.94,12.19,12.88,154233.0,0.0,1.0,0.985717805870203,0.985717805870203,0.9285857846644338,0.9811472441737414,1850796.0
2000-08-22,12.56,13.37,12.56,13.19,555567.0,0.0,1.0,0.9567709151259467,1.018473498028177,0.9567709151259467,1.0047618129387925,6666804.0
2000-08-23,13.09,14.0,13.06,13.88,668633.0,0.0,1.0,0.9971442101113568,1.0664643958410234,0.994858929263126,1.0573232724481003,8023596.0
2000-08-24,13.5,14.0,13.37,13.81,173617.0,0.0,1.0,1.0283763817038438,1.0664643958410234,1.018473498028177,1.0519909504688951,2083404.0
2000-08-25,13.88,14.0,13.56,14.0,143200.0,0.0,1.0,1.0573232724481003,1.0664643958410234,1.0329469434003054,1.0664643958410234,1718400.0
2000-08-28,13.69,14.0,13.63,13.88,66233.0,0.0,1.0,1.042849827075972,1.0664643958410234,1.0382792653795105,1.0573232724481003,794796.0
2000-08-29,13.88,14.0,13.69,13.75,184800.0,0.0,1.0,1.0573232724481003,1.0664643958410234,1.042849827075972,1.0474203887724336,2217600.0
2000-08-30,13.75,14.06,13.75,13.81,253767.0,0.0,1.0,1.0474203887724336,1.071034957537485,1.0474203887724336,1.0519909504688951,3045204.0
2000-08-31,13.81,14.06,13.81,14.0,839633.0,0.0,1.0,1.0519909504688951,1.071034957537485,1.0519909504688951,1.0664643958410234,10075596.0
2000-09-01,14.0,14.0,13.88,13.88,214833.0,0.0,1.0,1.0664643958410234,1.0664643958410234,1.0573232724481003,1.0573232724481003,2577996.0
2000-09-05,13.88,14.0,13.69,13.94,200367.0,0.0,1.0,1.0573232724481003,1.0664643958410234,1.042849827075972,1.0618938341445616,2404404.0
2000-09-06,13.88,13.94,13.81,13.81,309233.0,0.0,1.0,1.0573232724481003,1.0618938341445616,1.0519909504688951,1.0519909504688951,3710796.0
2000-09-07,13.81,14.0,13.75,13.97,436167.0,0.0,1.0,1.0519909504688951,1.0664643958410234,1.0474203887724336,1.0641791149927926,5234004.0
2000-09-08,13.97,14.75,13.94,14.5,1941867.0,0.0,1.0,1.0641791149927926,1.1235964170467925,1.0618938341445616,1.1045524099782027,23302404.0
2000-09-11,14.69,15.0,14.44,15.0,485167.0,0.0,1.0,1.1190258553503307,1.142640424115382,1.0999818482817412,1.142640424115382,5822004.0
2000-09-12,15.0,15.44,14.94,15.06,1106400.0,0.0,1.0,1.142640424115382,1.1761578765560998,1.1380698624189205,1.1472109858118436,13276800.0
2000-09-13,15.19,15.62,14.75,14.75,789867.0,0.0,1.0,1.1571138694875103,1.1898695616454844,1.1235964170467925,1.1235964170467925,9478404.0
2000-09-14,14.94,15.38,14.81,14.94,159750.0,0.0,1.0,1.1380698624189205,1.1715873148596385,1.128166978743254,1.1380698624189205,1917000.0
2000-09-15,15.19,15.31,13.69,14.61,444633.0,0.0,1.0,1.1571138694875103,1.1662549928804333,1.042849827075972,1.112931773088382,5335596.0
2000-09-18,14.38,14.62,13.63,14.19,248800.0,0.0,1.0,1.0954112865852796,1.1136935333711258,1.0382792653795105,1.0809378412131514,2985600.0
2000-09-19,14.03,14.19,13.75,13.94,225967.0,0.0,1.0,1.068749676689254,1.0809378412131514,1.0474203887724336,1.0618938341445616,2711604.0
2000-09-20,13.97,14.5,13.37,14.5,240367.0,0.0,1.0,1.0641791149927926,1.1045524099782027,1.018473498028177,1.1045524099782027,2884404.0
2000-09-21,14.53,14.75,13.69,14.5,85617.0,0.0,1.0,1.1068376908264335,1.1235964170467925,1.042849827075972,1.1045524099782027,1027404.0
2000-09-22,14.25,14.87,13.75,14.62,220267.0,0.0,1.0,1.085508402909613,1.1327375404397153,1.0474203887724336,1.1136935333711258,2643204.0
2000-09-25,14.44,14.62,14.06,14.56,144433.0,0.0,1.0,1.0999818482817412,1.1136935333711258,1.071034957537485,1.1091229716746642,1733196.0
2000-09-26,14.38,14.62,14.0,14.61,107467.0,0.0,1.0,1.0954112865852796,1.1136935333711258,1.0664643958410234,1.112931773088382,1289604.0
2000-09-27,14.47,14.94,11.87,12.62,1858033.0,0.0,1.0,1.102267129129972,1.1380698624189205,0.904209455616639,0.9613414768224081,22296396.0
2000-09-28,13.0,14.75,13.0,14.0,1161617.0,0.0,1.0,0.9902883675666645,1.1235964170467925,0.9902883675666645,1.0664643958410234,13939404.0
2000-09-29,14.0,15.0,13.56,15.0,278950.0,0.0,1.0,1.0664643958410234,1.142640424115382,1.0329469434003054,1.142640424115382,3347400.0
2000-10-02,14.62,14.87,13.69,13.88,223467.0,0.0,1.0,1.1136935333711258,1.1327375404397153,1.042849827075972,1.0573232724481003,2681604.0
2000-10-03,14.16,14.87,13.75,14.38,316633.0,0.0,1.0,1.0786525603649206,1.1327375404397153,1.0474203887724336,1.0954112865852796,3799596.0
2000-10-04,14.25,14.87,14.25,14.87,293967.0,0.0,1.0,1.085508402909613,1.1327375404397153,1.085508402909613,1.1327375404397153,3527604.0
2000-10-05,14.81,15.13,14.56,15.0,761067.0,0.0,1.0,1.128166978743254,1.1525433077910487,1.1091229716746642,1.142640424115382,9132804.0
2000-10-06,15.0,15.19,14.25,14.87,235833.0,0.0,1.0,1.142640424115382,1.1571138694875103,1.085508402909613,1.1327375404397153,2829996.0
2000-10-09,14.75,15.0,14.31,14.75,66667.0,0.0,1.0,1.1235964170467925,1.142640424115382,1.0900789646060745,1.1235964170467925,800004.0
2000-10-10,14.84,14.84,14.38,14.44,128267.0,0.0,1.0,1.1304522595914848,1.1304522595914848,1.0954112865852796,1.0999818482817412,1539204.0
2000-10-11,14.38,14.5,14.25,14.25,224017.0,0.0,1.0,1.0954112865852796,1.1045524099782027,1.085508402909613,1.085508402909613,2688204.0
2000-10-12,14.33,14.44,13.56,13.56,115633.0,0.0,1.0,1.0916024851715618,1.0999818482817412,1.0329469434003054,1.0329469434003054,1387596.0
2000-10-13,13.63,15.13,13.44,14.87,540817.0,0.0,1.0,1.0382792653795105,1.1525433077910487,1.0238058200073823,1.1327375404397153,6489804.0
2000-10-16,14.62,14.94,14.56,14.62,117867.0,0.0,1.0,1.1136935333711258,1.1380698624189205,1.1091229716746642,1.1136935333711258,1414404.0
2000-10-17,14.66,14.66,13.5,13.94,255367.0,0.0,1.0,1.1167405745021002,1.1167405745021002,1.0283763817038438,1.0618938341445616,3064404.0
2000-10-18,13.44,14.38,12.75,14.25,110950.0,0.0,1.0,1.0238058200073823,1.0954112865852796,0.9712443604980748,1.085508402909613,1331400.0
2000-10-19,14.31,14.69,14.12,14.5,140000.0,0.0,1.0,1.0900789646060745,1.1190258553503307,1.0756055192339462,1.1045524099782027,1680000.0
2000-10-20,14.56,14.69,14.38,14.44,43750.0,0.0,1.0,1.1091229716746642,1.1190258553503307,1.0954112865852796,1.0999818482817412,525000.0
2000-10-23,14.42,14.94,14.38,14.94,322417.0,0.0,1.0,1.098458327716254,1.1380698624189205,1.0954112865852796,1.1380698624189205,3869004.0
2000-10-24,15.19,15.25,13.5,14.25,1200800.0,0.0,1.0,1.1571138694875103,1.1616844311839718,1.0283763817038438,1.085508402909613,14409600.0
2000-10-25,14.19,14.19,13.5,13.81,580433.0,0.0,1.0,1.0809378412131514,1.0809378412131514,1.0283763817038438,1.0519909504688951,6965196.0
2000-10-26,13.56,14.0,12.56,13.81,415217.0,0.0,1.0,1.0329469434003054,1.0664643958410234,0.9567709151259467,1.0519909504688951,4982604.0
2000-10-27,13.94,14.5,13.19,13.56,217967.0,0.0,1.0,1.0618938341445616,1.1045524099782027,1.0047618129387925,1.0329469434003054,2615604.0
2000-10-30,13.73,14.56,13.5,14.5,1112967.0,0.0,1.0,1.0458968682069465,1.1091229716746642,1.0283763817038438,1.1045524099782027,13355604.0
2000-10-31,14.5,14.56,13.63,13.81,424433.0,0.0,1.0,1.1045524099782027,1.1091229716746642,1.0382792653795105,1.0519909504688951,5093196.0
2000-11-01,13.81,13.94,12.81,13.69,325233.0,0.0,1.0,1.0519909504688951,1.0618938341445616,0.9758149221945364,1.042849827075972,3902796.0
2000-11-02,13.88,14.38,13.25,13.56,178417.0,0.0,1.0,1.0573232724481003,1.0954112865852796,1.0093323746352543,1.0329469434003054,2141004.0
2000-11-03,13.44,13.75,13.0,13.0,149350.0,0.0,1.0,1.0238058200073823,1.0474203887724336,0.9902883675666645,0.9902883675666645,1792200.0
2000-11-06,13.56,14.0,13.31,13.75,104433.0,0.0,1.0,1.0329469434003054,1.0664643958410234,1.0139029363317158,1.0474203887724336,1253196.0
2000-11-07,13.56,13.75,13.5,13.75,55033.0,0.0,1.0,1.0329469434003054,1.0474203887724336,1.0283763817038438,1.0474203887724336,660396.0
2000-11-08,13.19,13.75,12.62,13.37,84367.0,0.0,1.0,1.0047618129387925,1.0474203887724336,0.9613414768224081,1.018473498028177,1012404.0
2000-11-09,13.25,13.5,12.62,13.5,88967.0,0.0,1.0,1.0093323746352543,1.0283763817038438,0.9613414768224081,1.0283763817038438,1067604.0
2000-11-10,12.77,13.5,12.38,12.67,70233.0,0.0,1.0,0.9727678810635619,1.0283763817038438,0.9430592300365621,0.9651502782361261,842796.0
2000-11-13,12.31,12.44,11.19,12.38,130833.0,0.0,1.0,0.9377269080573569,0.9476297917330235,0.852409756390075,0.9430592300365621,1569996.0
2000-11-14,12.38,13.0,12.13,13.0,200000.0,0.0,1.0,0.9430592300365621,0.9902883675666645,0.9240152229679723,0.9902883675666645,2400000.0
2000-11-15,12.56,13.0,12.25,12.75,156633.0,0.0,1.0,0.9567709151259467,0.9902883675666645,0.9331563463608954,0.9712443604980748,1879596.0
2000-11-16,12.81,12.88,12.31,12.88,70950.0,0.0,1.0,0.9758149221945364,0.9811472441737414,0.9377269080573569,0.9811472441737414,851400.0
2000-11-17,12.62,12.69,12.31,12.44,166950.0,0.0,1.0,0.9613414768224081,0.9666737988016132,0.9377269080573569,0.9476297917330235,2003400.0
2000-11-20,12.19,12.25,11.75,11.94,111567.0,0.0,1.0,0.9285857846644338,0.9331563463608954,0.895068332223716,0.9095417775958441,1338804.0
2000-11-21,11.81,12.06,11.44,11.81,118233.0,0.0,1.0,0.8996388939201776,0.9186829009887673,0.8714537634586647,0.8996388939201776,1418796.0
2000-11-22,11.62,11.62,11.12,11.12,144633.0,0.0,1.0,0.8851654485480492,0.8851654485480492,0.8470774344108699,0.8470774344108699,1735596.0
2000-11-24,11.12,11.75,11.06,11.38,58833.0,0.0,1.0,0.8470774344108699,0.895068332223716,0.8425068727144084,0.8668832017622032,705996.0
2000-11-27,11.69,11.69,11.25,11.69,79367.0,0.0,1.0,0.8904977705272544,0.8904977705272544,0.8569803180865365,0.8904977705272544,952404.0
2000-11-28,11.17,12.94,10.81,12.13,246833.0,0.0,1.0,0.8508862358245879,0.985717805870203,0.8234628656458187,0.9240152229679723,2961996.0
2000-11-29,11.75,11.94,10.94,11.12,140967.0,0.0,1.0,0.895068332223716,0.9095417775958441,0.8333657493214853,0.8470774344108699,1691604.0
2000-11-30,11.06,11.06,10.31,10.37,262233.0,0.0,1.0,0.8425068727144084,0.8425068727144084,0.7853748515086393,0.7899454132051008,3146796.0
2000-12-01,10.77,12.06,10.69,12.06,307200.0,0.0,1.0,0.8204158245148443,0.9186829009887673,0.8143217422528956,0.9186829009887673,3686400.0
2000-12-04,11.94,11.94,11.12,11.25,93767.0,0.0,1.0,0.9095417775958441,0.9095417775958441,0.8470774344108699,0.8569803180865365,1125204.0
2000-12-05,11.75,12.0,11.25,11.5,176433.0,0.0,1.0,0.895068332223716,0.9141123392923056,0.8569803180865365,0.8760243251551263,2117196.0
2000-12-06,11.47,11.75,11.31,11.62,125350.0,0.0,1.0,0.8737390443068955,0.895068332223716,0.8615508797829982,0.8851654485480492,1504200.0
2000-12-07,11.45,11.87,11.38,11.44,87033.0,0.0,1.0,0.8722155237414083,0.904209455616639,0.8668832017622032,0.8714537634586647,1044396.0
2000-12-08,11.64,12.0,11.62,11.81,165233.0,0.0,1.0,0.8866889691135366,0.9141123392923056,0.8851654485480492,0.8996388939201776,1982796.0
2000-12-11,11.87,12.62,11.87,12.5,129617.0,0.0,1.0,0.904209455616639,0.9613414768224081,0.904209455616639,0.9522003534294851,1555404.0
2000-12-12,12.5,12.75,12.44,12.5,84633.0,0.0,1.0,0.9522003534294851,0.9712443604980748,0.9476297917330235,0.9522003534294851,1015596.0
2000-12-13,12.5,12.94,12.44,12.88,352433.0,0.0,1.0,0.9522003534294851,0.985717805870203,0.9476297917330235,0.9811472441737414,4229196.0
2000-12-14,12.88,13.44,12.13,12.5,195033.0,0.0,1.0,0.9811472441737414,1.0238058200073823,0.9240152229679723,0.9522003534294851,2340396.0
2000-12-15,12.44,12.56,12.19,12.5,180817.0,0.0,1.0,0.9476297917330235,0.9567709151259467,0.9285857846644338,0.9522003534294851,2169804.0
2000-12-18,12.44,12.62,12.44,12.5,124800.0,0.0,1.0,0.9476297917330235,0.9613414768224081,0.9476297917330235,0.9522003534294851,1497600.0
2000-12-19,12.44,12.78,12.44,12.62,98833.0,0.0,1.0,0.9476297917330235,0.9735296413463055,0.9476297917330235,0.9613414768224081,1185996.0
2000-12-20,12.62,14.12,12.62,14.0,309350.0,0.0,1.0,0.9613414768224081,1.0756055192339462,0.9613414768224081,1.0664643958410234,3712200.0
2000-12-21,14.0,14.12,12.88,13.88,382833.0,0.0,1.0,1.0664643958410234,1.0756055192339462,0.9811472441737414,1.0573232724481003,4593996.0
2000-12-22,13.88,14.75,13.63,14.69,336017.0,0.0,1.0,1.0573232724481003,1.1235964170467925,1.0382792653795105,1.1190258553503307,4032204.0
2000-12-26,14.38,15.0,14.38,14.94,336000.0,0.0,1.0,1.0954112865852796,1.142640424115382,1.0954112865852796,1.1380698624189205,4032000.0
2000-12-27,14.5,15.0,14.5,15.0,251367.0,0.0,1.0,1.1045524099782027,1.142640424115382,1.1045524099782027,1.142640424115382,3016404.0
2000-12-28,14.75,15.06,14.75,14.87,212550.0,0.0,1.0,1.1235964170467925,1.1472109858118436,1.1235964170467925,1.1327375404397153,2550600.0
2000-12-29,14.75,15.25,14.75,15.13,272000.0,0.0,1.0,1.1235964170467925,1.1616844311839718,1.1235964170467925,1.1525433077910487,3264000.0
2001-01-02,15.13,15.25,13.63,14.0,448633.0,0.0,1.0,1.1525433077910487,1.1616844311839718,1.0382792653795105,1.0664643958410234,5383596.0
2001-01-03,13.88,15.06,13.88,15.06,133350.0,0.0,1.0,1.0573232724481003,1.1472109858118436,1.0573232724481003,1.1472109858118436,1600200.0
2001-01-04,14.0,16.5,14.0,16.44,1086233.0,0.0,1.0,1.0664643958410234,1.2569044665269202,1.0664643958410234,1.252333904830459,13034796.0
2001-01-05,15.88,16.44,15.5,16.31,662150.0,0.0,1.0,1.2096753289968178,1.252333904830459,1.1807284382525616,1.242431021154792,7945800.0
2001-01-08,15.56,16.37,15.5,16.25,696167.0,0.0,1.0,1.185298999949023,1.2470015828512537,1.1807284382525616,1.2378604594583307,8354004.0
2001-01-09,16.19,16.44,16.0,16.25,720967.0,0.0,1.0,1.2332898977618691,1.252333904830459,1.218816452389741,1.2378604594583307,8651604.0
2001-01-10,16.22,17.75,16.19,17.5,716433.0,0.0,1.0,1.2355751786100997,1.3521245018698689,1.2332898977618691,1.333080494801279,8597196.0
2001-01-11,17.25,17.69,16.75,17.5,609167.0,0.0,1.0,1.3140364877326893,1.3475539401734073,1.27594847359551,1.333080494801279,7310004.0
2001-01-12,17.12,18.19,17.12,17.94,767833.0,0.0,1.0,1.3041336040570228,1.3856419543105867,1.3041336040570228,1.3665979472419971,9213996.0
2001-01-16,17.69,18.5,17.5,17.87,337967.0,0.0,1.0,1.3475539401734073,1.409256523075638,1.333080494801279,1.361265625262792,4055604.0
2001-01-17,17.94,18.56,17.94,18.44,450950.0,0.0,1.0,1.3665979472419971,1.4138270847720993,1.3665979472419971,1.4046859613791765,5411400.0
2001-01-18,18.44,18.44,18.06,18.44,350400.0,0.0,1.0,1.4046859613791765,1.4046859613791765,1.37573907063492,1.4046859613791765,4204800.0
2001-01-19,17.94,18.5,16.88,18.31,1252017.0,0.0,1.0,1.3665979472419971,1.409256523075638,1.2858513572711765,1.3947830777035097,15024204.0
2001-01-22,18.38,18.5,17.87,18.31,421433.0,0.0,1.0,1.4001153996827147,1.409256523075638,1.361265625262792,1.3947830777035097,5057196.0
2001-01-23,18.28,18.88,18.06,18.5,437617.0,0.0,1.0,1.392497796855279,1.4382034138198942,1.37573907063492,1.409256523075638,5251404.0
2001-01-24,18.44,18.69,18.31,18.5,509767.0,0.0,1.0,1.4046859613791765,1.4237299684477662,1.3947830777035097,1.409256523075638,6117204.0
2001-01-25,18.25,18.5,17.62,18.5,251467.0,0.0,1.0,1.3902125160070482,1.409256523075638,1.3422216181942022,1.409256523075638,3017604.0
2001-01-26,18.06,18.62,17.56,18.55,337433.0,0.0,1.0,1.37573907063492,1.418397646468561,1.3376510564977406,1.4130653244893558,4049196.0
2001-01-29,18.59,18.62,18.19,18.19,280167.0,0.0,1.0,1.4161123656203303,1.418397646468561,1.3856419543105867,1.3856419543105867,3362004.0
2001-01-30,18.13,18.56,17.81,18.11,276267.0,0.0,1.0,1.3810713926141251,1.4138270847720993,1.3566950635663302,1.379547872048638,3315204.0
2001-01-31,18.44,18.56,18.13,18.13,294033.0,0.0,1.0,1.4046859613791765,1.4138270847720993,1.3810713926141251,1.3810713926141251,3528396.0
2001-02-01,18.36,18.62,17.75,18.5,232633.0,0.0,1.0,1.3985918791172276,1.418397646468561,1.3521245018698689,1.409256523075638,2791596.0
2001-02-02,20.31,20.87,19.02,20.0,3280800.0,0.0,1.0,1.5471351342522273,1.5897937100858683,1.4488680577783044,1.5235205654871762,39369600.0
2001-02-05,19.75,20.75,19.63,20.62,792633.0,0.0,1.0,1.5044765584185864,1.5806525866929453,1.4953354350256634,1.5707497030172786,9511596.0
2001-02-06,20.72,21.44,20.38,21.0,461350.0,0.0,1.0,1.5783673058447143,1.6332140462022529,1.5524674562314325,1.5996965937615348,5536200.0
2001-02-07,21.0,22.0,20.62,21.19,296433.0,0.0,1.0,1.5996965937615348,1.6758726220358937,1.5707497030172786,1.6141700391336633,3557196.0
2001-02-08,21.25,21.94,21.25,21.75,358667.0,0.0,1.0,1.6187406008301246,1.6713020603394324,1.6187406008301246,1.656828614967304,4304004.0
2001-02-09,21.56,21.88,20.62,20.87,388167.0,0.0,1.0,1.6423551695951757,1.6667314986429707,1.5707497030172786,1.5897937100858683,4658004.0
2001-02-12,20.06,21.19,20.06,21.0,280967.0,0.0,1.0,1.5280911271836375,1.6141700391336633,1.5280911271836375,1.5996965937615348,3371604.0
2001-02-13,21.06,21.75,21.0,21.62,302417.0,0.0,1.0,1.6042671554579964,1.656828614967304,1.5996965937615348,1.6469257312916374,3629004.0
2001-02-14,21.36,22.44,21.25,22.37,521967.0,0.0,1.0,1.627119963940304,1.7093900744766117,1.6187406008301246,1.7040577524974065,6263604.0
2001-02-15,22.94,23.25,22.75,22.94,741867.0,0.0,1.0,1.747478088613791,1.7710926573788421,1.7330046432416628,1.747478088613791,8902404.0
2001-02-16,22.44,22.94,21.75,22.25,193617.0,0.0,1.0,1.7093900744766117,1.747478088613791,1.656828614967304,1.6949166291044835,2323404.0
2001-02-20,22.12,23.25,22.0,22.37,555567.0,0.0,1.0,1.6850137454288168,1.7710926573788421,1.6758726220358937,1.7040577524974065,6666804.0
2001-02-21,22.5,22.5,20.81,22.0,275750.0,0.0,1.0,1.713960636173073,1.713960636173073,1.5852231483894066,1.6758726220358937,3309000.0
2001-02-22,21.38,22.0,21.0,21.81,460017.0,0.0,1.0,1.628643484505791,1.6758726220358937,1.5996965937615348,1.6613991766637655,5520204.0
2001-02-23,21.27,22.56,21.25,22.5,197067.0,0.0,1.0,1.6202641213956117,1.7185311978695346,1.6187406008301246,1.713960636173073,2364804.0
2001-02-26,22.69,24.38,22.37,23.87,1133867.0,0.0,1.0,1.7284340815452015,1.8571715693288675,1.7040577524974065,1.8183217949089447,13606404.0
2001-02-27,24.5,24.5,22.94,23.12,286417.0,0.0,1.0,1.8663126927217908,1.8663126927217908,1.747478088613791,1.7611897737031756,3437004.0
2001-02-28,23.28,23.31,22.12,22.94,392017.0,0.0,1.0,1.7733779382270731,1.7756632190753037,1.6850137454288168,1.747478088613791,4704204.0
2001-03-01,22.52,22.88,20.62,22.25,463633.0,0.0,1.0,1.7154841567385604,1.7429075269173293,1.5707497030172786,1.6949166291044835,5563596.0
2001-03-02,22.06,23.5,21.81,23.25,472433.0,0.0,1.0,1.6804431837323552,1.790136664447432,1.6613991766637655,1.7710926573788421,5669196.0
2001-03-05,23.31,23.81,23.0,23.19,222233.0,0.0,1.0,1.7756632190753037,1.813751233212483,1.7520486503102526,1.7665220956823808,2666796.0
2001-03-06,23.62,23.81,22.75,23.12,359750.0,0.0,1.0,1.7992777878403552,1.813751233212483,1.7330046432416628,1.7611897737031756,4317000.0
2001-03-07,23.12,23.86,23.06,23.56,352167.0,0.0,1.0,1.7611897737031756,1.817560034626201,1.756619212006714,1.7947072261438934,4226004.0
2001-03-08,23.75,25.25,23.62,24.62,919833.0,0.0,1.0,1.8091806715160217,1.92344471392756,1.7992777878403552,1.8754538161147138,11037996.0
2001-03-09,24.59,25.0,24.31,24.62,756367.0,0.0,1.0,1.873168535266483,1.9044007068589701,1.8518392473496625,1.8754538161147138,9076404.0
2001-03-12,24.5,24.62,22.75,23.5,279633.0,0.0,1.0,1.8663126927217908,1.8754538161147138,1.7330046432416628,1.790136664447432,3355596.0
2001-03-13,23.22,24.69,22.75,24.31,444817.0,0.0,1.0,1.7688073765306114,1.880786138093919,1.7330046432416628,1.8518392473496625,5337804.0
2001-03-14,24.0,24.19,23.12,23.69,335467.0,0.0,1.0,1.8282246785846112,1.8426981239567397,1.7611897737031756,1.8046101098195602,4025604.0
2001-03-15,23.44,23.87,23.25,23.5,573233.0,0.0,1.0,1.7855661027509706,1.8183217949089447,1.7710926573788421,1.790136664447432,6878796.0
2001-03-16,23.14,23.56,22.88,23.25,463567.0,0.0,1.0,1.7627132942686627,1.7947072261438934,1.7429075269173293,1.7710926573788421,5562804.0
2001-03-19,22.75,23.38,22.75,23.31,205067.0,0.0,1.0,1.7330046432416628,1.7809955410545089,1.7330046432416628,1.7756632190753037,2460804.0
2001-03-20,23.23,23.5,22.88,23.25,255833.0,0.0,1.0,1.769569136813355,1.790136664447432,1.7429075269173293,1.7710926573788421,3069996.0
2001-03-21,22.75,23.25,22.63,22.88,207467.0,0.0,1.0,1.7330046432416628,1.7710926573788421,1.7238635198487398,1.7429075269173293,2489604.0
2001-03-22,22.5,24.13,20.5,23.5,684017.0,0.0,1.0,1.713960636173073,1.838127562260278,1.5616085796243555,1.790136664447432,8208204.0
2001-03-23,24.03,24.88,23.62,23.75,922150.0,0.0,1.0,1.8305099594328422,1.895259583466047,1.7992777878403552,1.8091806715160217,11065800.0
2001-03-26,23.87,24.25,23.69,23.94,448550.0,0.0,1.0,1.8183217949089447,1.847268685653201,1.8046101098195602,1.82365411688815,5382600.0
2001-03-27,24.16,24.25,23.87,24.25,1755367.0,0.0,1.0,1.8404128431085087,1.847268685653201,1.8183217949089447,1.847268685653201,21064404.0
2001-03-28,24.06,25.12,23.87,24.75,524633.0,0.0,1.0,1.8327952402810728,1.9135418302518934,1.8183217949089447,1.8853566997903806,6295596.0
2001-03-29,24.16,24.5,24.0,24.31,371833.0,0.0,1.0,1.8404128431085087,1.8663126927217908,1.8282246785846112,1.8518392473496625,4461996.0
2001-03-30,24.28,25.0,23.87,24.31,950417.0,0.0,1.0,1.849553966501432,1.9044007068589701,1.8183217949089447,1.8518392473496625,11405004.0
2001-04-02,24.47,24.5,23.44,24.06,795833.0,0.0,1.0,1.8640274118735598,1.8663126927217908,1.7855661027509706,1.8327952402810728,9549996.0
2001-04-03,23.75,24.0,22.94,23.5,662833.0,0.0,1.0,1.8091806715160217,1.8282246785846112,1.747478088613791,1.790136664447432,7953996.0
2001-04-04,22.97,23.44,20.87,23.06,984817.0,0.0,1.0,1.7497633694620216,1.7855661027509706,1.5897937100858683,1.756619212006714,11817804.0
2001-04-05,22.97,23.06,22.31,22.56,649617.0,0.0,1.0,1.7497633694620216,1.756619212006714,1.6994871908009448,1.7185311978695346,7795404.0
2001-04-06,22.5,23.0,22.31,22.56,322400.0,0.0,1.0,1.713960636173073,1.7520486503102526,1.6994871908009448,1.7185311978695346,3868800.0
2001-04-09,22.25,22.58,21.92,22.3,573967.0,0.0,1.0,1.6949166291044835,1.7200547184350217,1.669778539773945,1.6987254305182014,6887604.0
2001-04-10,22.35,23.32,22.25,22.68,616967.0,0.0,1.0,1.7025342319319194,1.7764249793580473,1.6949166291044835,1.7276723212624576,7403604.0
2001-04-11,22.69,23.04,22.69,22.9,294233.0,0.0,1.0,1.7284340815452015,1.7550956914412268,1.7284340815452015,1.7444310474828166,3530796.0
2001-04-12,22.8,23.0,22.57,22.9,120267.0,0.0,1.0,1.736813444655381,1.7520486503102526,1.7192929581522782,1.7444310474828166,1443204.0
2001-04-16,22.57,24.0,22.47,23.99,349600.0,0.0,1.0,1.7192929581522782,1.8282246785846112,1.7116753553248423,1.8274629183018676,4195200.0
2001-04-17,23.87,25.09,23.86,25.0,780817.0,0.0,1.0,1.8183217949089447,1.9112565494036624,1.817560034626201,1.9044007068589701,9369804.0
2001-04-18,25.4,27.2,25.39,26.84,1282400.0,0.0,1.0,1.9348711181687135,2.0719879690625596,1.93410935788597,2.0445645988837904,15388800.0
2001-04-19,26.81,26.94,25.77,26.56,610950.0,0.0,1.0,2.0422793180355594,2.0521822017112266,1.9630562486302263,2.0232353109669696,7331400.0
2001-04-20,26.4,26.8,25.91,25.97,178033.0,0.0,1.0,2.0110471464430724,2.041517557752816,1.9737208925886367,1.978291454285098,2136396.0
2001-04-23,26.04,26.19,25.21,25.76,220967.0,0.0,1.0,1.9836237762643032,1.9950501805054572,1.9203976727965855,1.9622944883474829,2651604.0
2001-04-24,25.66,27.09,25.66,26.35,785867.0,0.0,1.0,1.954676885520047,2.06360860595238,1.954676885520047,2.0072383450293545,9430404.0
2001-04-25,26.22,26.56,25.45,26.12,338767.0,0.0,1.0,1.9973354613536878,2.0232353109669696,1.9386799195824316,1.989717858526252,4065204.0
2001-04-26,26.41,26.53,26.07,26.37,291367.0,0.0,1.0,2.011808906725816,2.020950030118739,1.9859090571125342,2.008761865594842,3496404.0
2001-04-27,26.55,27.1,26.21,26.97,561233.0,0.0,1.0,2.0224735506842264,2.064370366235124,1.9965737010709443,2.054467482559457,6734796.0
2001-04-30,27.2,28.0,26.97,27.26,871033.0,0.0,1.0,2.0719879690625596,2.1329287916820467,2.054467482559457,2.076558530759021,10452396.0
2001-05-01,27.31,28.42,27.3,28.4,1121067.0,0.0,1.0,2.080367332172739,2.1649227235572774,2.0796055718899953,2.16339920299179,13452804.0
2001-05-02,29.68,29.69,26.69,27.75,944000.0,0.0,1.0,2.2609045191829695,2.261666279465713,2.033138194642637,2.113884784613457,11328000.0
2001-05-03,27.75,27.8,26.64,27.03,738233.0,0.0,1.0,2.113884784613457,2.117693586027175,2.0293293932289185,2.0590380442559186,8858796.0
2001-05-04,27.0,27.0,26.2,26.87,364000.0,0.0,1.0,2.0567527634076876,2.0567527634076876,1.9958119407882007,2.0468498797320214,4368000.0
2001-05-07,26.93,27.95,26.8,27.5,838567.0,0.0,1.0,2.0514204414284825,2.1291199902683284,2.041517557752816,2.094840777544867,10062804.0
2001-05-08,27.99,28.32,27.2,27.26,338767.0,0.0,1.0,2.132167031399303,2.1573051207298413,2.0719879690625596,2.076558530759021,4065204.0
2001-05-09,27.25,29.08,26.71,28.99,1548167.0,0.0,1.0,2.0757967704762774,2.215198902218354,2.0346617152081237,2.2083430596736617,18578004.0
2001-05-10,30.7,31.28,28.9,29.6,1862417.0,0.0,1.0,2.3386040680228155,2.3827861644219435,2.201487217128969,2.2548104369210207,22349004.0
2001-05-11,29.65,29.65,27.4,28.7,764367.0,0.0,1.0,2.2586192383347385,2.2586192383347385,2.087223174717431,2.1862520114740978,9172404.0
2001-05-14,29.08,29.15,27.78,28.26,608267.0,0.0,1.0,2.215198902218354,2.220531224197559,2.1161700654616875,2.15273455903338,7299204.0
2001-05-15,28.33,28.33,26.7,27.25,656367.0,0.0,1.0,2.158066881012585,2.158066881012585,2.03389995492538,2.0757967704762774,7876404.0
2001-05-16,26.66,29.05,26.5,28.25,1010667.0,0.0,1.0,2.030852913794406,2.2129136213701233,2.0186647492705085,2.151972798750636,12128004.0
2001-05-17,28.31,29.1,27.5,29.09,772367.0,0.0,1.0,2.1565433604470976,2.2167224227838416,2.094840777544867,2.2159606625010975,9268404.0
2001-05-18,28.76,28.95,28.18,28.39,288550.0,0.0,1.0,2.1908225731705593,2.2052960185426875,2.1466404767714313,2.1626374427090465,3462600.0
2001-05-21,28.7,29.2,27.7,29.15,1180367.0,0.0,1.0,2.1862520114740978,2.2243400256112773,2.1100759831997387,2.220531224197559,14164404.0
2001-05-22,29.3,30.28,29.25,30.13,1801167.0,0.0,1.0,2.231957628438713,2.306610136147585,2.228148827024995,2.2951837319064308,21614004.0
2001-05-23,30.18,31.3,30.13,31.11,1583467.0,0.0,1.0,2.2989925333201486,2.384309684987431,2.2951837319064308,2.3698362396153025,19001604.0
2001-05-24,31.12,33.98,31.1,33.7,1901350.0,0.0,1.0,2.370597999898046,2.588461440762712,2.369074479332559,2.567132152845892,22816200.0
2001-05-25,33.42,34.65,32.53,34.28,1688550.0,0.0,1.0,2.5458028649290716,2.6394993797065327,2.478006199764892,2.61131424924502,20262600.0
2001-05-29,34.0,34.59,33.2,33.63,631033.0,0.0,1.0,2.5899849613281996,2.634928818010071,2.529044138708713,2.5617998308666867,7572396.0
2001-05-30,33.4,33.6,31.15,32.48,1269350.0,0.0,1.0,2.544279344363584,2.559514550018456,2.3728832807462767,2.4741973983511736,15232200.0
2001-05-31,32.35,34.15,32.07,34.06,676367.0,0.0,1.0,2.4642945146755073,2.601411365569353,2.442965226758687,2.594555523024661,8116404.0
2001-06-01,34.1,35.9,33.16,35.55,1349617.0,0.0,1.0,2.5976025641556353,2.734719415049481,2.5259970975777377,2.708057805153455,16195404.0
2001-06-04,35.88,36.0,34.29,35.12,540800.0,0.0,1.0,2.7331958944839942,2.742337017876917,2.6120760095277635,2.6753021129954813,6489600.0
2001-06-05,35.16,35.55,35.01,35.23,1017967.0,0.0,1.0,2.6783491541264555,2.708057805153455,2.666922749885302,2.6836814761056607,12215604.0
2001-06-06,34.99,38.25,34.02,37.09,2243200.0,0.0,1.0,2.665399229319815,2.9137330814942244,2.591508481893687,2.8253688886959685,26918400.0
2001-06-07,37.16,40.03,37.0,39.89,2394950.0,0.0,1.0,2.8307012106751728,3.049326411822583,2.818513046151276,3.038661767864173,28739400.0
2001-06-08,39.82,39.93,38.25,38.75,1502767.0,0.0,1.0,3.033329445884968,3.041708808995147,2.9137330814942244,2.951821095631404,18033204.0
2001-06-11,38.8,39.59,37.9,39.39,821233.0,0.0,1.0,2.9556298970451214,3.0158089593818653,2.8870714715981984,3.0005737537269934,9854796.0
2001-06-12,39.39,40.4,38.5,39.93,1912550.0,0.0,1.0,3.0005737537269934,3.0775115422840957,2.932777088562814,3.041708808995147,22950600.0
2001-06-13,40.31,41.15,39.35,40.93,1312167.0,0.0,1.0,3.0706556997394037,3.1346435634898646,2.997526712596019,3.117884837269506,15746004.0
2001-06-14,40.85,40.87,37.05,37.06,1261967.0,0.0,1.0,3.1117907550075574,3.1133142755730443,2.8223218475649934,2.8230836078477375,15143604.0
2001-06-15,36.92,38.05,35.64,37.65,1442767.0,0.0,1.0,2.812418963889327,2.8984978758393525,2.7149136476981477,2.868027464529609,17313204.0
2001-06-18,38.0,38.1,35.61,35.8,1016000.0,0.0,1.0,2.8946890744256346,2.902306677253071,2.712628366849917,2.727101812222045,12192000.0
2001-06-19,36.01,37.2,35.25,35.56,1087567.0,0.0,1.0,2.7430987781596605,2.833748251806148,2.685204996671148,2.7088195654361993,13050804.0
2001-06-20,35.18,35.42,33.0,34.72,959633.0,0.0,1.0,2.679872674691943,2.698154921477789,2.5138089330538405,2.6448317016857374,11515596.0
2001-06-21,34.8,37.7,34.7,36.44,1845967.0,0.0,1.0,2.6509257839476863,2.8718362659433274,2.643308181120251,2.775854470317635,22151604.0
2001-06-22,36.76,36.8,33.76,33.95,852817.0,0.0,1.0,2.8002307993654294,2.803277840496404,2.571702714542353,2.5861761599144817,10233804.0
2001-06-25,33.96,34.85,33.16,34.62,599033.0,0.0,1.0,2.5869379201972253,2.6547345853614046,2.5259970975777377,2.6372140988583017,7188396.0
2001-06-26,34.55,36.7,33.85,36.48,1041433.0,0.0,1.0,2.6318817768790965,2.7956602376689683,2.5785585570870455,2.778901511448609,12497196.0
2001-06-27,36.74,37.5,36.02,36.5,689600.0,0.0,1.0,2.7987072787999425,2.856601060288455,2.7438605384424046,2.7804250320140964,8275200.0
2001-06-28,37.15,39.08,36.7,38.41,796017.0,0.0,1.0,2.8299394503924296,2.976959184961942,2.7956602376689683,2.9259212460181216,9552204.0
2001-06-29,38.25,39.72,37.96,39.25,1102400.0,0.0,1.0,2.9137330814942244,3.0257118430575316,2.8916420332946604,2.989909109768583,13228800.0
2001-07-02,39.01,40.5,36.75,38.46,1018233.0,0.0,1.0,2.971626862982737,3.0851291451115315,2.799469039082686,2.92973004743184,12218796.0
2001-07-03,37.15,37.9,36.76,37.49,366150.0,0.0,1.0,2.8299394503924296,2.8870714715981984,2.8002307993654294,2.855839300005712,4393800.0
2001-07-05,37.1,37.52,36.15,37.4,720967.0,0.0,1.0,2.8261306489787117,2.858124580853943,2.753763422118071,2.8489834574610193,8651604.0
2001-07-06,37.27,37.3,36.2,36.4,496550.0,0.0,1.0,2.839080573785353,2.841365854633583,2.757572223531789,2.7728074291866602,5958600.0
2001-07-09,36.51,36.69,34.5,35.95,966400.0,0.0,1.0,2.78118679229684,2.794898477386224,2.6280729754653787,2.7385282164631994,11596800.0
2001-07-10,36.14,37.14,35.4,35.98,1866417.0,0.0,1.0,2.7530016618353272,2.829177690109686,2.6966314009123016,2.7408134973114295,22397004.0
2001-07-11,35.74,36.19,34.5,35.84,1111200.0,0.0,1.0,2.722531250525584,2.756810463249045,2.6280729754653787,2.73014885335302,13334400.0
2001-07-12,36.8,37.34,36.19,36.36,633767.0,0.0,1.0,2.803277840496404,2.8444128957645582,2.756810463249045,2.769760388055686,7605204.0
2001-07-13,36.32,39.12,36.28,38.6,819833.0,0.0,1.0,2.766713346924712,2.9800062260929163,2.7636663057937376,2.94039469139025,9837996.0
2001-07-16,39.36,39.55,37.03,37.38,940367.0,0.0,1.0,2.9982884728787624,3.0127619182508907,2.8207983269995065,2.8474599368955325,11284404.0
2001-07-17,37.57,40.2,37.06,40.06,1210417.0,0.0,1.0,2.8619333822676603,3.0622763366292243,2.8230836078477375,3.051611692670814,14525004.0
2001-07-18,39.76,40.35,37.85,38.18,635633.0,0.0,1.0,3.028758884188506,3.073702740870378,2.883262670184481,2.908400759515019,7627596.0
2001-07-19,38.43,40.2,37.7,38.48,1436967.0,0.0,1.0,2.927444766583609,3.0622763366292243,2.8718362659433274,2.931253567997327,17243604.0
2001-07-20,38.55,40.25,37.55,37.63,1103367.0,0.0,1.0,2.9365858899765316,3.066085138042942,2.860409861702173,2.8665039439641222,13240404.0
2001-07-23,38.12,38.4,34.14,35.06,3366950.0,0.0,1.0,2.9038301978185577,2.925159485735378,2.6006496052866095,2.6707315512990197,40403400.0
2001-07-24,34.45,35.85,32.72,35.47,1333167.0,0.0,1.0,2.6242641740516612,2.7309106136357633,2.49247964513702,2.7019637228915068,15998004.0
2001-07-25,37.45,37.78,34.9,37.56,2047367.0,0.0,1.0,2.8527922588747376,2.877930348205276,2.658543386775122,2.861171621984917,24568404.0
2001-07-26,37.49,38.36,36.65,37.71,684800.0,0.0,1.0,2.855839300005712,2.922112444604404,2.79185143625525,2.8725980262260706,8217600.0
2001-07-27,37.7,38.4,37.49,37.87,669167.0,0.0,1.0,2.8718362659433274,2.925159485735378,2.855839300005712,2.884786190749968,8030004.0
2001-07-30,38.2,38.2,35.0,35.39,644433.0,0.0,1.0,2.9099242800805065,2.9099242800805065,2.666160989602558,2.6958696406295584,7733196.0
2001-07-31,33.11,34.0,30.0,33.92,3500800.0,0.0,1.0,2.52218829616402,2.5899849613281996,2.285280848230764,2.5838908790662507,42009600.0
2001-08-01,33.51,34.75,33.04,33.63,1131833.0,0.0,1.0,2.5526587074737637,2.6471169825339684,2.516855974184815,2.5617998308666867,13581996.0
2001-08-02,34.4,34.5,31.96,33.01,1340433.0,0.0,1.0,2.620455372637943,2.6280729754653787,2.4345858636485076,2.514570693336584,16085196.0
2001-08-03,32.71,32.8,31.03,31.49,598767.0,0.0,1.0,2.4917178848542765,2.4985737273989685,2.3637421573533537,2.3987831303595586,7185204.0
2001-08-06,31.4,33.6,30.8,31.87,1404817.0,0.0,1.0,2.3919272878148665,2.559514550018456,2.3462216708502512,2.427730021103815,16857804.0
2001-08-07,32.02,33.43,31.91,33.2,652267.0,0.0,1.0,2.439156425344969,2.546564625211815,2.4307770622347897,2.529044138708713,7827204.0
2001-08-08,32.95,33.75,31.03,31.75,858567.0,0.0,1.0,2.510000131640123,2.57094095425961,2.3637421573533537,2.418588897710892,10302804.0
2001-08-09,31.85,33.44,31.25,33.02,612000.0,0.0,1.0,2.426206500538328,2.5473263854945585,2.3805008835737125,2.5153324536193282,7344000.0
2001-08-10,32.71,33.5,32.47,33.28,705433.0,0.0,1.0,2.4917178848542765,2.55189694719102,2.4734356380684304,2.535138220970661,8465196.0
2001-08-13,33.2,34.75,33.1,33.59,580267.0,0.0,1.0,2.529044138708713,2.6471169825339684,2.5214265358812766,2.5587527897357125,6963204.0
2001-08-14,33.27,35.89,33.2,34.56,1612267.0,0.0,1.0,2.5343764606879176,2.7339576547667375,2.529044138708713,2.6326435371618406,19347204.0
2001-08-15,34.4,35.75,34.31,35.09,716633.0,0.0,1.0,2.620455372637943,2.7232930108083275,2.613599530093251,2.6730168321472507,8599596.0
2001-08-16,34.97,34.98,33.55,34.17,463633.0,0.0,1.0,2.663875708754327,2.664637469037071,2.555705748604738,2.6029348861348405,5563596.0
2001-08-17,32.55,34.13,32.25,32.55,606033.0,0.0,1.0,2.4795297203303788,2.5998878450038663,2.4566769118480716,2.4795297203303788,7272396.0
2001-08-20,32.16,32.75,31.33,32.44,571200.0,0.0,1.0,2.449821069303379,2.494764925985251,2.3865949658356613,2.4711503572201994,6854400.0
2001-08-21,32.57,33.79,32.31,32.67,629600.0,0.0,1.0,2.4810532408958665,2.573987995390584,2.461247473544533,2.4886708437233023,7555200.0
2001-08-22,32.88,33.69,31.46,32.82,434233.0,0.0,1.0,2.504667809660918,2.566370392563148,2.396497849511328,2.500097247964456,5210796.0
2001-08-23,32.81,33.5,31.03,31.84,344367.0,0.0,1.0,2.4993354876817127,2.55189694719102,2.3637421573533537,2.4254447402555845,4132404.0
2001-08-24,32.3,34.6,31.65,33.95,633167.0,0.0,1.0,2.4604857132617894,2.635690578292815,2.4109712948834563,2.5861761599144817,7598004.0
2001-08-27,33.94,35.6,33.8,35.31,810667.0,0.0,1.0,2.5854143996317376,2.7118666065671735,2.5747497556733276,2.6897755583676095,9728004.0
2001-08-28,35.68,37.95,35.56,37.46,1783633.0,0.0,1.0,2.7179606888291223,2.8908802730119167,2.7088195654361993,2.853554019157481,21403596.0
2001-08-29,37.26,38.5,36.95,38.35,1218233.0,0.0,1.0,2.838318813502609,2.932777088562814,2.814704244737558,2.92135068432166,14618796.0
2001-08-30,37.9,38.39,36.9,37.65,2071750.0,0.0,1.0,2.8870714715981984,2.9243977254526348,2.81089544332384,2.868027464529609,24861000.0
2001-08-31,37.06,38.24,36.69,37.05,524267.0,0.0,1.0,2.8230836078477375,2.9129713212114807,2.794898477386224,2.8223218475649934,6291204.0
2001-09-04,36.99,37.49,35.81,35.81,523217.0,0.0,1.0,2.8177512858685323,2.855839300005712,2.727863572504789,2.727863572504789,6278604.0
2001-09-05,35.84,36.22,34.39,34.58,485067.0,0.0,1.0,2.73014885335302,2.759095744097276,2.6196936123551993,2.6341670577273275,5820804.0
2001-09-06,34.32,35.3,33.56,35.0,989767.0,0.0,1.0,2.614361290375994,2.689013798084866,2.5564675088874815,2.666160989602558,11877204.0
2001-09-07,34.45,35.4,33.79,34.15,1324633.0,0.0,1.0,2.6242641740516612,2.6966314009123016,2.573987995390584,2.601411365569353,15895596.0
2001-09-10,33.99,34.0,32.0,32.63,1092800.0,0.0,1.0,2.589223201045456,2.5899849613281996,2.437632904779482,2.485623802592328,13113600.0
2001-09-17,30.2,32.01,29.57,30.97,1497350.0,0.0,1.0,2.300516053885636,2.438394665062225,2.25252515607279,2.359171595656892,17968200.0
2001-09-18,30.72,30.86,27.16,28.4,1409600.0,0.0,1.0,2.3401275885883024,2.3507922325467128,2.0689409279315853,2.16339920299179,16915200.0
2001-09-19,27.75,28.55,22.76,28.5,4137867.0,0.0,1.0,2.113884784613457,2.174825607232944,1.7337664035244065,2.171016805819226,49654404.0
2001-09-20,26.87,27.99,25.48,25.6,1522567.0,0.0,1.0,2.0468498797320214,2.132167031399303,1.9409652004306623,1.9501063238235856,18270804.0
2001-09-21,24.64,27.35,23.75,27.2,1699367.0,0.0,1.0,1.876977336680201,2.0834143733037136,1.8091806715160217,2.0719879690625596,20392404.0
2001-09-24,29.22,29.52,25.92,26.25,1585067.0,0.0,1.0,2.225863546176764,2.248716354659072,1.9744826528713804,1.9996207422019188,19020804.0
2001-09-25,26.45,28.23,24.78,25.05,2113617.0,0.0,1.0,2.0148559478567902,2.150449278185149,1.8876419806386113,1.9082095082726882,25363404.0
2001-09-26,25.33,25.47,23.8,24.47,1224967.0,0.0,1.0,1.9295387961895085,1.9402034401479187,1.8129894729297396,1.8640274118735598,14699604.0
2001-09-27,23.95,24.35,22.61,24.35,2207567.0,0.0,1.0,1.8244158771708934,1.854886288480637,1.7223399992832527,1.854886288480637,26490804.0
2001-09-28,24.85,28.0,24.7,27.22,1514667.0,0.0,1.0,1.8929743026178165,2.1329287916820467,1.8815478983766625,2.0735114896280464,18176004.0
2001-10-01,27.25,27.25,25.0,25.11,740433.0,0.0,1.0,2.0757967704762774,2.0757967704762774,1.9044007068589701,1.9127800699691495,8885196.0
2001-10-02,24.95,26.17,24.52,25.75,1128000.0,0.0,1.0,1.9005919054452522,1.9935266599399701,1.867836213287278,1.9615327280647392,13536000.0
2001-10-03,25.5,30.24,25.24,29.81,1973617.0,0.0,1.0,1.9424887209961497,2.30356309501661,1.9226829536448162,2.270807402858636,23683404.0
2001-10-04,30.12,32.7,30.11,31.74,1353350.0,0.0,1.0,2.294421971623687,2.4909561245715333,2.2936602113409434,2.4178271374281484,16240200.0
2001-10-05,31.73,31.82,28.0,30.02,742950.0,0.0,1.0,2.417065377145405,2.423921219690097,2.1329287916820467,2.2868043687962514,8915400.0
2001-10-08,29.75,31.35,29.4,30.41,502417.0,0.0,1.0,2.2662368411621743,2.3881184864011487,2.2395752312661488,2.3165130198232515,6029004.0
2001-10-09,30.18,31.88,29.95,31.57,640633.0,0.0,1.0,2.2989925333201486,2.4284917813865587,2.281472046817046,2.4048772126215074,7687596.0
2001-10-10,31.66,32.6,30.85,32.15,824633.0,0.0,1.0,2.4117330551662,2.483338521744097,2.350030472263969,2.4490593090206354,9895596.0
2001-10-11,32.51,34.99,32.51,34.88,1302417.0,0.0,1.0,2.4764826791994046,2.665399229319815,2.4764826791994046,2.657019866209635,15629004.0
2001-10-12,34.98,35.75,32.3,32.79,1843217.0,0.0,1.0,2.664637469037071,2.7232930108083275,2.4604857132617894,2.4978119671162253,22118604.0
2001-10-15,32.2,33.29,31.52,33.01,1053233.0,0.0,1.0,2.4528681104343537,2.5358999812534044,2.4010684112077896,2.514570693336584,12638796.0
2001-10-16,33.36,34.99,33.02,34.88,915217.0,0.0,1.0,2.5412323032326096,2.665399229319815,2.5153324536193282,2.657019866209635,10982604.0
2001-10-17,35.32,35.88,34.4,35.0,1235567.0,0.0,1.0,2.690537318650353,2.7331958944839942,2.620455372637943,2.666160989602558,14826804.0
2001-10-18,36.0,37.25,35.54,36.29,2731217.0,0.0,1.0,2.742337017876917,2.8375570532198657,2.707296044870712,2.764428066076481,32774604.0
2001-10-19,36.05,36.09,33.65,35.12,2103200.0,0.0,1.0,2.7461458192906347,2.7491928604216094,2.5633233514321736,2.6753021129954813,25238400.0
2001-10-22,35.2,36.68,35.1,36.66,996167.0,0.0,1.0,2.68139619525743,2.794136717103481,2.6737785924299944,2.7926131965379937,11954004.0
2001-10-23,37.26,38.75,36.65,37.1,2167467.0,0.0,1.0,2.838318813502609,2.951821095631404,2.79185143625525,2.8261306489787117,26009604.0
2001-10-24,37.11,38.87,36.5,38.84,1360267.0,0.0,1.0,2.8268924092614554,2.9609622190243265,2.7804250320140964,2.9586769381760964,16323204.0
2001-10-25,38.66,39.2,37.17,38.59,1595467.0,0.0,1.0,2.944965253086711,2.9861003083548656,2.831462970957917,2.9396329311075067,19145604.0
2001-10-26,38.68,39.72,37.68,37.9,1359217.0,0.0,1.0,2.9464887736521987,3.0257118430575316,2.8703127453778396,2.8870714715981984,16310604.0
2001-10-29,37.85,37.95,37.05,37.58,626567.0,0.0,1.0,2.883262670184481,2.8908802730119167,2.8223218475649934,2.862695142550404,7518804.0
2001-10-30,37.6,38.17,35.67,36.5,1002033.0,0.0,1.0,2.8642186631158912,2.907638999232276,2.7171989285463787,2.7804250320140964,12024396.0
2001-10-31,37.07,37.44,36.1,36.15,701350.0,0.0,1.0,2.823845368130481,2.8520304985919935,2.749954620704353,2.753763422118071,8416200.0
2001-11-01,36.66,39.0,36.6,38.29,869350.0,0.0,1.0,2.7926131965379937,2.9708651026999933,2.7880426348415326,2.9167801226251986,10432200.0
2001-11-02,38.1,39.4,38.1,38.95,1111633.0,0.0,1.0,2.902306677253071,3.0013355140097366,2.902306677253071,2.967056301286276,13339596.0
2001-11-05,39.05,40.0,38.95,39.98,1876967.0,0.0,1.0,2.974673904113711,3.0470411309743524,2.967056301286276,3.045517610408865,22523604.0
2001-11-06,39.95,40.37,38.72,40.27,865767.0,0.0,1.0,3.0432323295606345,3.0752262614358647,2.949535814783173,3.0676086586084295,10389204.0
2001-11-07,39.86,40.2,38.42,38.59,919633.0,0.0,1.0,3.036376487015942,3.0622763366292243,2.9266830063008653,2.9396329311075067,11035596.0
2001-11-08,38.7,38.75,36.4,36.74,1756167.0,0.0,1.0,2.948012294217686,2.951821095631404,2.7728074291866602,2.7987072787999425,21074004.0
2001-11-09,36.41,38.4,35.96,37.77,1688967.0,0.0,1.0,2.773569189469404,2.925159485735378,2.7392899767459427,2.877168587922532,20267604.0
2001-11-12,38.43,39.1,36.11,38.97,1249600.0,0.0,1.0,2.927444766583609,2.9784827055274294,2.7507163809870963,2.9685798218517627,14995200.0
2001-11-13,39.46,40.3,38.36,39.39,1523567.0,0.0,1.0,3.0059060757061986,3.0698939394566596,2.922112444604404,3.0005737537269934,18282804.0
2001-11-14,39.57,39.61,37.5,38.01,1010150.0,0.0,1.0,3.014285438816378,3.017332479947352,2.856601060288455,2.8954508347083783,12121800.0
2001-11-15,37.66,38.75,34.84,35.55,2431750.0,0.0,1.0,2.8687892248123523,2.951821095631404,2.653972825078661,2.708057805153455,29181000.0
2001-11-16,36.23,36.23,33.83,34.51,1624817.0,0.0,1.0,2.7598575043800193,2.7598575043800193,2.577035036521558,2.6288347357481223,19497804.0
2001-11-19,34.5,36.2,34.3,36.15,1116267.0,0.0,1.0,2.6280729754653787,2.757572223531789,2.6128377698105067,2.753763422118071,13395204.0
2001-11-20,36.0,38.0,35.8,36.25,1261167.0,0.0,1.0,2.742337017876917,2.8946890744256346,2.727101812222045,2.7613810249455066,15134004.0
2001-11-21,24.49,24.65,21.53,22.75,2837083.0,0.0,1.5,2.798326398658571,2.816608645444417,2.460104833120418,2.599506964862494,22696664.0
2001-11-23,22.27,22.51,21.38,21.6,2017625.0,0.0,1.0,2.544660224504956,2.5720835946837255,2.442965226758687,2.4681033160892256,16141000.0
2001-11-26,21.95,22.0,21.1,21.33,2516825.0,0.0,1.0,2.5080957309332637,2.513808933053841,2.4109712948834567,2.4372520246381097,20134600.0
2001-11-27,22.09,22.58,21.38,21.45,4856150.0,0.0,1.0,2.5240926968708792,2.580082077652533,2.442965226758687,2.4509637097274948,38849200.0
2001-11-28,21.32,22.02,21.07,21.33,1966425.0,0.0,1.0,2.436109384213995,2.5160942139020714,2.40754337361111,2.4372520246381097,15731400.0
2001-11-29,21.96,23.32,21.87,23.2,3276425.0,0.0,1.0,2.5092383713573794,2.6646374690370713,2.498954607540341,2.6509257839476867,26211400.0
2001-11-30,23.98,25.02,23.33,24.85,3144800.0,0.0,1.0,2.7400517370286863,2.858886341136686,2.6657801094611866,2.8394614539267247,25158400.0
2001-12-03,24.87,25.17,23.5,24.96,2184550.0,0.0,1.0,2.8417467347749557,2.876025947498417,2.685204996671148,2.852030498591994,17476400.0
2001-12-04,25.21,26.11,23.58,24.11,6537850.0,0.0,1.0,2.8805965091948784,2.9834341473652626,2.694346120064071,2.754906062542186,52302800.0
2001-12-05,24.35,26.7,24.29,25.99,5472425.0,0.0,1.0,2.782329432720956,3.0508499323880702,2.7754735901762633,2.969722462275878,43779400.0
2001-12-06,26.1,26.47,24.61,25.34,1842025.0,0.0,1.0,2.9822915069411478,3.0245692026334163,2.8120380837479555,2.8954508347083783,14736200.0
2001-12-07,25.45,25.89,24.25,25.5,1318150.0,0.0,1.0,2.9080198793736476,2.9582960580347244,2.7709030284798017,2.9137330814942244,10545200.0
2001-12-10,25.7,25.75,25.0,25.56,918250.0,0.0,1.0,2.936585889976532,2.9422990920971093,2.8566010602884555,2.9205889240389165,7346000.0
2001-12-11,27.07,28.72,26.65,27.2,6391750.0,0.0,1.0,3.0931276280803397,3.2816632980593776,3.0451367302674934,3.1079819535938396,51134000.0
2001-12-12,28.2,28.38,27.4,27.91,2711200.0,0.0,1.0,3.2222459960053778,3.2428135236394544,3.1308347620761467,3.189109423706032,21689600.0
2001-12-13,27.27,27.35,25.6,25.8,2005750.0,0.0,1.0,3.115980436562647,3.1251215599555704,2.9251594857353784,2.948012294217686,16046000.0
2001-12-14,26.03,27.19,24.1,25.41,2245850.0,0.0,1.0,2.97429302397234,3.1068393131697243,2.7537634221180713,2.903449317677186,17966800.0
2001-12-17,25.37,27.1,25.2,26.97,1534400.0,0.0,1.0,2.8988787559807245,3.096555549352686,2.879453868770763,3.0817012238391857,12275200.0
2001-12-18,27.1,27.46,25.55,25.8,2005225.0,0.0,1.0,3.096555549352686,3.1376906046208397,2.9194462836148016,2.948012294217686,16041800.0
2001-12-19,25.7,26.75,25.59,25.77,1104150.0,0.0,1.0,2.936585889976532,3.0565631345086475,2.924016845311263,2.94458437294534,8833200.0
2001-12-20,25.89,26.9,24.55,24.6,1687225.0,0.0,1.0,2.9582960580347244,3.073702740870378,2.8051822412032634,2.8108954433238402,13497800.0
2001-12-21,25.66,26.0,24.82,25.16,1814425.0,0.0,1.0,2.9320153282800705,2.9708651026999937,2.8360335326543784,2.8748833070743016,14515400.0
2001-12-24,25.16,26.1,24.75,24.85,882825.0,0.0,1.0,2.8748833070743016,2.9822915069411478,2.828035049685571,2.8394614539267247,7062600.0
2001-12-26,25.04,27.12,25.01,26.84,1841200.0,0.0,1.0,2.861171621984917,3.0988408302009165,2.857743700712571,3.066846898325686,14729600.0
2001-12-27,27.09,28.0,26.41,26.8,1700550.0,0.0,1.0,3.0954129089285702,3.19939318752307,3.0177133600887243,3.0622763366292243,13604400.0
2001-12-28,26.81,27.41,26.39,26.5,2206400.0,0.0,1.0,3.0634189770533395,3.1319774025002625,3.0154280792404937,3.0279971239057626,17651200.0
2001-12-31,26.77,27.0,25.95,26.01,682025.0,0.0,1.0,3.058848415356878,3.085129145111532,2.9651519005794165,2.972007743124109,5456200.0
2002-01-02,26.22,26.43,24.79,26.42,1281050.0,0.0,1.0,2.996003192030532,3.0199986409369552,2.832605611382032,3.01885600051284,10248400.0
2002-01-03,26.26,26.79,25.56,26.35,1016825.0,0.0,1.0,3.000573753726994,3.0611336962051086,2.9205889240389165,3.010857517544032,8134600.0
2002-01-04,27.0,27.7,26.38,26.83,1238150.0,0.0,1.0,3.085129145111532,3.1651139747996084,3.014285438816378,3.06570425790157,9905200.0
2002-01-07,27.05,27.39,25.97,26.04,946825.0,0.0,1.0,3.0908423472321087,3.129692121652032,2.9674371814276475,2.9754356643964552,7574600.0
2002-01-08,26.03,26.63,25.68,26.0,1183350.0,0.0,1.0,2.97429302397234,3.0428514494192624,2.9343006091283015,2.9708651026999937,9466800.0
2002-01-09,26.55,26.75,25.42,25.55,1628825.0,0.0,1.0,3.03371032602634,3.0565631345086475,2.9045919581013018,2.9194462836148016,13030600.0
2002-01-10,25.48,25.82,25.08,25.58,600000.0,0.0,1.0,2.911447800645994,2.9502975750659166,2.865742183681378,2.9228742048871474,4800000.0
2002-01-11,25.65,25.91,23.53,24.01,2290400.0,0.0,1.0,2.9308726878559552,2.9605813388829554,2.6886329179434942,2.7434796583010326,18323200.0
2002-01-14,23.97,24.48,23.45,23.5,1202950.0,0.0,1.0,2.738909096604571,2.7971837582344556,2.679491794550571,2.685204996671148,9623600.0
2002-01-15,23.66,24.25,22.77,24.14,2171600.0,0.0,1.0,2.703487243456994,2.7709030284798017,2.601792245710725,2.7583339838145324,17372800.0
2002-01-16,25.1,25.71,24.26,24.58,13474025.0,0.0,1.0,2.8680274645296095,2.9377285304006477,2.7720456689039175,2.8086101624756092,107792200.0
2002-01-17,25.2,25.4,24.0,24.74,2043750.0,0.0,1.0,2.879453868770763,2.9023066772530703,2.7423370178769173,2.8268924092614554,16350000.0
2002-01-18,24.0,25.1,23.8,24.39,1412650.0,0.0,1.0,2.7423370178769173,2.8680274645296095,2.7194842093946097,2.7868999944174173,11301200.0
2002-01-22,24.3,24.81,23.7,24.4,1177200.0,0.0,1.0,2.7766162306003785,2.834890892230263,2.7080578051534556,2.788042634841532,9417600.0
2002-01-23,24.56,25.36,24.3,24.8,965050.0,0.0,1.0,2.8063248816273783,2.8977361155566093,2.7766162306003785,2.833748251806148,7720400.0
2002-01-24,26.7,28.54,26.3,27.52,8237450.0,0.0,1.0,3.0508499323880702,3.2610957704253005,3.0051443154234554,3.1445464471655318,65899600.0
2002-01-25,27.05,27.22,26.32,26.6,1994425.0,0.0,1.0,3.0908423472321087,3.11026723444207,3.007429596271686,3.0394235281469166,15955400.0
2002-01-28,26.74,27.0,25.87,26.55,1897225.0,0.0,1.0,3.0554204940845318,3.085129145111532,2.956010777186494,3.03371032602634,15177800.0
2002-01-29,26.53,26.75,25.72,26.0,1755850.0,0.0,1.0,3.031425045178109,3.0565631345086475,2.938871170824763,2.9708651026999937,14046800.0
2002-01-30,25.99,26.09,24.99,26.09,1704825.0,0.0,1.0,2.969722462275878,2.981148866517032,2.85545841986434,2.981148866517032,13638600.0
2002-01-31,26.05,27.0,25.76,26.28,2743850.0,0.0,1.0,2.9765783048205705,3.085129145111532,2.9434417325212245,3.0028590345752244,21950800.0
2002-02-01,25.85,26.45,25.44,25.82,1063450.0,0.0,1.0,2.953725496338263,3.022283921785186,2.9068772389495323,2.9502975750659166,8507600.0
2002-02-04,25.8,25.93,25.25,25.55,822950.0,0.0,1.0,2.948012294217686,2.962866619731186,2.88516707089134,2.9194462836148016,6583600.0
2002-02-05,25.56,26.14,24.89,25.37,833625.0,0.0,1.0,2.9205889240389165,2.986862068637609,2.844032015623186,2.8988787559807245,6669000.0
2002-02-06,25.45,25.46,24.06,24.28,1140800.0,0.0,1.0,2.9080198793736476,2.9091625197977633,2.7491928604216094,2.774330949752148,9126400.0
2002-02-07,24.05,25.23,23.85,24.72,1268250.0,0.0,1.0,2.748050219997494,2.8828817900431094,2.7251974115151865,2.8246071284132244,10146000.0
2002-02-08,24.78,25.57,24.67,25.57,1105050.0,0.0,1.0,2.8314629709579173,2.921731564463032,2.818893926292648,2.921731564463032,8840400.0
2002-02-11,25.35,25.92,25.2,25.6,727050.0,0.0,1.0,2.896593475132494,2.9617239793070707,2.879453868770763,2.9251594857353784,5816400.0
2002-02-12,25.32,26.5,25.0,25.96,676025.0,0.0,1.0,2.8931655538601477,3.0279971239057626,2.8566010602884555,2.966294541003532,5408200.0
2002-02-13,26.21,27.05,26.21,26.53,2312000.0,0.0,1.0,2.9948605516064166,3.0908423472321087,2.9948605516064166,3.031425045178109,18496000.0
2002-02-14,26.91,27.43,26.4,27.01,2668150.0,0.0,1.0,3.0748453812944936,3.1342626833484935,3.0165707196646085,3.086271785535647,21345200.0
2002-02-15,27.0,27.01,26.5,26.7,648550.0,0.0,1.0,3.085129145111532,3.086271785535647,3.0279971239057626,3.0508499323880702,5188400.0
2002-02-19,26.34,26.4,25.58,25.72,617625.0,0.0,1.0,3.0097148771199165,3.0165707196646085,2.9228742048871474,2.938871170824763,4941000.0
2002-02-20,25.75,26.46,25.61,26.29,946550.0,0.0,1.0,2.9422990920971093,3.0234265622093015,2.9263021261594937,3.0040016749993397,7572400.0
2002-02-21,26.04,26.7,25.49,25.63,783625.0,0.0,1.0,2.9754356643964552,3.0508499323880702,2.912590441070109,2.9285874070077242,6269000.0
2002-02-22,25.56,26.71,25.43,26.71,948650.0,0.0,1.0,2.9205889240389165,3.051992572812186,2.9057345985254166,3.051992572812186,7589200.0
2002-02-25,26.64,27.15,26.4,27.13,1244150.0,0.0,1.0,3.043994089843378,3.1022687514732623,3.0165707196646085,3.0999834706250318,9953200.0
2002-02-26,27.06,27.75,26.61,27.29,1130425.0,0.0,1.0,3.091984987656224,3.1708271769201857,3.040566168571032,3.118265717410878,9043400.0
2002-02-27,27.46,29.83,27.45,29.05,4951225.0,0.0,1.0,3.1376906046208397,3.4084963851361847,3.136547964196724,3.319370432055185,39609800.0
2002-02-28,29.25,29.49,28.25,28.56,1089450.0,0.0,1.0,3.3422232405374928,3.369646610716262,3.2279591981259546,3.2633810512735315,8715600.0
2002-03-01,29.0,29.82,28.1,29.82,1519200.0,0.0,1.0,3.3136572299346083,3.40735374471207,3.210819591764224,3.40735374471207,12153600.0
2002-03-04,29.63,31.18,29.16,30.88,2249625.0,0.0,1.0,3.385643576653877,3.5627528423917614,3.3319394767204544,3.5284736296683,17997000.0
2002-03-05,30.46,31.13,30.08,30.46,1063225.0,0.0,1.0,3.4804827318554543,3.5570396402711846,3.4370623957390696,3.4804827318554543,8505800.0
2002-03-06,30.48,30.49,29.4,29.87,1079350.0,0.0,1.0,3.482768012703685,3.4839106531278,3.3593628468992236,3.4130669468326467,8634800.0
2002-03-07,29.96,31.0,29.87,30.33,827625.0,0.0,1.0,3.423350710649685,3.5421853147576847,3.4130669468326467,3.465628406341954,6621000.0
2002-03-08,30.85,32.75,30.84,32.3,1828425.0,0.0,1.0,3.5250457083959543,3.7421473889778767,3.5239030679718386,3.690728569892684,14627400.0
2002-03-11,32.21,32.38,31.29,32.21,954250.0,0.0,1.0,3.680444806075646,3.6998696932856077,3.5753218870570307,3.680444806075646,7634000.0
2002-03-12,31.81,31.81,30.55,31.11,714425.0,0.0,1.0,3.6347391891110306,3.6347391891110306,3.4907664956724926,3.554754359422954,5715400.0
2002-03-13,30.89,32.1,30.2,30.58,706825.0,0.0,1.0,3.5296162700924154,3.667875761410377,3.450774080828454,3.4941944169448385,5654600.0
2002-03-14,30.73,30.91,29.89,30.43,916250.0,0.0,1.0,3.5113340233065693,3.5319015509406464,3.415352227680877,3.477054810583108,7330000.0
2002-03-15,28.96,30.0,28.96,29.29,1772400.0,0.0,1.0,3.309086668238147,3.4279212723461465,3.309086668238147,3.3467938022339543,14179200.0
2002-03-18,29.29,29.7,28.61,29.46,2075625.0,0.0,1.0,3.3467938022339543,3.393642059622685,3.2690942533941083,3.366218689443916,16605000.0
2002-03-19,29.41,30.47,28.53,28.78,1927450.0,0.0,1.0,3.360505487323339,3.481625372279569,3.2599531300011853,3.28851914060407,15419600.0
2002-03-20,28.3,28.65,27.92,28.11,1770825.0,0.0,1.0,3.233672400246532,3.27366481509057,3.190252064130147,3.211962232188339,14166600.0
2002-03-21,28.29,29.41,28.2,29.4,987350.0,0.0,1.0,3.232529759822416,3.360505487323339,3.2222459960053778,3.3593628468992236,7898800.0
2002-03-22,29.21,29.4,27.67,28.06,1067350.0,0.0,1.0,3.3376526788410312,3.3593628468992236,3.1616860535272626,3.206249030067762,8538800.0
2002-03-25,28.18,28.52,27.41,28.05,954800.0,0.0,1.0,3.2199607151571468,3.25881048957707,3.1319774025002625,3.205106389643647,7638400.0
2002-03-26,27.95,29.63,27.87,28.6,1242400.0,0.0,1.0,3.193679985402493,3.385643576653877,3.1845388620095703,3.267951612969993,9939200.0
2002-03-27,28.6,29.78,28.6,29.15,700950.0,0.0,1.0,3.267951612969993,3.4027831830156083,3.267951612969993,3.3307968362963387,5607600.0
2002-03-28,29.19,30.8,29.18,29.83,1063350.0,0.0,1.0,3.3353673979928007,3.519332506275377,3.334224757568685,3.4084963851361847,8506800.0
2002-04-01,29.1,29.84,28.4,29.75,1158425.0,0.0,1.0,3.3250836341757624,3.4096390255603004,3.2450988044876854,3.399355261743262,9267400.0
2002-04-02,29.6,29.62,28.3,28.3,835625.0,0.0,1.0,3.3822156553815312,3.3845009362297622,3.233672400246532,3.233672400246532,6685000.0
2002-04-03,28.65,28.97,28.15,28.4,878550.0,0.0,1.0,3.27366481509057,3.310229308662262,3.2165327938848005,3.2450988044876854,7028400.0
2002-04-04,28.37,29.0,27.77,28.91,660800.0,0.0,1.0,3.241670883215339,3.3136572299346083,3.173112457768416,3.30337346611757,5286400.0
2002-04-05,28.98,29.34,28.4,28.58,1014425.0,0.0,1.0,3.3113719490863778,3.352507004354531,3.2450988044876854,3.265666332121762,8115400.0
2002-04-08,28.35,29.04,27.61,29.04,1366425.0,0.0,1.0,3.2393856023671086,3.31822779163107,3.15483021098257,3.31822779163107,10931400.0
2002-04-09,29.1,29.1,28.29,28.95,1042800.0,0.0,1.0,3.3250836341757624,3.3250836341757624,3.232529759822416,3.307944027814031,8342400.0
2002-04-10,28.99,29.95,28.05,29.94,1720650.0,0.0,1.0,3.3125145895104926,3.4222080702255697,3.205106389643647,3.4210654298014544,13765200.0
2002-04-11,29.95,29.98,29.06,29.28,932950.0,0.0,1.0,3.4222080702255697,3.425635991497916,3.3205130724793004,3.345651161809839,7463600.0
2002-04-12,29.31,29.92,28.3,29.85,840000.0,0.0,1.0,3.349079083082185,3.4187801489532235,3.233672400246532,3.410781665984416,6720000.0
2002-04-15,29.85,31.0,28.9,30.87,1915625.0,0.0,1.0,3.410781665984416,3.5421853147576847,3.3022308256934543,3.527330989244185,15325000.0
2002-04-16,31.09,32.12,31.08,31.68,1312425.0,0.0,1.0,3.552469078574723,3.670161042258607,3.551326438150608,3.6198848635975307,10499400.0
2002-04-17,31.7,31.71,30.38,31.31,941850.0,0.0,1.0,3.6221701444457612,3.623312784869877,3.471341608462531,3.5776071679052612,7534800.0
2002-04-18,31.44,32.0,30.2,31.61,1121350.0,0.0,1.0,3.5924614934187615,3.656449357169223,3.450774080828454,3.611886380628723,8970800.0
2002-04-19,31.7,31.75,30.75,31.45,868400.0,0.0,1.0,3.6221701444457612,3.6278833465663385,3.5136193041548003,3.593604133842877,6947200.0
2002-04-22,31.42,31.43,30.61,30.93,673625.0,0.0,1.0,3.590176212570531,3.5913188529946463,3.4976223382171847,3.534186831788877,5389000.0
2002-04-23,30.87,31.1,29.6,29.63,1221450.0,0.0,1.0,3.527330989244185,3.5536117189988388,3.3822156553815312,3.385643576653877,9771600.0
2002-04-24,30.08,31.05,29.87,30.22,956025.0,0.0,1.0,3.4370623957390696,3.5478985168782615,3.4130669468326467,3.4530593616766847,7648200.0
2002-04-25,30.4,31.15,29.91,31.09,910425.0,0.0,1.0,3.473626889310762,3.559324921119415,3.417637508529108,3.552469078574723,7283400.0
2002-04-26,31.01,31.57,29.78,29.9,1352950.0,0.0,1.0,3.5433279551818004,3.6073158189322614,3.4027831830156083,3.4164948681049925,10823600.0
2002-04-29,30.01,30.27,29.26,29.66,893225.0,0.0,1.0,3.4290639127702622,3.458772563797262,3.3433658809616085,3.3890714979262233,7145800.0
2002-04-30,29.96,31.5,29.95,31.48,1357750.0,0.0,1.0,3.423350710649685,3.5993173359634536,3.4222080702255697,3.597032055115223,10862000.0
2002-05-01,31.52,32.48,30.66,32.15,1909200.0,0.0,1.0,3.6016026168116846,3.711296097526761,3.5033355403377615,3.6735889635309533,15273600.0
2002-05-02,32.26,33.33,31.15,31.75,1549350.0,0.0,1.0,3.6861580081962226,3.8084205335765686,3.559324921119415,3.6278833465663385,12394800.0
2002-05-03,31.74,32.32,30.18,30.58,2039625.0,0.0,1.0,3.6267407061422228,3.693013850740915,3.448488799980223,3.4941944169448385,16317000.0
2002-05-06,31.09,32.12,31.0,31.35,2072550.0,0.0,1.0,3.552469078574723,3.670161042258607,3.5421853147576847,3.582177729601723,16580400.0
2002-05-07,32.09,32.26,29.9,30.65,2327050.0,0.0,1.0,3.6667331209862617,3.6861580081962226,3.4164948681049925,3.5021928999136462,18616400.0
2002-05-08,32.7,34.23,31.11,33.95,8263750.0,0.0,1.0,3.7364341868573,3.911258171746953,3.554754359422954,3.879264239871723,66110000.0
2002-05-09,33.99,34.45,32.0,32.3,3156150.0,0.0,1.0,3.883834801568184,3.936396261077492,3.656449357169223,3.690728569892684,25249200.0
2002-05-10,33.25,33.5,31.25,31.79,2176800.0,0.0,1.0,3.7992794101836456,3.8278454207865305,3.570751325360569,3.6324539082628,17414400.0
2002-05-13,31.92,33.61,31.53,33.49,2766650.0,0.0,1.0,3.6473082337763,3.8404144654517993,3.6027452572358003,3.826702780362415,22133200.0
2002-05-14,33.89,34.25,31.66,32.7,5801350.0,0.0,1.0,3.87240839732703,3.9135434525951838,3.6175995827493,3.7364341868573,46410800.0
2002-05-15,32.8,32.98,31.62,32.48,2273750.0,0.0,1.0,3.747860591098453,3.76842811873253,3.6130290210528386,3.711296097526761,18190000.0
2002-05-16,32.78,33.1,32.09,32.74,993450.0,0.0,1.0,3.745575310250223,3.782139803821915,3.6667331209862617,3.7410047485537614,7947600.0
2002-05-17,32.91,33.36,32.0,33.01,1241350.0,0.0,1.0,3.7604296357637224,3.811848454848915,3.656449357169223,3.7718560400048764,9930800.0
2002-05-20,32.95,33.39,32.53,32.88,940425.0,0.0,1.0,3.7650001974601848,3.815276376121261,3.7170092996473385,3.757001714491377,7523400.0
2002-05-21,32.9,33.45,31.97,32.26,1615200.0,0.0,1.0,3.759286995339607,3.8221322186659537,3.6530214358968767,3.6861580081962226,12921600.0
2002-05-22,31.97,32.64,31.66,32.36,1128250.0,0.0,1.0,3.6530214358968767,3.7295783443126074,3.6175995827493,3.6975844124373767,9026000.0
2002-05-23,32.29,35.1,32.2,34.66,4238550.0,0.0,1.0,3.689585929468569,4.010667888644991,3.679302165651531,3.9603917099839143,33908400.0
2002-05-24,33.63,34.44,33.51,34.02,1532950.0,0.0,1.0,3.8426997463000303,3.9352536206533757,3.8289880612106453,3.8872627228405303,12263600.0
2002-05-28,34.14,34.3,33.5,33.57,1374825.0,0.0,1.0,3.900974407929915,3.9192566547157606,3.8278454207865305,3.835843903755338,10998600.0
2002-05-29,33.15,33.25,32.37,33.0,1918025.0,0.0,1.0,3.7878530059424915,3.7992794101836456,3.698727052861492,3.770713399580761,15344200.0
2002-05-30,32.86,33.48,32.5,33.2,1554425.0,0.0,1.0,3.7547164336431456,3.825560139938299,3.7135813783749922,3.793566208063069,12435400.0
2002-05-31,33.45,33.9,32.61,32.62,997450.0,0.0,1.0,3.8221322186659537,3.8735510377511453,3.726150423040261,3.7272930634643764,7979600.0
2002-06-03,32.73,33.32,32.01,32.28,1100150.0,0.0,1.0,3.7398621081296453,3.8072778931524534,3.657591997593338,3.6884432890444536,8801200.0
2002-06-04,34.0,34.78,33.24,34.61,3837600.0,0.0,1.0,3.8849774419922993,3.9741033950732993,3.7981367697595307,3.9546785078633375,30700800.0
2002-06-05,32.95,33.0,31.22,32.09,6651600.0,0.0,1.0,3.7650001974601848,3.770713399580761,3.567323404088223,3.6667331209862617,53212800.0
2002-06-06,31.6,31.6,29.4,29.67,5352425.0,0.0,1.0,3.6107437402046076,3.6107437402046076,3.3593628468992236,3.390214138350339,42819400.0
2002-06-07,28.35,30.43,28.02,30.03,2805050.0,0.0,1.0,3.2393856023671086,3.477054810583108,3.2016784683713007,3.4313491936184928,22440400.0
2002-06-10,30.94,31.43,30.55,31.0,2389050.0,0.0,1.0,3.5353294722129927,3.5913188529946463,3.4907664956724926,3.5421853147576847,19112400.0
2002-06-11,31.19,31.3,29.67,29.72,949750.0,0.0,1.0,3.563895482815877,3.5764645274811464,3.390214138350339,3.395927340470916,7598000.0
2002-06-12,29.68,29.73,28.2,29.23,1631450.0,0.0,1.0,3.3913567787744543,3.397069980895031,3.2222459960053778,3.339937959689262,13051600.0
2002-06-13,29.24,29.25,28.1,28.76,1496825.0,0.0,1.0,3.3410806001133775,3.3422232405374928,3.210819591764224,3.286233859755839,11974600.0
2002-06-14,28.55,28.56,26.33,28.0,4150150.0,0.0,1.0,3.2622384108494162,3.2633810512735315,3.008572236695801,3.19939318752307,33201200.0
2002-06-17,28.0,29.31,27.93,29.0,2630800.0,0.0,1.0,3.19939318752307,3.349079083082185,3.1913947045542623,3.3136572299346083,21046400.0
2002-06-18,29.25,29.97,28.75,29.59,2965050.0,0.0,1.0,3.3422232405374928,3.4244933510738003,3.285091219331724,3.381073014957416,23720400.0
2002-06-19,29.62,29.75,28.78,28.86,1215750.0,0.0,1.0,3.3845009362297622,3.399355261743262,3.28851914060407,3.2976602639969927,9726000.0
2002-06-20,28.98,29.47,28.6,28.61,1364025.0,0.0,1.0,3.3113719490863778,3.367361329868031,3.267951612969993,3.2690942533941083,10912200.0
2002-06-21,29.11,29.52,28.11,28.16,2197200.0,0.0,1.0,3.3262262745998776,3.373074531988608,3.211962232188339,3.2176754343089162,17577600.0
2002-06-24,27.99,28.66,26.7,28.06,1750550.0,0.0,1.0,3.1982505470989544,3.274807455514685,3.0508499323880702,3.206249030067762,14004400.0
2002-06-25,28.5,28.93,27.91,28.6,1542950.0,0.0,1.0,3.256525208728839,3.3056587469658005,3.189109423706032,3.267951612969993,12343600.0
2002-06-26,27.96,28.03,27.15,27.92,1673050.0,0.0,1.0,3.1948226258266086,3.2028211087954164,3.1022687514732623,3.190252064130147,13384400.0
2002-06-27,28.26,29.13,28.25,29.0,2297050.0,0.0,1.0,3.2291018385500703,3.328511555448108,3.2279591981259546,3.3136572299346083,18376400.0
2002-06-28,29.01,30.19,28.33,29.06,2202550.0,0.0,1.0,3.314799870358724,3.449631440404339,3.2371003215188776,3.3205130724793004,17620400.0
2002-07-01,29.25,29.39,27.65,27.71,1238950.0,0.0,1.0,3.3422232405374928,3.3582202064751083,3.1594007726790316,3.166256615223724,9911600.0
2002-07-02,27.46,27.47,25.86,26.25,1967625.0,0.0,1.0,3.1376906046208397,3.1388332450449545,2.954868136762378,2.999431113302878,15741000.0
2002-07-03,25.53,26.4,24.35,26.35,2158425.0,0.0,1.0,2.9171610027665706,3.0165707196646085,2.782329432720956,3.010857517544032,17267400.0
2002-07-05,25.85,27.49,25.85,27.23,806950.0,0.0,1.0,2.953725496338263,3.1411185258931855,2.953725496338263,3.111409874866186,6455600.0
2002-07-08,27.22,27.92,25.76,26.03,1410800.0,0.0,1.0,3.11026723444207,3.190252064130147,2.9434417325212245,2.97429302397234,11286400.0
2002-07-09,26.0,26.33,25.29,25.31,1445225.0,0.0,1.0,2.9708651026999937,3.008572236695801,2.8897376325878015,2.892022913436032,11561800.0
2002-07-10,26.21,26.6,25.61,26.01,1508000.0,0.0,1.0,2.9948605516064166,3.0394235281469166,2.9263021261594937,2.972007743124109,12064000.0
2002-07-11,26.04,26.5,24.88,26.5,1323750.0,0.0,1.0,2.9754356643964552,3.0279971239057626,2.842889375199071,3.0279971239057626,10590000.0
2002-07-12,26.85,28.31,26.71,27.16,1824800.0,0.0,1.0,3.067989538749801,3.2348150406706466,3.051992572812186,3.103411391897378,14598400.0
2002-07-15,26.93,27.35,26.27,27.35,1364025.0,0.0,1.0,3.077130662142724,3.1251215599555704,3.0017163941511087,3.1251215599555704,10912200.0
2002-07-16,27.25,28.57,27.25,28.34,1584150.0,0.0,1.0,3.1136951557144164,3.264523691697647,3.1136951557144164,3.238242961942993,12673200.0
2002-07-17,29.08,29.84,27.14,28.24,2283625.0,0.0,1.0,3.322798353327531,3.4096390255603004,3.101126111049147,3.226816557701839,18269000.0
2002-07-18,28.11,28.24,26.66,26.93,971625.0,0.0,1.0,3.211962232188339,3.226816557701839,3.0462793706916087,3.077130662142724,7773000.0
2002-07-19,26.25,26.57,24.81,25.6,1828000.0,0.0,1.0,2.999431113302878,3.0359956068745704,2.834890892230263,2.9251594857353784,14624000.0
2002-07-22,25.59,26.0,22.94,24.07,2439625.0,0.0,1.0,2.924016845311263,2.9708651026999937,2.621217132920687,2.750335500845725,19517000.0
2002-07-23,25.16,25.55,23.35,24.6,2520150.0,0.0,1.0,2.8748833070743016,2.9194462836148016,2.6680653903094176,2.8108954433238402,20161200.0
2002-07-24,24.64,27.64,22.3,27.48,6182650.0,0.0,1.0,2.8154660050203018,3.1582581322549164,2.548088145777302,3.1399758854690702,49461200.0
2002-07-25,27.0,27.49,25.36,26.4,2690650.0,0.0,1.0,3.085129145111532,3.1411185258931855,2.8977361155566093,3.0165707196646085,21525200.0
2002-07-26,26.56,27.24,25.75,26.75,1587450.0,0.0,1.0,3.034852966450455,3.1125525152903006,2.9422990920971093,3.0565631345086475,12699600.0
2002-07-29,26.85,28.44,26.75,27.99,1352825.0,0.0,1.0,3.067989538749801,3.249669366184147,3.0565631345086475,3.1982505470989544,10822600.0
2002-07-30,27.75,28.76,27.5,28.12,1556150.0,0.0,1.0,3.1708271769201857,3.286233859755839,3.142261166317301,3.2131048726124547,12449200.0
2002-07-31,28.06,28.75,27.6,28.72,1832000.0,0.0,1.0,3.206249030067762,3.285091219331724,3.153687570558455,3.2816632980593776,14656000.0
2002-08-01,28.74,28.75,27.36,27.72,1889350.0,0.0,1.0,3.283948578907608,3.285091219331724,3.1262642003796857,3.1673992556478394,15114800.0
2002-08-02,27.3,27.59,26.5,26.93,965850.0,0.0,1.0,3.1194083578349936,3.1525449301343396,3.0279971239057626,3.077130662142724,7726800.0
2002-08-05,26.83,26.92,25.04,26.15,2093625.0,0.0,1.0,3.06570425790157,3.075988021718609,2.861171621984917,2.988004709061724,16749000.0
2002-08-06,26.19,27.94,26.19,27.2,1468425.0,0.0,1.0,2.992575270758186,3.192537344978378,2.992575270758186,3.1079819535938396,11747400.0
2002-08-07,27.59,28.09,27.1,27.98,1168425.0,0.0,1.0,3.1525449301343396,3.2096769513401084,3.096555549352686,3.197107906674839,9347400.0
2002-08-08,26.9,27.85,25.9,27.38,1763850.0,0.0,1.0,3.073702740870378,3.1822535811613393,2.9594386984588397,3.128549481227916,14110800.0
2002-08-09,27.29,28.2,26.57,27.83,1048250.0,0.0,1.0,3.118265717410878,3.2222459960053778,3.0359956068745704,3.1799683003131083,8386000.0
2002-08-12,27.71,27.72,26.77,26.89,868000.0,0.0,1.0,3.166256615223724,3.1673992556478394,3.058848415356878,3.0725601004462626,6944000.0
2002-08-13,26.69,27.64,25.77,25.99,813450.0,0.0,1.0,3.049707291963955,3.1582581322549164,2.94458437294534,2.969722462275878,6507600.0
2002-08-14,25.79,27.4,25.37,27.31,1232650.0,0.0,1.0,2.9468696537935704,3.1308347620761467,2.8988787559807245,3.1205509982591084,9861200.0
2002-08-15,27.68,28.1,27.08,27.22,1369625.0,0.0,1.0,3.162828693951378,3.210819591764224,3.0942702685044545,3.11026723444207,10957000.0
2002-08-16,27.03,27.96,26.79,27.37,760150.0,0.0,1.0,3.088557066383878,3.1948226258266086,3.0611336962051086,3.127406840803801,6081200.0
2002-08-19,27.37,30.25,27.3,30.09,2774425.0,0.0,1.0,3.127406840803801,3.456487282949031,3.1194083578349936,3.438205036163185,22195400.0
2002-08-20,30.0,30.51,29.63,29.64,1926950.0,0.0,1.0,3.4279212723461465,3.486195933976031,3.385643576653877,3.3867862170779928,15415600.0
2002-08-21,29.83,30.13,29.64,29.99,1502250.0,0.0,1.0,3.4084963851361847,3.4427755978596464,3.3867862170779928,3.426778631922031,12018000.0
2002-08-22,29.99,30.55,29.73,30.48,2842650.0,0.0,1.0,3.426778631922031,3.4907664956724926,3.397069980895031,3.482768012703685,22741200.0
2002-08-23,30.19,31.0,30.02,30.74,1252025.0,0.0,1.0,3.449631440404339,3.5421853147576847,3.430206553194377,3.5124766637306846,10016200.0
2002-08-26,31.0,31.23,30.02,31.23,1041225.0,0.0,1.0,3.5421853147576847,3.5684660445123386,3.430206553194377,3.5684660445123386,8329800.0
2002-08-27,31.21,31.55,28.55,28.74,3355225.0,0.0,1.0,3.5661807636641076,3.605030538084031,3.2622384108494162,3.283948578907608,26841800.0
2002-08-28,28.0,28.2,26.59,26.66,3413600.0,0.0,1.0,3.19939318752307,3.2222459960053778,3.0382808877228014,3.0462793706916087,27308800.0
2002-08-29,26.65,28.42,26.63,28.29,3073625.0,0.0,1.0,3.0451367302674934,3.2473840853359164,3.0428514494192624,3.232529759822416,24589000.0
2002-08-30,28.07,28.31,27.55,27.87,1295600.0,0.0,1.0,3.207391670491878,3.2348150406706466,3.147974368437878,3.1845388620095703,10364800.0
2002-09-03,27.68,27.74,26.25,27.19,2408550.0,0.0,1.0,3.162828693951378,3.16968453649607,2.999431113302878,3.1068393131697243,19268400.0
2002-09-04,27.21,27.8,26.32,27.73,1726150.0,0.0,1.0,3.109124594017955,3.1765403790407625,3.007429596271686,3.1685418960719547,13809200.0
2002-09-05,26.84,27.16,26.22,26.29,1357350.0,0.0,1.0,3.066846898325686,3.103411391897378,2.996003192030532,3.0040016749993397,10858800.0
2002-09-06,26.94,27.33,26.51,26.8,1450800.0,0.0,1.0,3.07827330256684,3.1228362791073394,3.0291397643298783,3.0622763366292243,11606400.0
2002-09-09,26.75,27.84,26.5,27.43,880000.0,0.0,1.0,3.0565631345086475,3.181110940737224,3.0279971239057626,3.1342626833484935,7040000.0
2002-09-10,27.62,29.13,27.6,29.04,2207050.0,0.0,1.0,3.155972851406686,3.328511555448108,3.153687570558455,3.31822779163107,17656400.0
2002-09-11,29.41,29.68,28.07,28.27,1746550.0,0.0,1.0,3.360505487323339,3.3913567787744543,3.207391670491878,3.2302444789741855,13972400.0
2002-09-12,28.15,28.2,26.85,27.07,1264250.0,0.0,1.0,3.2165327938848005,3.2222459960053778,3.067989538749801,3.0931276280803397,10114000.0
2002-09-13,26.85,27.28,26.55,26.99,1345450.0,0.0,1.0,3.067989538749801,3.1171230769867626,3.03371032602634,3.083986504687416,10763600.0
2002-09-16,26.99,27.41,26.37,26.67,943050.0,0.0,1.0,3.083986504687416,3.1319774025002625,3.0131427983922627,3.0474220111157244,7544400.0
2002-09-17,27.25,27.42,26.38,26.4,1162650.0,0.0,1.0,3.1136951557144164,3.133120042924378,3.014285438816378,3.0165707196646085,9301200.0
2002-09-18,26.34,27.31,25.63,27.05,1150400.0,0.0,1.0,3.0097148771199165,3.1205509982591084,2.9285874070077242,3.0908423472321087,9203200.0
2002-09-19,26.44,26.8,25.36,25.81,1763200.0,0.0,1.0,3.0211412813610705,3.0622763366292243,2.8977361155566093,2.9491549346418013,14105600.0
2002-09-20,25.83,26.33,25.15,25.26,927200.0,0.0,1.0,2.951440215490032,3.008572236695801,2.873740666650186,2.8863097113154557,7417600.0
2002-09-23,25.19,25.19,24.06,24.74,1280025.0,0.0,1.0,2.878311228346648,2.878311228346648,2.7491928604216094,2.8268924092614554,10240200.0
2002-09-24,24.08,25.65,23.99,25.51,1695225.0,0.0,1.0,2.75147814126984,2.9308726878559552,2.7411943774528016,2.91487572191834,13561800.0
2002-09-25,26.15,26.75,25.17,26.0,1744550.0,0.0,1.0,2.988004709061724,3.0565631345086475,2.876025947498417,2.9708651026999937,13956400.0
2002-09-26,25.77,26.9,25.76,25.97,1310650.0,0.0,1.0,2.94458437294534,3.073702740870378,2.9434417325212245,2.9674371814276475,10485200.0
2002-09-27,25.93,26.57,24.98,25.08,1542950.0,0.0,1.0,2.962866619731186,3.0359956068745704,2.8543157794402245,2.865742183681378,12343600.0
2002-09-30,24.99,25.14,23.9,23.93,2549225.0,0.0,1.0,2.85545841986434,2.8725980262260706,2.7309106136357633,2.7343385349081095,20393800.0
2002-10-01,23.7,23.75,21.6,22.1,6280650.0,0.0,1.0,2.7080578051534556,2.7137710072740324,2.4681033160892256,2.525235337294995,50245200.0
2002-10-02,21.83,23.26,21.82,22.52,3131750.0,0.0,1.0,2.494384045843879,2.6577816264923793,2.493241405419764,2.5732262351078408,25054000.0
2002-10-03,21.5,22.65,20.27,20.37,3913050.0,0.0,1.0,2.4566769118480716,2.5880805606213406,2.3161321396818795,2.3275585439230335,31304400.0
2002-10-04,20.62,21.13,17.92,19.81,8727050.0,0.0,1.0,2.356124554525918,2.4143992161558026,2.047611640014765,2.263570680172572,69816400.0
2002-10-07,19.46,20.61,19.45,20.35,2968650.0,0.0,1.0,2.2235782653285336,2.3549819141018027,2.2224356249044184,2.325273263074803,23749200.0
2002-10-08,20.58,20.91,20.0,20.09,2431050.0,0.0,1.0,2.3515539928294564,2.389261126825264,2.2852808482307645,2.295564612047803,19448400.0
2002-10-09,19.25,19.91,17.89,18.3,4239450.0,0.0,1.0,2.1995828164221107,2.2749970844137257,2.0441837187424188,2.0910319761311493,33915600.0
2002-10-10,18.7,20.46,18.55,20.35,3193050.0,0.0,1.0,2.1367375930957646,2.337842307740072,2.119597986734034,2.325273263074803,25544400.0
2002-10-11,20.76,22.38,20.65,21.77,3300800.0,0.0,1.0,2.3721215204635335,2.557229269170225,2.359552475798264,2.487528203299187,26406400.0
2002-10-14,20.26,21.5,19.55,21.08,1911350.0,0.0,1.0,2.3149894992577646,2.4566769118480716,2.2338620291455724,2.4086860140352253,15290800.0
2002-10-15,22.2,23.35,21.71,22.0,3454650.0,0.0,1.0,2.5366617415361485,2.6680653903094176,2.480672360754495,2.513808933053841,27637200.0
2002-10-16,21.25,21.75,20.64,21.1,1322800.0,0.0,1.0,2.428110901245187,2.485242922450956,2.358409835374149,2.4109712948834567,10582400.0
2002-10-17,22.21,22.8,21.34,22.08,1518650.0,0.0,1.0,2.537804381960264,2.6052201669830715,2.4383946650622255,2.5229500564467635,12149200.0
2002-10-18,21.81,22.32,20.92,22.17,1587050.0,0.0,1.0,2.4920987649956485,2.550373426625533,2.3904037672493796,2.5332338202638023,12696400.0
2002-10-21,21.66,23.88,21.6,23.77,2779200.0,0.0,1.0,2.4749591586339177,2.7286253327875323,2.4681033160892256,2.7160562881222634,22233600.0
2002-10-22,19.94,20.24,19.05,19.9,10084550.0,0.0,1.0,2.278425005686072,2.312704218409533,2.176730007939803,2.2738544439896105,80676400.0
2002-10-23,19.98,20.59,19.55,20.34,3199450.0,0.0,1.0,2.2829955673825335,2.3526966332535717,2.2338620291455724,2.3241306226506873,25595600.0
2002-10-24,20.2,20.83,19.6,19.68,2668150.0,0.0,1.0,2.3081336567130717,2.380120003432341,2.239575231266149,2.2487163546590723,21345200.0
2002-10-25,20.05,20.69,18.54,19.1,4175225.0,0.0,1.0,2.2909940503513413,2.3641230374947257,2.1184553463099185,2.18244321006038,33401800.0
2002-10-28,19.76,19.94,17.86,18.22,4205200.0,0.0,1.0,2.2578574780519953,2.278425005686072,2.0407557974700725,2.0818908527382263,33641600.0
2002-10-29,18.1,18.58,17.4,18.21,6082150.0,0.0,1.0,2.0681791676488417,2.12302590800638,1.9881943379607647,2.080748212314111,48657200.0
2002-10-30,20.36,20.74,19.71,20.32,14367750.0,0.0,1.0,2.326415903498918,2.3698362396153025,2.2521442759314185,2.3218453418024567,114942000.0
2002-10-31,20.27,21.35,20.25,20.5,4839350.0,0.0,1.0,2.3161321396818795,2.439537305486341,2.313846858833649,2.3424128694365334,38714800.0
2002-11-01,20.35,21.21,20.25,21.1,2669850.0,0.0,1.0,2.325273263074803,2.4235403395487256,2.313846858833649,2.4109712948834567,21358800.0
2002-11-04,21.75,22.38,21.51,21.77,3915450.0,0.0,1.0,2.485242922450956,2.557229269170225,2.4578195522721873,2.487528203299187,31323600.0
2002-11-05,21.42,22.0,21.05,21.57,3165200.0,0.0,1.0,2.447535788455149,2.513808933053841,2.4052580927628795,2.4646753948168794,25321600.0
2002-11-06,21.75,22.8,21.66,22.65,3096425.0,0.0,1.0,2.485242922450956,2.6052201669830715,2.4749591586339177,2.5880805606213406,24771400.0
2002-11-07,22.61,22.61,21.52,21.62,3176550.0,0.0,1.0,2.583509998924879,2.583509998924879,2.4589621926963026,2.470388596937456,25412400.0
2002-11-08,21.36,21.54,20.01,20.65,3866800.0,0.0,1.0,2.4406799459104564,2.461247473544533,2.2864234886548798,2.359552475798264,30934400.0
2002-11-11,20.29,20.4,19.48,19.53,2229600.0,0.0,1.0,2.3184174205301105,2.3309864651953793,2.2258635461767646,2.2315767482973414,17836800.0
2002-11-12,19.65,20.17,19.64,19.97,1768000.0,0.0,1.0,2.2452884333867256,2.304705735440726,2.2441457929626107,2.2818529269584182,14144000.0
2002-11-13,19.86,20.21,19.5,20.04,2980250.0,0.0,1.0,2.269283882293149,2.3092762971371874,2.228148827024995,2.2898514099272256,23842000.0
2002-11-14,20.24,20.37,19.75,20.2,3426400.0,0.0,1.0,2.312704218409533,2.3275585439230335,2.2567148376278796,2.3081336567130717,27411200.0
2002-11-15,20.06,20.09,18.8,19.4,5863850.0,0.0,1.0,2.2921366907754566,2.295564612047803,2.1481639973369187,2.216722422783841,46910800.0
2002-11-18,19.62,20.0,18.95,19.18,3087600.0,0.0,1.0,2.2418605121143798,2.2852808482307645,2.165303603698649,2.191584333453303,24700800.0
2002-11-19,19.14,19.4,18.72,18.77,1894400.0,0.0,1.0,2.1870137717568414,2.216722422783841,2.139022873943995,2.1447360760645724,15155200.0
2002-11-20,18.4,19.45,18.0,18.99,3857050.0,0.0,1.0,2.102458380372303,2.2224356249044184,2.056752763407688,2.1698741653951106,30856400.0
2002-11-21,19.73,20.83,19.23,20.05,3670800.0,0.0,1.0,2.254429556779649,2.380120003432341,2.1972975355738797,2.2909940503513413,29366400.0
2002-11-22,19.9,21.2,19.62,20.9,2824250.0,0.0,1.0,2.2738544439896105,2.42239769912461,2.2418605121143798,2.3881184864011487,22594000.0
2002-11-25,21.14,21.5,20.65,21.18,2757850.0,0.0,1.0,2.415541856579918,2.4566769118480716,2.359552475798264,2.4201124182763794,22062800.0
2002-11-26,21.26,21.33,20.39,20.39,1578650.0,0.0,1.0,2.429253541669303,2.4372520246381097,2.3298438247712645,2.3298438247712645,12629200.0
2002-11-27,20.73,21.75,20.69,21.29,2532000.0,0.0,1.0,2.3686935991911873,2.485242922450956,2.3641230374947257,2.4326814629416487,20256000.0
2002-11-29,21.39,22.0,21.39,21.6,1148250.0,0.0,1.0,2.4441078671828027,2.513808933053841,2.4441078671828027,2.4681033160892256,9186000.0
2002-12-02,22.0,22.29,21.2,21.39,4158550.0,0.0,1.0,2.513808933053841,2.546945505353187,2.42239769912461,2.4441078671828027,33268400.0
2002-12-03,20.95,21.4,20.74,20.9,1666650.0,0.0,1.0,2.3938316885217255,2.4452505076069175,2.3698362396153025,2.3881184864011487,13333200.0
2002-12-04,20.59,20.81,20.0,20.34,2019350.0,0.0,1.0,2.3526966332535717,2.3778347225841103,2.2852808482307645,2.3241306226506873,16154800.0
2002-12-05,20.55,20.69,19.88,19.9,1942425.0,0.0,1.0,2.3481260715571106,2.3641230374947257,2.2715691631413795,2.2738544439896105,15539400.0
2002-12-06,19.54,19.9,19.08,19.32,2805850.0,0.0,1.0,2.2327193887214567,2.2738544439896105,2.180157929212149,2.2075812993909185,22446800.0
2002-12-09,18.53,18.99,18.08,18.12,2949350.0,0.0,1.0,2.1173127058858032,2.1698741653951106,2.0658938868006107,2.0704644484970727,23594800.0
2002-12-10,18.29,18.3,16.77,17.02,9117450.0,0.0,1.0,2.089889335707034,2.0910319761311493,1.9162079912414958,1.9447740018443804,72939600.0
2002-12-11,16.61,16.62,15.5,16.27,11654950.0,0.0,1.0,1.8979257444556497,1.8990683848797654,1.7710926573788424,1.8590759700357267,93239600.0
2002-12-12,16.25,16.94,16.0,16.82,4092250.0,0.0,1.0,1.8567906891874961,1.9356328784514576,1.8282246785846115,1.9219211933620728,32738000.0
2002-12-13,15.57,16.21,15.24,15.45,8199600.0,0.0,1.0,1.7790911403476501,1.8522201274910346,1.7413840063518424,1.7653794552582653,65596800.0
2002-12-16,15.4,15.7,15.27,15.65,1924150.0,0.0,1.0,1.7596662531376885,1.79394546586115,1.7448119276241885,1.7882322637405732,15393200.0
2002-12-17,16.0,16.12,15.4,15.73,2755850.0,0.0,1.0,1.8282246785846115,1.8419363636739963,1.7596662531376885,1.7973733871334963,22046800.0
2002-12-18,12.9,13.09,12.2,12.71,28141600.0,0.0,1.0,1.474006147108843,1.4957163151670352,1.394021317420766,1.4522959790506509,225132800.0
2002-12-19,12.51,13.48,12.46,13.26,7433450.0,0.0,1.0,1.429443170568343,1.5402792917075352,1.4237299684477662,1.5151412023769968,59467600.0
2002-12-20,13.48,13.79,13.25,13.47,5230800.0,0.0,1.0,1.5402792917075352,1.575701144855112,1.5139985619528813,1.53913665128342,41846400.0
2002-12-23,13.17,13.9,13.14,13.87,2895600.0,0.0,1.0,1.5048574385599582,1.5882701895203812,1.5014295172876122,1.584842268248035,23164800.0
2002-12-24,13.79,14.14,13.7,13.82,930150.0,0.0,1.0,1.575701144855112,1.6156935596991504,1.5654173810380734,1.5791290661274582,7441200.0
2002-12-26,13.81,14.12,13.61,13.76,961200.0,0.0,1.0,1.577986425703343,1.6134082788509194,1.555133617221035,1.5722732235827659,7689600.0
2002-12-27,13.63,14.1,13.63,14.01,1177450.0,0.0,1.0,1.557418898069266,1.6111229980026889,1.557418898069266,1.6008392341856503,9419600.0
2002-12-30,14.08,14.51,14.07,14.29,2470425.0,0.0,1.0,1.6088377171544581,1.6579712553914194,1.6076950767303428,1.632833166060881,19763400.0
2002-12-31,14.35,15.55,14.34,14.59,2018150.0,0.0,1.0,1.6396890086055733,1.7768058594994194,1.638546368181458,1.6671123787843425,16145200.0
2003-01-02,14.91,15.62,14.89,15.52,2628000.0,0.0,1.0,1.703676872356035,1.784804342468227,1.7013915915078042,1.7733779382270731,21024000.0
2003-01-03,15.59,15.59,14.71,14.89,1976025.0,0.0,1.0,1.7813764211958807,1.7813764211958807,1.6808240638737273,1.7013915915078042,15808200.0
2003-01-06,14.92,15.15,14.79,14.82,3444400.0,0.0,1.0,1.7048195127801502,1.731100242534804,1.6899651872666501,1.6933931085389964,27555200.0
2003-01-07,14.8,15.0,14.57,14.67,2681225.0,0.0,1.0,1.6911078276907656,1.7139606361730733,1.664827097936112,1.6762535021772655,21449800.0
2003-01-08,14.95,14.97,14.1,14.14,4047600.0,0.0,1.0,1.7082474340524962,1.7105327149007272,1.6111229980026889,1.6156935596991504,32380800.0
2003-01-09,14.49,14.78,14.0,14.6,2563200.0,0.0,1.0,1.6556859745431889,1.6888225468425349,1.599696593761535,1.668255019208458,20505600.0
2003-01-10,14.24,15.43,14.2,15.06,2278825.0,0.0,1.0,1.6271199639403042,1.7630941744100346,1.6225494022438427,1.7208164787177656,18230600.0
2003-01-13,15.2,15.45,14.8,15.25,2320025.0,0.0,1.0,1.736813444655381,1.7653794552582653,1.6911078276907656,1.7425266467759577,18560200.0
2003-01-14,15.55,15.57,14.9,15.21,2315600.0,0.0,1.0,1.7768058594994194,1.7790911403476501,1.7025342319319194,1.7379560850794964,18524800.0
2003-01-15,15.02,15.3,14.8,15.16,1472800.0,0.0,1.0,1.716245917021304,1.7482398488965347,1.6911078276907656,1.7322428829589194,11782400.0
2003-01-16,15.14,15.16,14.24,14.46,2293350.0,0.0,1.0,1.7299576021106886,1.7322428829589194,1.6271199639403042,1.6522580532708426,18346800.0
2003-01-17,14.21,14.44,13.8,14.09,1906025.0,0.0,1.0,1.6236920426679582,1.6499727724226119,1.5768437852792274,1.6099803575785734,15248200.0
2003-01-21,14.15,14.65,14.1,14.37,2250250.0,0.0,1.0,1.616836200123266,1.673968221329035,1.6111229980026889,1.641974289453804,18002000.0
2003-01-22,14.35,14.35,13.82,14.02,3722650.0,0.0,1.0,1.6396890086055733,1.6396890086055733,1.5791290661274582,1.6019818746097658,29781200.0
2003-01-23,13.03,13.88,13.02,13.8,6449850.0,0.0,1.0,1.488860472622343,1.5859849086721505,1.4877178321982276,1.5768437852792274,51598800.0
2003-01-24,13.59,13.75,13.5,13.68,2060025.0,0.0,1.0,1.5528483363728043,1.5711305831586504,1.542564572555766,1.5631321001898428,16480200.0
2003-01-27,13.94,14.31,13.68,13.8,1497200.0,0.0,1.0,1.5928407512168428,1.635118446909112,1.5631321001898428,1.5768437852792274,11977600.0
2003-01-28,13.98,14.27,13.84,14.03,1436825.0,0.0,1.0,1.5974113129133043,1.6305478852126503,1.581414346975689,1.603124515033881,11494600.0
2003-01-29,13.9,14.7,13.76,14.5,1650650.0,0.0,1.0,1.5882701895203812,1.6796814234496118,1.5722732235827659,1.6568286149673042,13205200.0
2003-01-30,14.92,15.75,14.3,14.37,2829625.0,0.0,1.0,1.7048195127801502,1.7996586679817268,1.6339758064849965,1.641974289453804,22637000.0
2003-01-31,14.34,14.61,13.96,14.55,1840000.0,0.0,1.0,1.638546368181458,1.6693976596325732,1.5951260320650735,1.6625418170878812,14720000.0
2003-02-03,14.87,15.0,14.29,14.65,1722950.0,0.0,1.0,1.6991063106595732,1.7139606361730733,1.632833166060881,1.673968221329035,13783600.0
2003-02-04,14.6,14.85,14.5,14.54,1412150.0,0.0,1.0,1.668255019208458,1.6968210298113424,1.6568286149673042,1.6613991766637655,11297200.0
2003-02-05,14.67,14.83,14.31,14.31,891625.0,0.0,1.0,1.6762535021772655,1.6945357489631117,1.635118446909112,1.635118446909112,7133000.0
2003-02-06,14.37,14.58,14.21,14.33,1009750.0,0.0,1.0,1.641974289453804,1.6659697383602272,1.6236920426679582,1.6374037277573426,8078000.0
2003-02-07,14.36,14.48,14.1,14.29,774025.0,0.0,1.0,1.6408316490296888,1.6545433341190734,1.6111229980026889,1.632833166060881,6192200.0
2003-02-10,14.3,14.5,14.05,14.3,615050.0,0.0,1.0,1.6339758064849965,1.6568286149673042,1.605409795882112,1.6339758064849965,4920400.0
2003-02-11,14.4,14.42,14.2,14.26,1075450.0,0.0,1.0,1.6454022107261503,1.647687491574381,1.6225494022438427,1.629405244788535,8603600.0
2003-02-12,13.95,14.28,13.72,13.98,3255600.0,0.0,1.0,1.593983391640958,1.6316905256367658,1.5677026618863044,1.5974113129133043,26044800.0
2003-02-13,14.03,14.15,13.73,13.89,1090425.0,0.0,1.0,1.603124515033881,1.616836200123266,1.5688453023104199,1.587127549096266,8723400.0
2003-02-14,13.9,14.91,13.85,14.51,2634550.0,0.0,1.0,1.5882701895203812,1.703676872356035,1.5825569873998042,1.6579712553914194,21076400.0
2003-02-18,14.49,15.07,14.28,15.0,1593225.0,0.0,1.0,1.6556859745431889,1.721959119141881,1.6316905256367658,1.7139606361730733,12745800.0
2003-02-19,15.0,15.25,14.57,15.0,1481850.0,0.0,1.0,1.7139606361730733,1.7425266467759577,1.664827097936112,1.7139606361730733,11854800.0
2003-02-20,14.59,14.77,14.4,14.66,1587225.0,0.0,1.0,1.6671123787843425,1.6876799064184194,1.6454022107261503,1.6751108617531503,12697800.0
2003-02-21,14.0,15.04,13.95,15.01,3568250.0,0.0,1.0,1.599696593761535,1.7185311978695348,1.593983391640958,1.7151032765971885,28546000.0
2003-02-24,15.02,15.02,14.45,14.55,1114800.0,0.0,1.0,1.716245917021304,1.716245917021304,1.6511154128467271,1.6625418170878812,8918400.0
2003-02-25,14.44,14.9,14.08,14.55,2030950.0,0.0,1.0,1.6499727724226119,1.7025342319319194,1.6088377171544581,1.6625418170878812,16247600.0
2003-02-26,14.54,14.74,14.3,14.34,551350.0,0.0,1.0,1.6613991766637655,1.6842519851460733,1.6339758064849965,1.638546368181458,4410800.0
2003-02-27,14.65,14.72,14.17,14.58,744550.0,0.0,1.0,1.673968221329035,1.6819667042978426,1.6191214809714964,1.6659697383602272,5956400.0
2003-02-28,14.7,15.0,14.7,14.9,1463625.0,0.0,1.0,1.6796814234496118,1.7139606361730733,1.6796814234496118,1.7025342319319194,11709000.0
2003-03-03,14.73,14.92,14.5,14.7,1593225.0,0.0,1.0,1.683109344721958,1.7048195127801502,1.6568286149673042,1.6796814234496118,12745800.0
2003-03-04,14.65,14.73,14.46,14.62,761350.0,0.0,1.0,1.673968221329035,1.683109344721958,1.6522580532708426,1.6705403000566887,6090800.0
2003-03-05,14.5,14.54,14.36,14.48,1035225.0,0.0,1.0,1.6568286149673042,1.6613991766637655,1.6408316490296888,1.6545433341190734,8281800.0
2003-03-06,14.5,15.0,14.47,14.83,1747350.0,0.0,1.0,1.6568286149673042,1.7139606361730733,1.6534006936949581,1.6945357489631117,13978800.0
2003-03-07,14.75,15.24,14.58,14.97,2082150.0,0.0,1.0,1.6853946255701886,1.7413840063518424,1.6659697383602272,1.7105327149007272,16657200.0
2003-03-10,14.76,14.93,14.63,14.72,693225.0,0.0,1.0,1.686537265994304,1.7059621532042655,1.6716829404808042,1.6819667042978426,5545800.0
2003-03-11,14.79,14.95,14.61,14.73,1342950.0,0.0,1.0,1.6899651872666501,1.7082474340524962,1.6693976596325732,1.683109344721958,10743600.0
2003-03-12,14.73,14.88,14.57,14.78,1324800.0,0.0,1.0,1.683109344721958,1.7002489510836887,1.664827097936112,1.6888225468425349,10598400.0
2003-03-13,14.87,15.0,14.6,14.7,1854825.0,0.0,1.0,1.6991063106595732,1.7139606361730733,1.668255019208458,1.6796814234496118,14838600.0
2003-03-14,14.7,14.89,14.55,14.67,2361600.0,0.0,1.0,1.6796814234496118,1.7013915915078042,1.6625418170878812,1.6762535021772655,18892800.0
2003-03-17,14.5,15.33,14.36,15.28,2027225.0,0.0,1.0,1.6568286149673042,1.7516677701688808,1.6408316490296888,1.745954568048304,16217800.0
2003-03-18,15.29,15.38,14.75,14.89,1918650.0,0.0,1.0,1.7470972084724192,1.7573809722894578,1.6853946255701886,1.7013915915078042,15349200.0
2003-03-19,14.82,15.0,14.7,14.75,1422425.0,0.0,1.0,1.6933931085389964,1.7139606361730733,1.6796814234496118,1.6853946255701886,11379400.0
2003-03-20,14.55,15.06,14.53,14.96,1268950.0,0.0,1.0,1.6625418170878812,1.7208164787177656,1.6602565362396502,1.7093900744766117,10151600.0
2003-03-21,15.1,15.27,14.8,14.95,1278650.0,0.0,1.0,1.725387040414227,1.7448119276241885,1.6911078276907656,1.7082474340524962,10229200.0
2003-03-24,14.59,15.04,14.44,14.47,1743350.0,0.0,1.0,1.6671123787843425,1.7185311978695348,1.6499727724226119,1.6534006936949581,13946800.0
2003-03-25,14.26,14.79,14.21,14.7,1304950.0,0.0,1.0,1.629405244788535,1.6899651872666501,1.6236920426679582,1.6796814234496118,10439600.0
2003-03-26,14.66,14.88,14.64,14.71,683625.0,0.0,1.0,1.6751108617531503,1.7002489510836887,1.6728255809049195,1.6808240638737273,5469000.0
2003-03-27,14.59,14.92,14.55,14.74,1030000.0,0.0,1.0,1.6671123787843425,1.7048195127801502,1.6625418170878812,1.6842519851460733,8240000.0
2003-03-28,14.7,14.85,14.62,14.74,675600.0,0.0,1.0,1.6796814234496118,1.6968210298113424,1.6705403000566887,1.6842519851460733,5404800.0
2003-03-31,14.52,14.59,14.2,14.45,1259200.0,0.0,1.0,1.659113895815535,1.6671123787843425,1.6225494022438427,1.6511154128467271,10073600.0
2003-04-01,14.45,14.65,14.15,14.5,2053850.0,0.0,1.0,1.6511154128467271,1.673968221329035,1.616836200123266,1.6568286149673042,16430800.0
2003-04-02,14.62,14.88,14.58,14.6,1420000.0,0.0,1.0,1.6705403000566887,1.7002489510836887,1.6659697383602272,1.668255019208458,11360000.0
2003-04-03,14.6,14.7,14.27,14.4,1695625.0,0.0,1.0,1.668255019208458,1.6796814234496118,1.6305478852126503,1.6454022107261503,13565000.0
2003-04-04,14.4,14.44,14.19,14.29,1253050.0,0.0,1.0,1.6454022107261503,1.6499727724226119,1.6214067618197272,1.632833166060881,10024400.0
2003-04-07,14.63,14.63,14.1,14.24,834025.0,0.0,1.0,1.6716829404808042,1.6716829404808042,1.6111229980026889,1.6271199639403042,6672200.0
2003-04-08,14.25,14.25,13.8,14.1,1057750.0,0.0,1.0,1.6282626043644195,1.6282626043644195,1.5768437852792274,1.6111229980026889,8462000.0
2003-04-09,14.09,14.21,13.82,13.84,1156150.0,0.0,1.0,1.6099803575785734,1.6236920426679582,1.5791290661274582,1.581414346975689,9249200.0
2003-04-10,13.86,14.0,13.68,13.8,849600.0,0.0,1.0,1.5836996278239197,1.599696593761535,1.5631321001898428,1.5768437852792274,6796800.0
2003-04-11,13.87,13.9,13.52,13.67,665450.0,0.0,1.0,1.584842268248035,1.5882701895203812,1.5448498534039967,1.5619894597657273,5323600.0
2003-04-14,13.68,14.22,13.68,14.05,862000.0,0.0,1.0,1.5631321001898428,1.6248346830920735,1.5631321001898428,1.605409795882112,6896000.0
2003-04-15,14.05,14.11,13.92,13.94,852250.0,0.0,1.0,1.605409795882112,1.6122656384268041,1.590555470368612,1.5928407512168428,6818000.0
2003-04-16,14.0,14.2,13.87,14.05,711200.0,0.0,1.0,1.599696593761535,1.6225494022438427,1.584842268248035,1.605409795882112,5689600.0
2003-04-17,14.05,14.41,13.85,14.39,1024650.0,0.0,1.0,1.605409795882112,1.6465448511502656,1.5825569873998042,1.644259570302035,8197200.0
2003-04-21,14.29,14.5,14.08,14.36,744550.0,0.0,1.0,1.632833166060881,1.6568286149673042,1.6088377171544581,1.6408316490296888,5956400.0
2003-04-22,14.47,15.33,14.4,15.1,4023750.0,0.0,1.0,1.6534006936949581,1.7516677701688808,1.6454022107261503,1.725387040414227,32190000.0
2003-04-23,15.05,15.82,14.96,15.6,2428950.0,0.0,1.0,1.7196738382936503,1.8076571509505346,1.7093900744766117,1.7825190616199962,19431600.0
2003-04-24,15.79,15.84,15.31,15.57,1377625.0,0.0,1.0,1.8042292296781883,1.8099424317987653,1.7493824893206502,1.7790911403476501,11021000.0
2003-04-25,15.66,15.67,15.3,15.41,1037200.0,0.0,1.0,1.7893749041646885,1.7905175445888037,1.7482398488965347,1.760808893561804,8297600.0
2003-04-28,15.31,15.83,15.05,15.73,1210825.0,0.0,1.0,1.7493824893206502,1.80879979137465,1.7196738382936503,1.7973733871334963,9686600.0
2003-04-29,15.7,15.7,15.15,15.29,1417225.0,0.0,1.0,1.79394546586115,1.79394546586115,1.731100242534804,1.7470972084724192,11337800.0
2003-04-30,15.28,15.61,15.21,15.3,1097050.0,0.0,1.0,1.745954568048304,1.7836617020441115,1.7379560850794964,1.7482398488965347,8776400.0
2003-05-01,15.35,15.93,15.28,15.71,1571450.0,0.0,1.0,1.7539530510171115,1.8202261956158037,1.745954568048304,1.7950881062852655,12571600.0
2003-05-02,15.64,16.23,15.64,16.09,1173050.0,0.0,1.0,1.7870896233164577,1.8545054083392654,1.7870896233164577,1.8385084424016498,9384400.0
2003-05-05,16.94,17.25,16.55,16.77,3860250.0,0.0,1.0,1.9356328784514576,1.9710547315990343,1.8910699019109576,1.9162079912414958,30882000.0
2003-05-06,17.5,18.25,17.24,17.65,5070650.0,0.0,1.0,1.9996207422019188,2.0853187740105725,1.9699120911749186,2.016760348563649,40565200.0
2003-05-07,18.1,18.37,17.41,18.07,3193050.0,0.0,1.0,2.0681791676488417,2.099030459099957,1.9893369783848804,2.0647512463764954,25544400.0
2003-05-08,17.88,18.36,17.44,17.57,2728000.0,0.0,1.0,2.043041078318303,2.0978878186758414,1.9927648996572267,2.0076192251707266,21824000.0
2003-05-09,17.8,17.8,16.61,16.9,4877850.0,0.0,1.0,2.0338999549253804,2.0338999549253804,1.8979257444556497,1.9310623167549956,39022800.0
2003-05-12,16.87,17.24,16.68,16.9,2254825.0,0.0,1.0,1.9276343954826498,1.9699120911749186,1.9059242274244574,1.9310623167549956,18038600.0
2003-05-13,16.88,17.14,16.6,16.84,1667050.0,0.0,1.0,1.928777035906765,1.958485686933765,1.8967831040315346,1.9242064742103036,13336400.0
2003-05-14,16.83,17.1,16.8,16.91,1676800.0,0.0,1.0,1.923063833786188,1.9539151252373037,1.919635912513842,1.9322049571791113,13414400.0
2003-05-15,17.01,17.2,16.7,16.86,1064250.0,0.0,1.0,1.9436313614202652,1.9653415294784573,1.9082095082726882,1.9264917550585343,8514000.0
2003-05-16,16.85,16.99,16.54,16.6,678425.0,0.0,1.0,1.925349114634419,1.9413460805720342,1.889927261486842,1.8967831040315346,5427400.0
2003-05-19,16.1,16.15,15.7,15.91,3051225.0,0.0,1.0,1.8396510828257655,1.845364284946342,1.79394546586115,1.8179409147675731,24409800.0
2003-05-20,15.8,16.07,15.71,15.77,1064950.0,0.0,1.0,1.8053718701023038,1.8362231615534192,1.7950881062852655,1.8019439488299576,8519600.0
2003-05-21,15.9,16.04,15.76,15.9,1345050.0,0.0,1.0,1.8167982743434576,1.832795240281073,1.8008013084058423,1.8167982743434576,10760400.0
2003-05-22,15.9,16.08,15.87,16.03,1114150.0,0.0,1.0,1.8167982743434576,1.8373658019775343,1.8133703530711114,1.8316525998569577,8913200.0
2003-05-23,16.06,16.2,15.97,16.14,627350.0,0.0,1.0,1.8350805211293035,1.851077487066919,1.8247967573122654,1.8442216445222268,5018800.0
2003-05-27,16.09,16.5,16.0,16.47,1712825.0,0.0,1.0,1.8385084424016498,1.8853566997903806,1.8282246785846115,1.8819287785180343,13702600.0
2003-05-28,16.54,16.75,16.3,16.61,1157200.0,0.0,1.0,1.889927261486842,1.9139227103932652,1.862503891308073,1.8979257444556497,9257600.0
2003-05-29,16.55,16.82,16.33,16.53,853850.0,0.0,1.0,1.8910699019109576,1.9219211933620728,1.865931812580419,1.8887846210627268,6830800.0
2003-05-30,16.51,16.99,16.51,16.98,1788025.0,0.0,1.0,1.886499340214496,1.9413460805720342,1.886499340214496,1.940203440147919,14304200.0
2003-06-02,17.0,17.38,16.87,16.87,1805050.0,0.0,1.0,1.9424887209961497,1.9859090571125342,1.9276343954826498,1.9276343954826498,14440400.0
2003-06-03,16.87,17.13,16.58,17.07,766250.0,0.0,1.0,1.9276343954826498,1.9573430465096495,1.8944978231833034,1.9504872039649574,6130000.0
2003-06-04,17.13,17.69,17.02,17.54,1271600.0,0.0,1.0,1.9573430465096495,2.021330910260111,1.9447740018443804,2.0041913038983803,10172800.0
2003-06-05,17.56,17.95,17.44,17.89,1121350.0,0.0,1.0,2.006476584746611,2.051039561287111,1.9927648996572267,2.0441837187424188,8970800.0
2003-06-06,18.08,19.1,17.8,18.04,2205750.0,0.0,1.0,2.0658938868006107,2.18244321006038,2.0338999549253804,2.061323325104149,17646000.0
2003-06-09,12.14,12.25,11.51,11.68,1124800.0,0.0,1.5,2.080748212314111,2.0996017793120147,1.9727686922352075,2.0019060230501498,5998933.333333333
2003-06-10,11.85,11.99,11.59,11.93,1107375.0,0.0,1.0,2.031043353865092,2.0550388027715147,1.986480377324592,2.0447550389544764,5906000.0
2003-06-11,11.95,12.26,11.8,12.26,1920375.0,0.0,1.0,2.0481829602268227,2.1013157399481877,2.022473550684227,2.1013157399481877,10242000.0
2003-06-12,12.12,12.34,12.0,12.28,1689375.0,0.0,1.0,2.0773202910417647,2.1150274250375722,2.056752763407688,2.104743661220534,9010000.0
2003-06-13,12.33,12.45,12.15,12.21,1075200.0,0.0,1.0,2.1133134644013993,2.133880992035476,2.0824621729502844,2.0927459367673227,5734400.0
2003-06-16,12.35,12.5,12.02,12.41,1477988.0,0.0,1.0,2.1167413856737456,2.142450795216342,2.060180684680034,2.127025149490784,7882602.666666667
2003-06-17,12.68,13.49,12.51,13.03,3928575.0,0.0,1.0,2.173302086667457,2.312132898197476,2.1441647558525148,2.2332907089335143,20952400.0
2003-06-18,12.95,13.24,12.62,13.05,1728825.0,0.0,1.0,2.2195790238441298,2.269283882293149,2.1630183228504185,2.2367186302058606,9220400.0
2003-06-19,13.09,13.12,12.51,12.67,1656038.0,0.0,1.0,2.243574472750553,2.2487163546590723,2.1441647558525148,2.171588126031284,8832202.666666666
2003-06-20,12.64,12.97,12.62,12.82,758438.0,0.0,1.0,2.1664462441227648,2.223006945116476,2.1630183228504185,2.19729753557388,4045002.6666666665
2003-06-23,12.58,12.75,12.21,12.38,1214438.0,0.0,1.0,2.1561624803057264,2.1852998111206685,2.0927459367673227,2.1218832675822648,6477002.666666667
2003-06-24,12.32,12.52,12.1,12.22,1336800.0,0.0,1.0,2.1115995037652264,2.1458787164886877,2.0738923697694185,2.0944598974034956,7129600.0
2003-06-25,12.29,12.8,12.2,12.75,1559588.0,0.0,1.0,2.106457621856707,2.193869614301534,2.0910319761311493,2.1852998111206685,8317802.666666667
2003-06-26,12.81,13.08,12.75,12.96,1781438.0,0.0,1.0,2.195583574937707,2.2418605121143798,2.1852998111206685,2.221292984480303,9501002.666666666
2003-06-27,13.0,13.15,12.9,13.03,949050.0,0.0,1.0,2.228148827024995,2.2538582365675914,2.2110092206632648,2.2332907089335143,5061600.0
2003-06-30,12.95,13.15,12.84,12.87,2847638.0,0.0,1.0,2.2195790238441298,2.2538582365675914,2.200725456846226,2.205867338754745,15187402.666666666
2003-07-01,12.85,12.93,12.64,12.88,1596450.0,0.0,1.0,2.2024394174823994,2.216151102571784,2.1664462441227648,2.2075812993909185,8514400.0
2003-07-02,12.89,13.14,12.82,12.84,2158838.0,0.0,1.0,2.2092952600270914,2.2521442759314185,2.19729753557388,2.200725456846226,11513802.666666666
2003-07-03,12.86,13.11,12.8,12.85,674850.0,0.0,1.0,2.2041533781185723,2.247002394022899,2.193869614301534,2.2024394174823994,3599200.0
2003-07-07,12.95,13.3,12.9,13.2,929400.0,0.0,1.0,2.2195790238441298,2.2795676461101877,2.2110092206632648,2.262428039748457,4956800.0
2003-07-08,13.14,13.4,13.11,13.32,1231200.0,0.0,1.0,2.2521442759314185,2.296707252471918,2.247002394022899,2.2829955673825335,6566400.0
2003-07-09,13.3,13.36,13.14,13.35,869250.0,0.0,1.0,2.2795676461101877,2.289851409927226,2.2521442759314185,2.2881374492910527,4636000.0
2003-07-10,12.9,13.41,12.9,13.22,1212038.0,0.0,1.0,2.2110092206632648,2.2984212131080914,2.2110092206632648,2.265855961020803,6464202.666666667
2003-07-11,13.16,13.34,12.9,13.14,900825.0,0.0,1.0,2.2555721972037643,2.2864234886548798,2.2110092206632648,2.2521442759314185,4804400.0
2003-07-14,13.15,13.3,12.82,13.04,1153575.0,0.0,1.0,2.2538582365675914,2.2795676461101877,2.19729753557388,2.2350046695696872,6152400.0
2003-07-15,13.13,13.2,12.98,13.04,889238.0,0.0,1.0,2.250430315295245,2.262428039748457,2.2247209057526494,2.2350046695696872,4742602.666666667
2003-07-16,13.04,13.28,12.75,12.97,960375.0,0.0,1.0,2.2350046695696872,2.2761397248378414,2.1852998111206685,2.223006945116476,5122000.0
2003-07-17,12.8,12.81,12.35,12.44,1215825.0,0.0,1.0,2.193869614301534,2.195583574937707,2.1167413856737456,2.132167031399303,6484400.0
2003-07-18,12.25,12.68,12.24,12.46,1712438.0,0.0,1.0,2.0996017793120147,2.173302086667457,2.097887818675842,2.1355949526716493,9133002.666666666
2003-07-21,11.53,12.11,11.2,11.29,4613250.0,0.0,1.0,1.9761966135075535,2.075606330405592,1.919635912513842,1.9350615582393997,24604000.0
2003-07-22,11.56,11.98,11.37,11.84,3123825.0,0.0,1.0,1.9813384954160729,2.053324842135342,1.9487732433287843,2.029329393228919,16660400.0
2003-07-23,11.21,11.7,10.85,11.37,5018775.0,0.0,1.0,1.9213498731500154,2.0053339443224956,1.8596472902477845,1.9487732433287843,26766800.0
2003-07-24,11.49,12.15,11.31,11.68,2522400.0,0.0,1.0,1.9693407709628612,2.0824621729502844,1.938489479511746,2.0019060230501498,13452800.0
2003-07-25,11.73,11.77,11.37,11.67,746250.0,0.0,1.0,2.010475826231015,2.0173316687757072,1.9487732433287843,2.0001920624139764,3980000.0
2003-07-28,11.71,11.98,11.56,11.85,913650.0,0.0,1.0,2.007047904958669,2.053324842135342,1.9813384954160729,2.031043353865092,4872800.0
2003-07-29,11.85,12.0,11.63,11.86,737400.0,0.0,1.0,2.031043353865092,2.056752763407688,1.9933362198692843,2.0327573145012647,3932800.0
2003-07-30,11.95,12.0,11.65,11.65,1002188.0,0.0,1.0,2.0481829602268227,2.056752763407688,1.9967641411416304,1.9967641411416304,5345002.666666667
2003-07-31,11.74,12.0,11.65,11.77,1028438.0,0.0,1.0,2.012189786867188,2.056752763407688,1.9967641411416304,2.0173316687757072,5485002.666666667
2003-08-01,11.79,11.83,11.45,11.69,705225.0,0.0,1.0,2.0207595900480535,2.0276154325927456,1.962484928418169,2.0036199836863227,3761200.0
2003-08-04,11.69,11.86,11.34,11.63,647438.0,0.0,1.0,2.0036199836863227,2.0327573145012647,1.9436313614202652,1.9933362198692843,3453002.6666666665
2003-08-05,11.62,11.66,11.38,11.42,882000.0,0.0,1.0,1.991622259233111,1.9984781017778035,1.9504872039649577,1.9573430465096497,4704000.0
2003-08-06,11.41,11.63,11.27,11.42,718838.0,0.0,1.0,1.9556290858734766,1.9933362198692843,1.9316336369670535,1.9573430465096497,3833802.6666666665
2003-08-07,11.28,11.49,11.25,11.25,658425.0,0.0,1.0,1.9333475976032266,1.9693407709628612,1.9282057156947074,1.9282057156947074,3511600.0
2003-08-08,11.2,11.38,11.2,11.2,527850.0,0.0,1.0,1.919635912513842,1.9504872039649577,1.919635912513842,1.919635912513842,2815200.0
2003-08-11,11.24,11.45,11.17,11.35,573038.0,0.0,1.0,1.9264917550585345,1.962484928418169,1.9144940306053229,1.945345322056438,3056202.6666666665
2003-08-12,11.35,11.42,11.19,11.39,550800.0,0.0,1.0,1.945345322056438,1.9573430465096497,1.917921951877669,1.9522011646011306,2937600.0
2003-08-13,11.35,11.5,11.3,11.35,743588.0,0.0,1.0,1.945345322056438,1.9710547315990343,1.9367755188755729,1.945345322056438,3965802.6666666665
2003-08-14,11.43,11.55,11.36,11.55,350625.0,0.0,1.0,1.9590570071458226,1.9796245347798997,1.9470592826926112,1.9796245347798997,1870000.0
2003-08-15,11.6,11.81,11.51,11.63,390788.0,0.0,1.0,1.988194337960765,2.0241875113203998,1.9727686922352075,1.9933362198692843,2084202.6666666667
2003-08-18,11.78,12.62,11.78,12.2,1828238.0,0.0,1.0,2.01904562941188,2.1630183228504185,2.01904562941188,2.0910319761311493,9750602.666666666
2003-08-19,12.26,12.55,11.89,12.49,1356000.0,0.0,1.0,2.1013157399481877,2.1510205983972073,2.0378991964097843,2.1407368345801685,7232000.0
2003-08-20,12.29,12.44,12.16,12.31,549975.0,0.0,1.0,2.106457621856707,2.132167031399303,2.0841761335864573,2.1098855431290535,2933200.0
2003-08-21,12.15,12.53,12.14,12.3,609450.0,0.0,1.0,2.0824621729502844,2.1475926771248606,2.080748212314111,2.10817158249288,3250400.0
2003-08-22,12.38,12.7,12.28,12.5,927788.0,0.0,1.0,2.1218832675822648,2.176730007939803,2.104743661220534,2.142450795216342,4948202.666666667
2003-08-25,12.56,12.65,12.49,12.58,570975.0,0.0,1.0,2.15273455903338,2.1681602047589377,2.1407368345801685,2.1561624803057264,3045200.0
2003-08-26,12.44,12.7,12.29,12.62,526838.0,0.0,1.0,2.132167031399303,2.176730007939803,2.106457621856707,2.1630183228504185,2809802.6666666665
2003-08-27,12.65,12.73,12.55,12.69,356775.0,0.0,1.0,2.1681602047589377,2.1818718898483223,2.1510205983972073,2.1750160473036297,1902800.0
2003-08-28,12.72,12.75,12.53,12.65,622050.0,0.0,1.0,2.1801579292121493,2.1852998111206685,2.1475926771248606,2.1681602047589377,3317600.0
2003-08-29,12.65,13.06,12.65,12.91,526050.0,0.0,1.0,2.1681602047589377,2.238432590842034,2.1681602047589377,2.2127231812994377,2805600.0
2003-09-02,12.93,13.33,12.83,13.25,922425.0,0.0,1.0,2.216151102571784,2.284709528018707,2.199011496210053,2.2709978429293223,4919600.0
2003-09-03,13.5,14.14,13.31,13.5,2589788.0,0.0,1.0,2.313846858833649,2.4235403395487256,2.2812816067463606,2.313846858833649,13812202.666666666
2003-09-04,13.46,13.51,13.03,13.26,846450.0,0.0,1.0,2.306991016288957,2.315560819469822,2.2332907089335143,2.272711803565495,4514400.0
2003-09-05,13.22,13.53,13.02,13.08,640050.0,0.0,1.0,2.265855961020803,2.318988740742168,2.2315767482973414,2.2418605121143798,3413600.0
2003-09-08,13.19,13.8,13.18,13.63,1851038.0,0.0,1.0,2.2607140791122835,2.3652656779188415,2.2590001184761106,2.336128347103899,9872202.666666666
2003-09-09,13.9,14.37,13.66,13.92,2835975.0,0.0,1.0,2.382405284280572,2.462961434180706,2.341270229012418,2.385833205552918,15125200.0
2003-09-10,13.88,13.99,13.42,13.43,955800.0,0.0,1.0,2.378977363008226,2.39783093000613,2.3001351737442643,2.3018491343804373,5097600.0
2003-09-11,13.49,13.53,13.1,13.3,1438050.0,0.0,1.0,2.312132898197476,2.318988740742168,2.245288433386726,2.2795676461101877,7669600.0
2003-09-12,12.4,12.77,12.25,12.53,2698050.0,0.0,1.0,2.125311188854611,2.1887277323930148,2.0996017793120147,2.1475926771248606,14389600.0
2003-09-15,12.35,12.67,12.35,12.64,1344000.0,0.0,1.0,2.1167413856737456,2.171588126031284,2.1167413856737456,2.1664462441227648,7168000.0
2003-09-16,12.69,12.83,12.5,12.65,1798575.0,0.0,1.0,2.1750160473036297,2.199011496210053,2.142450795216342,2.1681602047589377,9592400.0
2003-09-17,12.86,12.92,12.65,12.8,1628775.0,0.0,1.0,2.2041533781185723,2.2144371419356106,2.1681602047589377,2.193869614301534,8686800.0
2003-09-18,12.85,12.87,12.28,12.5,1116825.0,0.0,1.0,2.2024394174823994,2.205867338754745,2.104743661220534,2.142450795216342,5956400.0
2003-09-19,12.49,12.62,11.98,12.09,2143800.0,0.0,1.0,2.1407368345801685,2.1630183228504185,2.053324842135342,2.0721784091332456,11433600.0
2003-09-22,11.95,12.02,11.71,11.9,1263375.0,0.0,1.0,2.0481829602268227,2.060180684680034,2.007047904958669,2.0396131570459572,6738000.0
2003-09-23,12.1,12.25,11.72,12.0,1655775.0,0.0,1.0,2.0738923697694185,2.0996017793120147,2.008761865594842,2.056752763407688,8830800.0
2003-09-24,12.13,12.51,12.04,12.08,1803000.0,0.0,1.0,2.079034251677938,2.1441647558525148,2.06360860595238,2.0704644484970727,9616000.0
2003-09-25,12.21,12.22,11.45,11.46,2019225.0,0.0,1.0,2.0927459367673227,2.0944598974034956,1.962484928418169,1.9641988890543423,10769200.0
2003-09-26,11.44,11.74,11.44,11.46,1279425.0,0.0,1.0,1.9607709677819958,2.012189786867188,1.9607709677819958,1.9641988890543423,6823600.0
2003-09-29,11.51,11.98,11.51,11.93,1475175.0,0.0,1.0,1.9727686922352075,2.053324842135342,1.9727686922352075,2.0447550389544764,7867600.0
2003-09-30,11.92,12.12,11.73,11.97,1999575.0,0.0,1.0,2.0430410783183035,2.0773202910417647,2.010475826231015,2.051610881499169,10664400.0
2003-10-01,11.95,12.5,11.57,12.45,2611650.0,0.0,1.0,2.0481829602268227,2.142450795216342,1.9830524560522458,2.133880992035476,13928800.0
2003-10-02,12.44,12.51,12.24,12.49,2401800.0,0.0,1.0,2.132167031399303,2.1441647558525148,2.097887818675842,2.1407368345801685,12809600.0
2003-10-03,12.6,12.78,12.43,12.64,2512650.0,0.0,1.0,2.1595904015780722,2.1904416930291877,2.13045307076313,2.1664462441227648,13400800.0
2003-10-06,12.51,13.11,12.51,13.04,1456388.0,0.0,1.0,2.1441647558525148,2.247002394022899,2.1441647558525148,2.2350046695696872,7767402.666666667
2003-10-07,12.89,13.55,12.89,13.32,2339850.0,0.0,1.0,2.2092952600270914,2.3224166620145144,2.2092952600270914,2.2829955673825335,12479200.0
2003-10-08,13.36,13.4,12.94,13.08,1049625.0,0.0,1.0,2.289851409927226,2.296707252471918,2.217865063207957,2.2418605121143798,5598000.0
2003-10-09,13.36,13.39,13.08,13.2,1257975.0,0.0,1.0,2.289851409927226,2.294993291835745,2.2418605121143798,2.262428039748457,6709200.0
2003-10-10,13.04,13.36,13.04,13.3,513788.0,0.0,1.0,2.2350046695696872,2.289851409927226,2.2350046695696872,2.2795676461101877,2740202.6666666665
2003-10-13,13.33,13.61,13.21,13.58,1045650.0,0.0,1.0,2.284709528018707,2.3327004258315527,2.26414200038463,2.3275585439230335,5576800.0
2003-10-14,13.6,14.06,13.58,14.0,1450838.0,0.0,1.0,2.3309864651953798,2.409828654459341,2.3275585439230335,2.3995448906423027,7737802.666666667
2003-10-15,14.17,14.25,13.73,13.77,1051200.0,0.0,1.0,2.4286822214572448,2.4423939065466294,2.35326795346563,2.360123796010322,5606400.0
2003-10-16,13.76,14.08,13.7,13.95,717000.0,0.0,1.0,2.358409835374149,2.4132565757316873,2.34812607155711,2.3909750874614373,3824000.0
2003-10-17,13.97,14.09,13.6,13.62,631988.0,0.0,1.0,2.3944030087337835,2.41497053636786,2.3309864651953798,2.3344143864677256,3370602.6666666665
2003-10-20,13.69,13.86,13.54,13.7,623775.0,0.0,1.0,2.3464121109209373,2.3755494417358793,2.320702701378341,2.34812607155711,3326800.0
2003-10-21,13.58,14.2,13.45,14.06,1638225.0,0.0,1.0,2.3275585439230335,2.433824103365764,2.3052770556527835,2.409828654459341,8737200.0
2003-10-22,13.6,13.91,13.26,13.52,3375825.0,0.0,1.0,2.3309864651953798,2.384119244916745,2.272711803565495,2.317274780105995,18004400.0
2003-10-23,13.05,13.74,12.65,13.49,2937038.0,0.0,1.0,2.2367186302058606,2.3549819141018027,2.1681602047589377,2.312132898197476,15664202.666666666
2003-10-24,13.36,13.58,13.25,13.42,945788.0,0.0,1.0,2.289851409927226,2.3275585439230335,2.2709978429293223,2.3001351737442643,5044202.666666667
2003-10-27,13.5,13.92,13.38,13.38,1237838.0,0.0,1.0,2.313846858833649,2.385833205552918,2.2932793311995723,2.2932793311995723,6601802.666666667
2003-10-28,13.61,13.9,13.34,13.81,1559025.0,0.0,1.0,2.3327004258315527,2.382405284280572,2.2864234886548798,2.3669796385550144,8314800.0
2003-10-29,13.83,14.21,13.54,14.1,1317450.0,0.0,1.0,2.3704075598273606,2.4355380640019373,2.320702701378341,2.416684497004033,7026400.0
2003-10-30,14.12,15.02,14.08,14.82,2909775.0,0.0,1.0,2.4201124182763794,2.574368875531956,2.4132565757316873,2.540089662808495,15518800.0
2003-10-31,16.12,16.24,15.09,15.09,4182375.0,0.0,1.0,2.7629045455109944,2.7834720731450706,2.5863665999851677,2.5863665999851677,22306000.0
2003-11-03,14.75,15.34,14.7,15.32,2894175.0,0.0,1.0,2.528091938355283,2.6292156158894944,2.5195221351744177,2.6257876946171486,15435600.0
2003-11-04,15.25,15.5,15.0,15.32,1005000.0,0.0,1.0,2.613789970163937,2.6566389860682635,2.57094095425961,2.6257876946171486,5360000.0
2003-11-05,15.01,15.55,14.99,15.13,1269000.0,0.0,1.0,2.572654914895783,2.665208789249129,2.569226993623437,2.5932224425298602,6768000.0
2003-11-06,15.19,15.31,14.89,14.96,2688225.0,0.0,1.0,2.603506206346898,2.624073733980975,2.5520873872617065,2.5640851117149177,14337200.0
2003-11-07,15.24,15.97,14.8,15.57,3719850.0,0.0,1.0,2.612076009527764,2.737195135968398,2.5366617415361485,2.668636710521475,19839200.0
2003-11-10,15.32,15.66,15.09,15.55,1987988.0,0.0,1.0,2.6257876946171486,2.6840623562470327,2.5863665999851677,2.665208789249129,10602602.666666666
2003-11-11,15.27,15.7,15.27,15.61,1660388.0,0.0,1.0,2.6172178914362827,2.690918198791725,2.6172178914362827,2.6754925530661673,8855402.666666666
2003-11-12,15.66,16.59,15.62,16.53,2180588.0,0.0,1.0,2.6840623562470327,2.8434606954111286,2.67720651370234,2.8331769315940902,11629802.666666666
2003-11-13,16.25,16.44,15.8,16.1,1164375.0,0.0,1.0,2.785186033781244,2.8177512858685327,2.708057805153456,2.759476624238648,6210000.0
2003-11-14,16.01,16.39,15.55,15.59,944025.0,0.0,1.0,2.7440509785130907,2.8091814826876673,2.665208789249129,2.6720646317938215,5034800.0
2003-11-17,15.46,15.5,15.07,15.31,845438.0,0.0,1.0,2.6497831435235715,2.6566389860682635,2.5829386787128215,2.624073733980975,4509002.666666667
2003-11-18,15.19,15.25,14.51,14.56,2402850.0,0.0,1.0,2.603506206346898,2.613789970163937,2.4869568830871294,2.495526686267995,12815200.0
2003-11-19,14.38,15.0,14.35,14.86,1692600.0,0.0,1.0,2.4646753948168794,2.57094095425961,2.45953351290836,2.546945505353187,9027200.0
2003-11-20,14.65,15.82,14.61,15.17,1943438.0,0.0,1.0,2.5109523319935523,2.711485726425802,2.50409648944886,2.6000782850745523,10365002.666666666
2003-11-21,15.24,15.4,15.12,15.25,901575.0,0.0,1.0,2.612076009527764,2.639499379706533,2.591508481893687,2.613789970163937,4808400.0
2003-11-24,15.31,15.55,15.11,15.44,1461975.0,0.0,1.0,2.624073733980975,2.665208789249129,2.5897945212575135,2.646355222251225,7797200.0
2003-11-25,15.43,15.69,15.2,15.31,1099200.0,0.0,1.0,2.644641261615052,2.689204238155552,2.6052201669830715,2.624073733980975,5862400.0
2003-11-26,15.47,15.6,15.24,15.3,542250.0,0.0,1.0,2.6514971041597444,2.6737785924299944,2.612076009527764,2.6223597733448023,2892000.0
2003-11-28,15.32,15.39,15.23,15.37,370575.0,0.0,1.0,2.6257876946171486,2.63778541907036,2.6103620488915906,2.6343574977980135,1976400.0
2003-12-01,15.55,15.85,15.45,15.65,872625.0,0.0,1.0,2.665208789249129,2.716627608334321,2.648069182887398,2.68234839561086,4654000.0
2003-12-02,15.55,15.68,15.1,15.1,1152788.0,0.0,1.0,2.665208789249129,2.687490277519379,2.5880805606213406,2.5880805606213406,6148202.666666667
2003-12-03,15.2,15.35,14.9,14.96,2478638.0,0.0,1.0,2.6052201669830715,2.6309295765256673,2.5538013478978794,2.5640851117149177,13219402.666666666
2003-12-04,15.25,15.74,14.95,15.67,1716375.0,0.0,1.0,2.613789970163937,2.6977740413364173,2.5623711510787444,2.685776316883206,9154000.0
2003-12-05,15.7,15.74,15.25,15.61,866625.0,0.0,1.0,2.690918198791725,2.6977740413364173,2.613789970163937,2.6754925530661673,4622000.0
2003-12-08,15.54,15.76,15.3,15.5,938625.0,0.0,1.0,2.6634948286129556,2.7012019626087636,2.6223597733448023,2.6566389860682635,5006000.0
2003-12-09,15.59,15.65,14.64,14.67,1532775.0,0.0,1.0,2.6720646317938215,2.68234839561086,2.5092383713573794,2.5143802532658985,8174800.0
2003-12-10,14.75,15.39,14.6,14.94,1259850.0,0.0,1.0,2.528091938355283,2.63778541907036,2.502382528812687,2.5606571904425715,6719200.0
2003-12-11,14.91,15.14,14.84,15.13,1438238.0,0.0,1.0,2.5555153085340523,2.594936403166033,2.5435175840808406,2.5932224425298602,7670602.666666667
2003-12-12,15.15,15.7,15.15,15.7,1314225.0,0.0,1.0,2.596650363802206,2.690918198791725,2.596650363802206,2.690918198791725,7009200.0
2003-12-15,15.89,16.03,14.92,15.04,1804650.0,0.0,1.0,2.7234834508790136,2.747478899785437,2.557229269170225,2.5777967968043023,9624800.0
2003-12-16,15.6,17.0,15.53,16.48,4330988.0,0.0,1.0,2.6737785924299944,2.913733081494225,2.6617808679767827,2.824607128413225,23098602.666666668
2003-12-17,16.43,16.58,16.03,16.41,1619400.0,0.0,1.0,2.8160373252323594,2.841746734774955,2.747478899785437,2.812609403960013,8636800.0
2003-12-18,17.84,19.0,17.59,19.0,12018825.0,0.0,1.0,3.0577057749327627,3.2565252087288394,3.014856759028436,3.2565252087288394,64100400.0
2003-12-19,18.84,18.95,17.5,18.44,5723250.0,0.0,1.0,3.2291018385500703,3.247955405547974,2.999431113302878,3.1605434131031473,30524000.0
2003-12-22,18.42,18.45,17.87,18.3,3022800.0,0.0,1.0,3.1571154918308015,3.1622573737393203,3.0628476568412824,3.1365479641967244,16121600.0
2003-12-23,18.26,18.66,18.14,18.65,1473375.0,0.0,1.0,3.129692121652032,3.198250547098955,3.1091245940179553,3.1965365864627815,7858000.0
2003-12-24,18.53,18.95,18.47,18.72,397838.0,0.0,1.0,3.175969058828705,3.247955405547974,3.165685295011666,3.208534310915993,2121802.6666666665
2003-12-26,18.64,18.88,18.5,18.65,546600.0,0.0,1.0,3.1948226258266086,3.2359576810947623,3.1708271769201857,3.1965365864627815,2915200.0
2003-12-29,18.61,18.97,18.53,18.75,1475625.0,0.0,1.0,3.1896807439180894,3.25138332682032,3.175969058828705,3.2136761928245123,7870000.0
2003-12-30,18.8,19.1,18.35,18.43,1322025.0,0.0,1.0,3.2222459960053778,3.2736648150905703,3.14511776737759,3.158829452466974,7050800.0
2003-12-31,18.55,18.86,18.2,18.21,746588.0,0.0,1.0,3.179396980101051,3.232529759822416,3.119408357834993,3.1211223184711665,3981802.6666666665
2004-01-02,18.31,19.09,18.31,18.79,1066650.0,0.0,1.0,3.138261924832897,3.271950854454397,3.138261924832897,3.2205320353692044,5688800.0
2004-01-05,18.8,19.01,18.6,18.68,1256625.0,0.0,1.0,3.2222459960053778,3.258239169365013,3.1879667832819165,3.201678468371301,6702000.0
2004-01-06,18.66,19.08,18.16,18.77,3277200.0,0.0,1.0,3.198250547098955,3.2702368938182236,3.112552515290301,3.2171041140968586,17478400.0
2004-01-07,18.98,19.3,18.12,18.4,2317575.0,0.0,1.0,3.253097287456493,3.3079440278140315,3.105696672745609,3.153687570558455,12360400.0
2004-01-08,18.62,18.82,18.04,18.48,1210575.0,0.0,1.0,3.1913947045542628,3.225673917277724,3.091984987656224,3.1673992556478394,6456400.0
2004-01-09,18.39,18.88,18.04,18.3,966000.0,0.0,1.0,3.151973609922282,3.2359576810947623,3.091984987656224,3.1365479641967244,5152000.0
2004-01-12,18.27,18.3,17.9,18.04,2097638.0,0.0,1.0,3.131406082288205,3.1365479641967244,3.067989538749801,3.091984987656224,11187402.666666666
2004-01-13,18.06,18.07,17.07,17.39,2577188.0,0.0,1.0,3.0954129089285702,3.0971268695647436,2.925730805947436,2.9805775463049744,13745002.666666666
2004-01-14,18.6,19.24,18.14,18.83,4431825.0,0.0,1.0,3.1879667832819165,3.2976602639969927,3.1091245940179553,3.227387877913897,23636400.0
2004-01-15,18.75,19.07,18.27,18.42,1958588.0,0.0,1.0,3.2136761928245123,3.2685229331820507,3.131406082288205,3.1571154918308015,10445802.666666666
2004-01-16,18.72,18.98,18.5,18.59,875438.0,0.0,1.0,3.208534310915993,3.253097287456493,3.1708271769201857,3.186252822645743,4669002.666666667
2004-01-20,18.64,19.18,18.6,18.65,1674038.0,0.0,1.0,3.1948226258266086,3.2873765001799544,3.1879667832819165,3.1965365864627815,8928202.666666666
2004-01-21,18.79,18.96,18.35,18.67,1005788.0,0.0,1.0,3.2205320353692044,3.2496693661841474,3.14511776737759,3.199964507735128,5364202.666666667
2004-01-22,18.65,19.01,18.4,18.69,1354988.0,0.0,1.0,3.1965365864627815,3.258239169365013,3.153687570558455,3.2033924290074745,7226602.666666667
2004-01-23,18.76,19.02,18.4,18.64,893775.0,0.0,1.0,3.2153901534606857,3.2599531300011853,3.153687570558455,3.1948226258266086,4766800.0
2004-01-26,18.65,18.65,17.93,18.31,1380375.0,0.0,1.0,3.1965365864627815,3.1965365864627815,3.0731314206583202,3.138261924832897,7362000.0
2004-01-27,18.26,18.5,17.76,17.96,1246988.0,0.0,1.0,3.129692121652032,3.1708271769201857,3.0439940898433786,3.07827330256684,6650602.666666667
2004-01-28,17.99,18.55,17.6,18.0,3461625.0,0.0,1.0,3.0834151844753586,3.179396980101051,3.0165707196646094,3.085129145111532,18462000.0
2004-01-29,19.25,19.35,17.96,18.49,6132188.0,0.0,1.0,3.299374224633166,3.316513830994897,3.07827330256684,3.1691132162840123,32705002.666666668
2004-01-30,18.75,19.1,18.52,18.9,2063775.0,0.0,1.0,3.2136761928245123,3.2736648150905703,3.1742550981925315,3.239385602367108,11006800.0
2004-02-02,18.79,19.05,18.56,18.96,2238038.0,0.0,1.0,3.2205320353692044,3.265095011909705,3.181110940737224,3.2496693661841474,11936202.666666666
2004-02-03,18.8,19.09,18.75,18.92,2245238.0,0.0,1.0,3.2222459960053778,3.271950854454397,3.2136761928245123,3.242813523639455,11974602.666666666
2004-02-04,18.95,18.96,18.24,18.34,1105200.0,0.0,1.0,3.247955405547974,3.2496693661841474,3.1262642003796857,3.1434038067414165,5894400.0
2004-02-05,18.37,18.93,18.2,18.76,1331400.0,0.0,1.0,3.1485456886499357,3.2445274842756278,3.119408357834993,3.2153901534606857,7100800.0
2004-02-06,18.99,19.76,18.89,19.64,3117375.0,0.0,1.0,3.254811248092666,3.386786217077993,3.2376716417309357,3.366218689443916,16626000.0
2004-02-09,19.71,19.97,19.36,19.82,1862625.0,0.0,1.0,3.378216413897128,3.4227793904376274,3.31822779163107,3.3970699808950315,9934000.0
2004-02-10,19.45,20.17,19.42,20.0,5814825.0,0.0,1.0,3.3336534373566273,3.457058603161089,3.3285115554481086,3.4279212723461465,31012400.0
2004-02-11,20.12,20.62,20.03,20.51,2039400.0,0.0,1.0,3.4484887999802236,3.5341868317888774,3.433063154254666,3.5153332647909736,10876800.0
2004-02-12,20.52,20.6,20.01,20.14,1197000.0,0.0,1.0,3.5170472254271465,3.530758910516531,3.42963523298232,3.45191672125257,6384000.0
2004-02-13,20.63,20.85,20.01,20.42,1891050.0,0.0,1.0,3.5359007924250503,3.5736079264208582,3.42963523298232,3.499907619065416,10085600.0
2004-02-17,20.95,21.12,20.57,20.98,2155575.0,0.0,1.0,3.5907475327825886,3.619884863597531,3.525617028608012,3.595889414691108,11496400.0
2004-02-18,21.2,21.62,21.02,21.24,2443988.0,0.0,1.0,3.6335965486869153,3.7055828954061845,3.6027452572358,3.6404523912316074,13034602.666666666
2004-02-19,21.45,21.75,20.96,20.97,2530425.0,0.0,1.0,3.676445564591242,3.7278643836764345,3.592461493418762,3.5941754540549344,13495600.0
2004-02-20,21.07,21.16,20.75,20.88,1479788.0,0.0,1.0,3.6113150604166657,3.626740706142223,3.556468320059127,3.578749808329377,7892202.666666667
2004-02-23,20.81,21.09,20.05,20.15,2081588.0,0.0,1.0,3.5667520838761653,3.6147429816890115,3.436491075527012,3.4536306818887423,11101802.666666666
2004-02-24,20.05,20.85,20.05,20.46,1678838.0,0.0,1.0,3.436491075527012,3.5736079264208582,3.436491075527012,3.506763461610108,8953802.666666666
2004-02-25,20.64,21.0,20.53,20.8,1031775.0,0.0,1.0,3.5376147530612236,3.599317335963454,3.51876118606332,3.565038123239993,5502800.0
2004-02-26,20.8,21.05,20.6,20.89,1466588.0,0.0,1.0,3.565038123239993,3.6078871391443195,3.530758910516531,3.5804637689655503,7821802.666666667
2004-02-27,20.88,21.02,20.63,21.01,1660800.0,0.0,1.0,3.578749808329377,3.6027452572358,3.5359007924250503,3.6010312965996274,8857600.0
2004-03-01,21.05,21.2,20.71,21.18,1666425.0,0.0,1.0,3.6078871391443195,3.6335965486869153,3.549612477514435,3.630168627414569,8887600.0
2004-03-02,21.07,21.5,20.86,21.07,975188.0,0.0,1.0,3.6113150604166657,3.685015367772108,3.5753218870570307,3.6113150604166657,5201002.666666667
2004-03-03,21.03,21.55,20.87,21.5,1216800.0,0.0,1.0,3.604459217871973,3.6935851709529732,3.577035847693204,3.685015367772108,6489600.0
2004-03-04,21.37,21.65,21.1,21.4,1401975.0,0.0,1.0,3.662733879501858,3.7107247773147036,3.616456942325185,3.6678757614103765,7477200.0
2004-03-05,21.25,21.61,20.98,21.43,817050.0,0.0,1.0,3.6421663518677807,3.7038689347700116,3.595889414691108,3.673017643318896,4357600.0
2004-03-08,21.29,21.64,20.0,20.91,792788.0,0.0,1.0,3.6490221944124728,3.7090108166785307,3.4279212723461465,3.583891690237896,4228202.666666667
2004-03-09,21.22,21.28,20.49,21.03,1021575.0,0.0,1.0,3.6370244699592615,3.6473082337763003,3.511905343518627,3.604459217871973,5448400.0
2004-03-10,21.06,21.3,20.74,20.77,958800.0,0.0,1.0,3.6096010997804924,3.650736155048646,3.5547543594229536,3.559896241331473,5113600.0
2004-03-11,20.6,20.68,19.83,20.01,2454000.0,0.0,1.0,3.530758910516531,3.5444705956059157,3.398783941531204,3.42963523298232,13088000.0
2004-03-12,20.18,20.63,20.0,20.4,1272975.0,0.0,1.0,3.458772563797262,3.5359007924250503,3.4279212723461465,3.4964796977930694,6789200.0
2004-03-15,20.28,20.49,19.91,20.12,1095825.0,0.0,1.0,3.475912170158993,3.511905343518627,3.412495626620589,3.4484887999802236,5844400.0
2004-03-16,13.8,14.04,13.19,13.42,1148475.0,0.0,1.5,3.547898516878262,3.6096010997804924,3.3910711186684255,3.450202760616397,4083466.6666666665
2004-03-17,13.59,14.1,13.47,14.01,1600313.0,0.0,1.0,3.49390875683881,3.6250267455060503,3.463057465387695,3.601888276917714,5690001.777777778
2004-03-18,13.72,14.01,13.51,13.75,1466663.0,0.0,1.0,3.5273309892441853,3.601888276917714,3.4733412292047334,3.535043812106964,5214801.777777778
2004-03-19,13.98,14.21,13.61,14.09,1851356.0,0.0,1.0,3.594175454054935,3.6533070960029064,3.4990506387473292,3.6224558045517905,6582599.111111111
2004-03-22,14.17,14.17,13.38,13.7,1319681.0,0.0,1.0,3.6430233321858676,3.6430233321858676,3.4399189967993586,3.5221891073356657,4692199.111111111
2004-03-23,13.77,14.12,13.7,13.82,1293975.0,0.0,1.0,3.540185694015483,3.6301686274145695,3.5221891073356657,3.553040398786781,4600800.0
2004-03-24,13.84,13.93,13.47,13.62,1769456.0,0.0,1.0,3.5581822806953003,3.5813207492836368,3.463057465387695,3.5016215797015886,6291399.111111111
2004-03-25,14.45,15.5,13.9,15.14,7006163.0,0.0,1.0,3.7150096789051363,3.9849584791023958,3.5736079264208582,3.89240460474905,24910801.777777776
2004-03-26,15.14,15.6,14.99,15.3,3468150.0,0.0,1.0,3.89240460474905,4.010667888644992,3.8538404904351555,3.9335396600172037,12331200.0
2004-03-29,15.43,15.75,15.25,15.57,2237175.0,0.0,1.0,3.9669618924225785,4.0492320029588855,3.9206849552459055,4.002955065782213,7954400.0
2004-03-30,15.38,16.0,15.14,15.75,2183513.0,0.0,1.0,3.9541071876512803,4.113505526815376,3.89240460474905,4.0492320029588855,7763601.777777778
2004-03-31,16.01,16.17,15.49,15.82,2736563.0,0.0,1.0,4.116076467769636,4.15721152303779,3.982387538148136,4.067228589638703,9730001.777777778
2004-04-01,15.7,16.06,15.6,16.02,2341238.0,0.0,1.0,4.036377298187587,4.128931172540933,4.010667888644992,4.118647408723895,8324401.777777778
2004-04-02,16.17,16.69,16.07,16.34,2387756.0,0.0,1.0,4.15721152303779,4.290900452659289,4.131502113495194,4.200917519260203,8489799.111111112
2004-04-05,16.42,16.74,16.27,16.5,1832963.0,0.0,1.0,4.22148504689428,4.303755157430587,4.1829209325803856,4.242052574528357,6517201.777777778
2004-04-06,16.5,16.8,16.18,16.77,2836800.0,0.0,1.0,4.242052574528357,4.319180803156145,4.159782463992049,4.311467980293366,10086400.0
2004-04-07,16.89,17.09,16.31,16.56,2413463.0,0.0,1.0,4.342319271744482,4.3937380908296735,4.193204696397424,4.257478220253914,8581201.777777778
2004-04-08,16.89,17.0,16.58,16.65,1395056.0,0.0,1.0,4.342319271744482,4.370599622241337,4.262620102162433,4.28061668884225,4960199.111111111
2004-04-12,16.94,16.95,16.66,16.79,1464750.0,0.0,1.0,4.35517397651578,4.357744917470039,4.283187629796511,4.316609862201886,5208000.0
2004-04-13,16.9,16.95,15.97,16.1,1571063.0,0.0,1.0,4.344890212698741,4.357744917470039,4.105792703952598,4.139214936357972,5586001.777777778
2004-04-14,15.71,16.6,15.68,16.04,1567350.0,0.0,1.0,4.038948239141848,4.267761984070953,4.031235416279069,4.1237892906324145,5572800.0
2004-04-15,16.2,16.2,15.25,15.71,1473131.0,0.0,1.0,4.164924345900568,4.164924345900568,3.9206849552459055,4.038948239141848,5237799.111111111
2004-04-16,15.74,16.0,15.36,15.83,1279575.0,0.0,1.0,4.046661062004627,4.113505526815376,3.948965305742761,4.069799530592963,4549600.0
2004-04-19,15.85,16.1,15.62,16.02,820631.0,0.0,1.0,4.074941412501482,4.139214936357972,4.015809770553511,4.118647408723895,2917799.111111111
2004-04-20,16.18,16.25,15.54,15.64,1709438.0,0.0,1.0,4.159782463992049,4.177779050671867,3.995242242919434,4.02095165246203,6078001.777777778
2004-04-21,15.8,15.82,15.25,15.7,1951031.0,0.0,1.0,4.0620867077301845,4.067228589638703,3.9206849552459055,4.036377298187587,6936999.111111111
2004-04-22,15.78,16.18,15.58,16.04,1578263.0,0.0,1.0,4.056944825821665,4.159782463992049,4.005526006736472,4.1237892906324145,5611601.777777778
2004-04-23,16.41,16.44,15.69,16.04,1188338.0,0.0,1.0,4.21891410594002,4.2266269288027996,4.0338063572333285,4.1237892906324145,4225201.777777778
2004-04-26,16.05,16.1,15.35,15.6,1661456.0,0.0,1.0,4.126360231586674,4.139214936357972,3.9463943647885014,4.010667888644992,5907399.111111111
2004-04-27,15.53,15.71,15.07,15.65,2622375.0,0.0,1.0,3.9926713019651743,4.038948239141848,3.8744080180692326,4.02352259341629,9324000.0
2004-04-28,15.65,15.71,15.25,15.46,1201331.0,0.0,1.0,4.02352259341629,4.038948239141848,3.9206849552459055,3.9746747152853574,4271399.111111111
2004-04-29,15.4,15.47,13.75,14.33,6153975.0,0.0,1.0,3.9592490695597995,3.977245656239617,3.535043812106964,3.6841583874540214,21880800.0
2004-04-30,15.12,15.28,14.75,15.07,3910331.0,0.0,1.0,3.8872627228405303,3.928397778108684,3.792137907532925,3.8744080180692326,13903399.111111112
2004-05-03,15.15,15.51,14.95,15.22,1993838.0,0.0,1.0,3.8949755457033093,3.987529420056655,3.8435567266181168,3.9129721323831266,7089201.777777778
2004-05-04,15.21,15.73,15.21,15.49,1939050.0,0.0,1.0,3.910401191428867,4.044090121050367,3.910401191428867,3.982387538148136,6894400.0
2004-05-05,15.49,15.67,15.29,15.45,1555763.0,0.0,1.0,3.982387538148136,4.028664475324809,3.9309687190629434,3.9721037743310976,5531601.777777778
2004-05-06,15.45,15.94,14.99,15.68,4227300.0,0.0,1.0,3.9721037743310976,4.098079881089818,3.8538404904351555,4.031235416279069,15030400.0
2004-05-07,14.86,15.54,14.83,15.31,5950913.0,0.0,1.0,3.8204182580297803,3.995242242919434,3.8127054351670018,3.936110600971463,21158801.777777776
2004-05-10,15.31,15.64,15.0,15.44,3287081.0,0.0,1.0,3.936110600971463,4.02095165246203,3.8564114313894153,3.969532833376838,11687399.111111112
2004-05-11,15.65,15.7,14.41,14.95,4753013.0,0.0,1.0,4.02352259341629,4.036377298187587,3.704725915088098,3.8435567266181168,16899601.777777776
2004-05-12,14.8,14.89,14.1,14.67,3036150.0,0.0,1.0,3.8049926123042233,3.8281310808925597,3.6250267455060503,3.771570379898848,10795200.0
2004-05-13,14.74,15.0,14.54,14.8,2031581.0,0.0,1.0,3.7895669665786653,3.8564114313894153,3.738148147493473,3.8049926123042233,7223399.111111111
2004-05-14,14.75,14.78,14.24,14.36,1753763.0,0.0,1.0,3.792137907532925,3.7998507303957036,3.661019918865685,3.6918712103168,6235601.777777778
2004-05-17,14.08,14.69,13.8,14.45,2246963.0,0.0,1.0,3.619884863597531,3.776712261807367,3.547898516878262,3.7150096789051363,7989201.777777778
2004-05-18,14.61,14.8,14.16,14.25,2046431.0,0.0,1.0,3.75614473417329,3.8049926123042233,3.640452391231608,3.6635908598199443,7276199.111111111
2004-05-19,14.25,14.88,14.24,14.45,1846350.0,0.0,1.0,3.6635908598199443,3.8255601399383,3.661019918865685,3.7150096789051363,6564800.0
2004-05-20,14.42,15.0,14.4,14.76,1839038.0,0.0,1.0,3.707296856042358,3.8564114313894153,3.7021549741338386,3.7947088484871845,6538801.777777778
2004-05-21,14.91,15.0,14.7,14.88,1515881.0,0.0,1.0,3.833272962801079,3.8564114313894153,3.7792832027616265,3.8255601399383,5389799.111111111
2004-05-24,15.36,15.48,14.99,15.05,1642163.0,0.0,1.0,3.948965305742761,3.9798165971938766,3.8538404904351555,3.8692661361607135,5838801.777777778
2004-05-25,15.0,15.5,14.76,15.47,1705781.0,0.0,1.0,3.8564114313894153,3.9849584791023958,3.7947088484871845,3.977245656239617,6064999.111111111
2004-05-26,15.5,15.88,15.3,15.88,2092163.0,0.0,1.0,3.9849584791023958,4.082654235364261,3.9335396600172037,4.082654235364261,7438801.777777778
2004-05-27,16.04,16.07,15.61,15.89,1788750.0,0.0,1.0,4.1237892906324145,4.131502113495194,4.013238829599251,4.085225176318521,6360000.0
2004-05-28,15.9,15.95,15.66,15.82,990281.0,0.0,1.0,4.08779611727278,4.100650822044078,4.026093534370549,4.067228589638703,3520999.111111111
2004-06-01,15.86,16.06,15.6,15.89,1450631.0,0.0,1.0,4.077512353455742,4.128931172540933,4.010667888644992,4.085225176318521,5157799.111111111
2004-06-02,15.9,16.25,15.72,16.12,1878413.0,0.0,1.0,4.08779611727278,4.177779050671867,4.041519180096107,4.144356818266492,6678801.777777778
2004-06-03,16.2,16.2,15.74,15.74,1613700.0,0.0,1.0,4.164924345900568,4.164924345900568,4.046661062004627,4.046661062004627,5737600.0
2004-06-04,16.0,16.34,15.8,16.13,1886963.0,0.0,1.0,4.113505526815376,4.200917519260203,4.0620867077301845,4.146927759220751,6709201.777777778
2004-06-07,16.5,16.83,16.4,16.72,3107363.0,0.0,1.0,4.242052574528357,4.326893626018923,4.21634316498576,4.298613275522068,11048401.777777778
2004-06-08,16.7,16.97,16.5,16.73,2893556.0,0.0,1.0,4.293471393613549,4.3628867993785585,4.242052574528357,4.301184216476328,10288199.111111112
2004-06-09,16.73,16.79,16.25,16.33,1713150.0,0.0,1.0,4.301184216476328,4.316609862201886,4.177779050671867,4.198346578305943,6091200.0
2004-06-10,16.4,16.6,16.1,16.14,1667138.0,0.0,1.0,4.21634316498576,4.267761984070953,4.139214936357972,4.149498700175011,5927601.777777778
2004-06-14,16.06,16.13,15.63,15.69,1859963.0,0.0,1.0,4.128931172540933,4.146927759220751,4.0183807115077705,4.0338063572333285,6613201.777777778
2004-06-15,15.93,16.16,15.88,16.05,1686431.0,0.0,1.0,4.095508940135558,4.15464058208353,4.082654235364261,4.126360231586674,5996199.111111111
2004-06-16,16.27,16.27,15.8,15.95,1418513.0,0.0,1.0,4.1829209325803856,4.1829209325803856,4.0620867077301845,4.100650822044078,5043601.777777778
2004-06-17,16.0,16.0,15.77,15.78,1643175.0,0.0,1.0,4.113505526815376,4.113505526815376,4.054373884867405,4.056944825821665,5842400.0
2004-06-18,15.35,15.91,15.32,15.38,3385181.0,0.0,1.0,3.9463943647885014,4.09036705822704,3.938681541925723,3.9541071876512803,12036199.111111112
2004-06-21,15.39,15.7,14.98,15.05,2132438.0,0.0,1.0,3.95667812860554,4.036377298187587,3.851269549480896,3.8692661361607135,7582001.777777778
2004-06-22,14.15,15.07,14.0,14.89,4504050.0,0.0,1.0,3.6378814502773484,3.8744080180692326,3.599317335963454,3.8281310808925597,16014400.0
2004-06-23,14.55,15.05,14.55,14.94,3011850.0,0.0,1.0,3.740719088447733,3.8692661361607135,3.740719088447733,3.8409857856638574,10708800.0
2004-06-24,14.93,15.27,14.89,15.14,2415713.0,0.0,1.0,3.838414844709598,3.9258268371544247,3.8281310808925597,3.89240460474905,8589201.777777778
2004-06-25,14.99,16.46,14.97,15.41,5904056.0,0.0,1.0,3.8538404904351555,4.231768810711318,3.8486986085266364,3.9618200105140593,20992199.111111112
2004-06-28,15.59,16.0,15.57,15.76,2301075.0,0.0,1.0,4.008096947690732,4.113505526815376,4.002955065782213,4.051802943913145,8181600.0
2004-06-29,15.89,16.0,15.64,15.85,2230256.0,0.0,1.0,4.085225176318521,4.113505526815376,4.02095165246203,4.074941412501482,7929799.111111111
2004-06-30,15.87,15.94,15.52,15.9,1819913.0,0.0,1.0,4.080083294410001,4.098079881089818,3.990100361010915,4.08779611727278,6470801.777777778
2004-07-01,15.95,16.0,15.5,15.59,1813275.0,0.0,1.0,4.100650822044078,4.113505526815376,3.9849584791023958,4.008096947690732,6447200.0
2004-07-02,15.66,15.72,15.17,15.56,1649081.0,0.0,1.0,4.026093534370549,4.041519180096107,3.9001174276118284,4.000384124827954,5863399.111111111
2004-07-06,15.45,15.55,14.95,15.13,2391075.0,0.0,1.0,3.9721037743310976,3.997813183873694,3.8435567266181168,3.88983366379479,8501600.0
2004-07-07,15.25,15.47,15.12,15.2,1615500.0,0.0,1.0,3.9206849552459055,3.977245656239617,3.8872627228405303,3.907830250474607,5744000.0
2004-07-08,15.11,15.12,14.6,14.69,1751963.0,0.0,1.0,3.8846917818862705,3.8872627228405303,3.7535737932190307,3.776712261807367,6229201.777777778
2004-07-09,14.67,14.99,14.65,14.86,1900913.0,0.0,1.0,3.771570379898848,3.8538404904351555,3.766428497990329,3.8204182580297803,6758801.777777778
2004-07-12,14.83,15.2,14.57,15.1,1652456.0,0.0,1.0,3.8127054351670018,3.907830250474607,3.745860970356252,3.882120840932011,5875399.111111111
2004-07-13,15.06,15.2,15.0,15.05,1342575.0,0.0,1.0,3.871837077114973,3.907830250474607,3.8564114313894153,3.8692661361607135,4773600.0
2004-07-14,14.96,15.74,14.9,15.56,2964713.0,0.0,1.0,3.846127667572377,4.046661062004627,3.830702021846819,4.000384124827954,10541201.777777778
2004-07-15,15.67,16.01,15.58,15.83,2255400.0,0.0,1.0,4.028664475324809,4.116076467769636,4.005526006736472,4.069799530592963,8019200.0
2004-07-16,15.8,16.05,15.62,15.69,2068931.0,0.0,1.0,4.0620867077301845,4.126360231586674,4.015809770553511,4.0338063572333285,7356199.111111111
2004-07-19,15.8,15.88,15.26,15.47,1310231.0,0.0,1.0,4.0620867077301845,4.082654235364261,3.923255896200165,3.977245656239617,4658599.111111111
2004-07-20,15.4,15.85,15.2,15.8,2107350.0,0.0,1.0,3.9592490695597995,4.074941412501482,3.907830250474607,4.0620867077301845,7492800.0
2004-07-21,16.1,16.4,14.9,14.91,4933350.0,0.0,1.0,4.139214936357972,4.21634316498576,3.830702021846819,3.833272962801079,17540800.0
2004-07-22,14.47,15.2,14.29,14.96,5361581.0,0.0,1.0,3.720151560813656,3.907830250474607,3.6738746236369826,3.846127667572377,19063399.111111112
2004-07-23,14.94,14.94,13.91,14.03,3176156.0,0.0,1.0,3.8409857856638574,3.8409857856638574,3.5761788673751176,3.607030158826233,11292999.111111112
2004-07-26,14.06,14.39,13.75,13.83,1763100.0,0.0,1.0,3.614742981689012,3.6995840331795793,3.535043812106964,3.555611339741041,6268800.0
2004-07-27,13.8,14.43,13.8,14.32,2208375.0,0.0,1.0,3.547898516878262,3.709867796996617,3.547898516878262,3.6815874464997616,7852000.0
2004-07-28,14.29,14.51,14.01,14.35,1441575.0,0.0,1.0,3.6738746236369826,3.7304353246306943,3.601888276917714,3.6893002693625405,5125600.0
2004-07-29,14.4,14.54,14.26,14.47,1284638.0,0.0,1.0,3.7021549741338386,3.738148147493473,3.666161800774204,3.720151560813656,4567601.777777778
2004-07-30,14.4,14.87,14.1,14.65,1440000.0,0.0,1.0,3.7021549741338386,3.82298919898404,3.6250267455060503,3.766428497990329,5120000.0
2004-08-02,14.45,14.76,14.28,14.75,1524600.0,0.0,1.0,3.7150096789051363,3.7947088484871845,3.6713036826827232,3.792137907532925,5420800.0
2004-08-03,14.78,14.78,14.48,14.52,1540800.0,0.0,1.0,3.7998507303957036,3.7998507303957036,3.7227225017679157,3.7330062655849536,5478400.0
2004-08-04,14.45,14.65,14.26,14.35,1532475.0,0.0,1.0,3.7150096789051363,3.766428497990329,3.666161800774204,3.6893002693625405,5448800.0
2004-08-05,14.46,14.65,14.27,14.38,2067975.0,0.0,1.0,3.7175806198593966,3.766428497990329,3.6687327417284634,3.6970130922253195,7352800.0
2004-08-06,14.4,14.44,13.93,13.98,1589175.0,0.0,1.0,3.7021549741338386,3.712438737950877,3.5813207492836368,3.594175454054935,5650400.0
2004-08-09,14.04,14.23,13.82,13.89,1253700.0,0.0,1.0,3.6096010997804924,3.658448977911425,3.553040398786781,3.5710369854665984,4457600.0
2004-08-10,13.89,13.91,13.12,13.39,4898081.0,0.0,1.0,3.5710369854665984,3.5761788673751176,3.373074531988608,3.442489937753618,17415399.111111112
2004-08-11,13.22,13.23,12.16,12.79,4672181.0,0.0,1.0,3.398783941531205,3.4013548824854642,3.126264200379686,3.2882334804980413,16612199.111111112
2004-08-12,13.15,13.42,12.75,12.75,3195731.0,0.0,1.0,3.3807873548513876,3.450202760616397,3.277949716681003,3.277949716681003,11362599.111111112
2004-08-13,12.85,13.22,12.82,13.12,1887413.0,0.0,1.0,3.303659126223599,3.398783941531205,3.2959463033608203,3.373074531988608,6710801.777777778
2004-08-16,13.18,13.51,13.13,13.38,1993613.0,0.0,1.0,3.388500177714166,3.4733412292047334,3.3756454729428684,3.4399189967993586,7088401.777777778
2004-08-17,13.5,13.87,13.47,13.75,2463075.0,0.0,1.0,3.4707702882504736,3.565895103558079,3.463057465387695,3.535043812106964,8757600.0
2004-08-18,13.37,14.06,13.3,14.01,2418413.0,0.0,1.0,3.4373480558450984,3.614742981689012,3.4193514691652815,3.601888276917714,8598801.777777778
2004-08-19,13.98,14.06,13.84,13.94,813938.0,0.0,1.0,3.594175454054935,3.614742981689012,3.5581822806953003,3.5838916902378966,2894001.777777778
2004-08-20,13.94,14.36,13.86,14.22,1190081.0,0.0,1.0,3.5838916902378966,3.6918712103168,3.5633241626038195,3.6558780369571657,4231399.111111111
2004-08-23,14.28,14.34,13.94,13.95,1456931.0,0.0,1.0,3.6713036826827232,3.6867293284082807,3.5838916902378966,3.586462631192156,5180199.111111111
2004-08-24,14.13,14.13,13.72,13.84,1222931.0,0.0,1.0,3.6327395683688293,3.6327395683688293,3.5273309892441853,3.5581822806953003,4348199.111111111
2004-08-25,13.81,14.45,13.76,14.4,1663650.0,0.0,1.0,3.5504694578325218,3.7150096789051363,3.5376147530612236,3.7021549741338386,5915200.0
2004-08-26,14.32,14.57,14.25,14.5,1743581.0,0.0,1.0,3.6815874464997616,3.745860970356252,3.6635908598199443,3.7278643836764345,6199399.111111111
2004-08-27,14.57,14.62,14.44,14.51,936056.0,0.0,1.0,3.745860970356252,3.75871567512755,3.712438737950877,3.7304353246306943,3328199.111111111
2004-08-30,14.46,14.49,14.28,14.32,922950.0,0.0,1.0,3.7175806198593966,3.725293442722175,3.6713036826827232,3.6815874464997616,3281600.0
2004-08-31,14.26,14.45,14.17,14.39,1431563.0,0.0,1.0,3.666161800774204,3.7150096789051363,3.6430233321858676,3.6995840331795793,5090001.777777778
2004-09-01,14.4,14.4,13.79,13.91,1624500.0,0.0,1.0,3.7021549741338386,3.7021549741338386,3.545327575924002,3.5761788673751176,5776000.0
2004-09-02,13.72,13.96,13.72,13.89,1335656.0,0.0,1.0,3.5273309892441853,3.5890335721464157,3.5273309892441853,3.5710369854665984,4748999.111111111
2004-09-03,13.9,13.94,13.49,13.64,977963.0,0.0,1.0,3.5736079264208582,3.5838916902378966,3.4681993472962143,3.506763461610108,3477201.777777778
2004-09-07,13.77,13.83,12.94,13.1,4942463.0,0.0,1.0,3.540185694015483,3.555611339741041,3.3267975948119353,3.367932650080089,17573201.777777776
2004-09-08,13.1,13.23,12.88,12.94,2007113.0,0.0,1.0,3.367932650080089,3.4013548824854642,3.311371949086378,3.3267975948119353,7136401.777777778
2004-09-09,13.0,13.17,12.7,13.1,2867175.0,0.0,1.0,3.342223240537493,3.3859292367599063,3.265095011909705,3.367932650080089,10194400.0
2004-09-10,13.23,14.07,13.19,14.07,3067481.0,0.0,1.0,3.4013548824854642,3.6173139226432713,3.3910711186684255,3.6173139226432713,10906599.111111112
2004-09-13,14.09,14.2,13.9,13.94,2650950.0,0.0,1.0,3.6224558045517905,3.650736155048646,3.5736079264208582,3.5838916902378966,9425600.0
2004-09-14,13.9,13.9,13.23,13.45,3816563.0,0.0,1.0,3.5736079264208582,3.5736079264208582,3.4013548824854642,3.4579155834791755,13570001.777777778
2004-09-15,13.5,13.59,13.33,13.41,1401413.0,0.0,1.0,3.4707702882504736,3.49390875683881,3.4270642920280605,3.447631819662137,4982801.777777778
2004-09-16,13.49,13.52,13.26,13.45,1788131.0,0.0,1.0,3.4681993472962143,3.475912170158993,3.4090677053482428,3.4579155834791755,6357799.111111111
2004-09-17,13.42,13.6,13.19,13.27,1685700.0,0.0,1.0,3.450202760616397,3.4964796977930694,3.3910711186684255,3.4116386463025026,5993600.0
2004-09-20,13.26,13.67,13.12,13.55,1826156.0,0.0,1.0,3.4090677053482428,3.514476284472887,3.373074531988608,3.4836249930217718,6492999.111111111
2004-09-21,13.57,13.76,13.4,13.62,1510200.0,0.0,1.0,3.488766874930291,3.5376147530612236,3.445060878707878,3.5016215797015886,5369600.0
2004-09-22,13.66,13.69,13.1,13.15,2019038.0,0.0,1.0,3.5119053435186274,3.519618166381406,3.367932650080089,3.3807873548513876,7178801.777777778
2004-09-23,13.26,13.31,12.8,13.11,2302875.0,0.0,1.0,3.4090677053482428,3.4219224101195413,3.290804421452301,3.370503591034349,8188000.0
2004-09-24,13.12,13.38,13.05,13.35,1964813.0,0.0,1.0,3.373074531988608,3.4399189967993586,3.3550779453087913,3.4322061739365792,6986001.777777778
2004-09-27,13.2,13.32,12.99,13.19,1451363.0,0.0,1.0,3.3936420596226853,3.4244933510738007,3.3396522995832334,3.3910711186684255,5160401.777777778
2004-09-28,13.2,13.5,13.11,13.43,1504575.0,0.0,1.0,3.3936420596226853,3.4707702882504736,3.370503591034349,3.4527737015706563,5349600.0
2004-09-29,13.49,13.59,13.33,13.49,931613.0,0.0,1.0,3.4681993472962143,3.49390875683881,3.4270642920280605,3.4681993472962143,3312401.777777778
2004-09-30,13.56,13.92,13.47,13.87,2038331.0,0.0,1.0,3.4861959339760316,3.5787498083293774,3.463057465387695,3.565895103558079,7247399.111111111
2004-10-01,13.92,13.97,13.23,13.5,3564338.0,0.0,1.0,3.5787498083293774,3.5916045131006755,3.4013548824854642,3.4707702882504736,12673201.777777778
2004-10-04,13.45,13.5,13.05,13.14,2814356.0,0.0,1.0,3.4579155834791755,3.4707702882504736,3.3550779453087913,3.378216413897128,10006599.111111112
2004-10-05,13.2,13.35,12.96,13.06,2863631.0,0.0,1.0,3.3936420596226853,3.4322061739365792,3.331939476720455,3.357648886263051,10181799.111111112
2004-10-06,13.0,13.25,12.9,13.25,2318231.0,0.0,1.0,3.342223240537493,3.4064967643939834,3.316513830994897,3.4064967643939834,8242599.111111111
2004-10-07,13.25,13.26,12.99,13.08,1097156.0,0.0,1.0,3.4064967643939834,3.4090677053482428,3.3396522995832334,3.36279076817157,3900999.111111111
2004-10-08,13.08,13.18,12.75,12.85,1446863.0,0.0,1.0,3.36279076817157,3.388500177714166,3.277949716681003,3.303659126223599,5144401.777777778
2004-10-11,12.93,12.99,12.72,12.8,1477856.0,0.0,1.0,3.324226653857676,3.3396522995832334,3.270236893818224,3.290804421452301,5254599.111111111
2004-10-12,12.76,12.9,12.62,12.75,2495813.0,0.0,1.0,3.2805206576352623,3.316513830994897,3.2445274842756278,3.277949716681003,8874001.777777778
2004-10-13,12.83,12.95,12.7,12.7,1336838.0,0.0,1.0,3.2985172443150796,3.329368535766195,3.265095011909705,3.265095011909705,4753201.777777778
2004-10-14,12.77,12.87,12.66,12.78,985950.0,0.0,1.0,3.283091598589522,3.308801008132118,3.2548112480926665,3.2856625395437815,3505600.0
2004-10-15,12.82,12.95,12.48,12.65,2102513.0,0.0,1.0,3.2959463033608203,3.329368535766195,3.2085343109159936,3.2522403071384067,7475601.777777778
2004-10-18,12.66,12.95,12.5,12.84,2183738.0,0.0,1.0,3.2548112480926665,3.329368535766195,3.213676192824513,3.3010881852693394,7764401.777777778
2004-10-19,13.13,13.29,13.0,13.1,2028431.0,0.0,1.0,3.3756454729428684,3.4167805282110217,3.342223240537493,3.367932650080089,7212199.111111111
2004-10-20,13.0,13.28,12.62,13.07,2689031.0,0.0,1.0,3.342223240537493,3.414209587256762,3.2445274842756278,3.3602198272173105,9560999.111111112
2004-10-21,13.16,13.36,13.12,13.15,1923750.0,0.0,1.0,3.383358295805647,3.434777114890839,3.373074531988608,3.3807873548513876,6840000.0
2004-10-22,13.23,13.27,12.95,13.0,1698413.0,0.0,1.0,3.4013548824854642,3.4116386463025026,3.329368535766195,3.342223240537493,6038801.777777778
2004-10-25,13.1,13.23,12.81,13.1,1946250.0,0.0,1.0,3.367932650080089,3.4013548824854642,3.2933753624065605,3.367932650080089,6920000.0
2004-10-26,13.08,13.27,13.02,13.19,1742738.0,0.0,1.0,3.36279076817157,3.4116386463025026,3.3473651224460124,3.3910711186684255,6196401.777777778
2004-10-27,13.89,14.21,13.65,14.05,5917163.0,0.0,1.0,3.5710369854665984,3.6533070960029064,3.509334402564368,3.612172040734752,21038801.777777776
2004-10-28,14.09,14.35,14.0,14.3,1821938.0,0.0,1.0,3.6224558045517905,3.6893002693625405,3.599317335963454,3.676445564591243,6478001.777777778
2004-10-29,14.21,14.48,14.06,14.48,2120175.0,0.0,1.0,3.6533070960029064,3.7227225017679157,3.614742981689012,3.7227225017679157,7538400.0
2004-11-01,14.4,14.51,14.3,14.3,1709100.0,0.0,1.0,3.7021549741338386,3.7304353246306943,3.676445564591243,3.676445564591243,6076800.0
2004-11-02,14.33,14.86,14.29,14.75,2513531.0,0.0,1.0,3.6841583874540214,3.8204182580297803,3.6738746236369826,3.792137907532925,8936999.111111112
2004-11-03,14.99,15.02,14.79,14.9,2592056.0,0.0,1.0,3.8538404904351555,3.8615533132979345,3.802421671349963,3.830702021846819,9216199.111111112
2004-11-04,15.0,15.42,14.78,15.38,2745281.0,0.0,1.0,3.8564114313894153,3.9643909514683187,3.7998507303957036,3.9541071876512803,9760999.111111112
2004-11-05,15.8,15.8,15.15,15.38,1441800.0,0.0,1.0,4.0620867077301845,4.0620867077301845,3.8949755457033093,3.9541071876512803,5126400.0
2004-11-08,15.7,15.7,15.19,15.38,1014300.0,0.0,1.0,4.036377298187587,4.036377298187587,3.9052593095203476,3.9541071876512803,3606400.0
2004-11-09,15.14,15.36,14.92,15.25,1927575.0,0.0,1.0,3.89240460474905,3.948965305742761,3.8358439037553382,3.9206849552459055,6853600.0
2004-11-10,15.05,15.76,15.05,15.76,2086931.0,0.0,1.0,3.8692661361607135,4.051802943913145,3.8692661361607135,4.051802943913145,7420199.111111111
2004-11-11,15.72,16.03,15.69,15.98,2146781.0,0.0,1.0,4.041519180096107,4.121218349678156,4.0338063572333285,4.1083636449068575,7632999.111111111
2004-11-12,15.96,16.21,15.72,16.19,1995581.0,0.0,1.0,4.103221762998338,4.1674952868548285,4.041519180096107,4.162353404946309,7095399.111111111
2004-11-15,16.25,16.5,16.04,16.35,2009081.0,0.0,1.0,4.177779050671867,4.242052574528357,4.1237892906324145,4.203488460214463,7143399.111111111
2004-11-16,16.25,16.31,16.05,16.19,2661075.0,0.0,1.0,4.177779050671867,4.193204696397424,4.126360231586674,4.162353404946309,9461600.0
2004-11-17,16.25,16.52,16.24,16.46,2362500.0,0.0,1.0,4.177779050671867,4.247194456436876,4.175208109717606,4.231768810711318,8400000.0
2004-11-18,16.4,16.61,16.22,16.59,1990631.0,0.0,1.0,4.21634316498576,4.270332925025213,4.170066227809087,4.265191043116693,7077799.111111111
2004-11-19,16.0,16.38,15.63,15.76,2203200.0,0.0,1.0,4.113505526815376,4.211201283077241,4.0183807115077705,4.051802943913145,7833600.0
2004-11-22,15.73,15.97,15.62,15.89,1500581.0,0.0,1.0,4.044090121050367,4.105792703952598,4.015809770553511,4.085225176318521,5335399.111111111
2004-11-23,15.95,16.31,15.84,15.99,1885781.0,0.0,1.0,4.100650822044078,4.193204696397424,4.072370471547222,4.110934585861116,6704999.111111111
2004-11-24,16.07,16.2,15.78,15.91,1835550.0,0.0,1.0,4.131502113495194,4.164924345900568,4.056944825821665,4.09036705822704,6526400.0
2004-11-26,15.91,15.97,15.78,15.86,410513.0,0.0,1.0,4.09036705822704,4.105792703952598,4.056944825821665,4.077512353455742,1459601.7777777778
2004-11-29,15.88,16.08,15.72,15.89,947138.0,0.0,1.0,4.082654235364261,4.134073054449453,4.041519180096107,4.085225176318521,3367601.777777778
2004-11-30,15.84,16.0,15.66,15.72,1472963.0,0.0,1.0,4.072370471547222,4.113505526815376,4.026093534370549,4.041519180096107,5237201.777777778
2004-12-01,15.6,16.08,15.52,15.98,2778356.0,0.0,1.0,4.010667888644992,4.134073054449453,3.990100361010915,4.1083636449068575,9878599.111111112
2004-12-02,15.93,16.61,15.88,16.56,2587838.0,0.0,1.0,4.095508940135558,4.270332925025213,4.082654235364261,4.257478220253914,9201201.777777778
2004-12-03,16.51,17.57,16.46,17.48,4050000.0,0.0,1.0,4.244623515482616,4.517143256634135,4.231768810711318,4.494004788045799,14400000.0
2004-12-06,17.78,17.78,17.3,17.72,2762831.0,0.0,1.0,4.5711330166735875,4.5711330166735875,4.447727850869126,4.555707370948029,9823399.111111112
2004-12-07,17.48,17.61,16.71,16.82,2767556.0,0.0,1.0,4.494004788045799,4.5274270204511735,4.296042334567809,4.324322685064664,9840199.111111112
2004-12-08,17.15,17.15,16.5,16.85,1923863.0,0.0,1.0,4.409163736555231,4.409163736555231,4.242052574528357,4.3320355079274435,6840401.777777778
2004-12-09,16.47,16.96,16.4,16.66,3048750.0,0.0,1.0,4.234339751665577,4.360315858424299,4.21634316498576,4.283187629796511,10840000.0
2004-12-10,16.34,17.86,16.23,17.75,4207950.0,0.0,1.0,4.200917519260203,4.591700544307663,4.172637168763347,4.563420193810808,14961600.0
2004-12-13,18.03,19.0,17.93,18.65,5356238.0,0.0,1.0,4.635406540530077,4.88478781309326,4.609697130987481,4.794804879694173,19044401.777777776
2004-12-14,18.75,18.78,18.36,18.56,2009700.0,0.0,1.0,4.820514289236769,4.828227112099548,4.720247592020644,4.771666411105836,7145600.0
2004-12-15,18.74,18.76,18.44,18.62,1209375.0,0.0,1.0,4.817943348282509,4.823085230191029,4.740815119654721,4.787092056831394,4300000.0
2004-12-16,20.0,20.5,19.16,19.5,6819750.0,0.0,1.0,5.1418819085192204,5.270428956232201,4.925922868361413,5.01333486080624,24248000.0
2004-12-17,19.2,19.36,18.76,19.24,3799238.0,0.0,1.0,4.936206632178451,4.977341687446605,4.823085230191029,4.94649039599549,13508401.777777778
2004-12-20,19.28,19.33,18.81,18.98,1580963.0,0.0,1.0,4.956774159812529,4.969628864583826,4.835939934962326,4.87964593118474,5621201.777777778
2004-12-21,18.98,19.31,18.93,19.26,1572638.0,0.0,1.0,4.87964593118474,4.964486982675306,4.866791226413442,4.951632277904009,5591601.777777778
2004-12-22,19.37,19.47,19.12,19.42,767813.0,0.0,1.0,4.979912628400865,5.005622037943461,4.915639104544375,4.992767333172163,2730001.777777778
2004-12-23,19.4,19.63,19.38,19.62,695981.0,0.0,1.0,4.987625451263643,5.046757093211615,4.982483569355124,5.044186152257355,2474599.111111111
2004-12-27,19.75,19.78,19.29,19.61,1176300.0,0.0,1.0,5.07760838466273,5.085321207525509,4.959345100766788,5.041615211303095,4182400.0
2004-12-28,19.63,20.0,19.47,19.82,2062800.0,0.0,1.0,5.046757093211615,5.1418819085192204,5.005622037943461,5.0956049713425475,7334400.0
2004-12-29,20.04,20.15,19.6,20.08,944831.0,0.0,1.0,5.152165672336259,5.180446022833114,5.039044270348836,5.162449436153297,3359399.111111111
2004-12-30,20.0,20.19,19.75,20.05,1135856.0,0.0,1.0,5.1418819085192204,5.190729786650153,5.07760838466273,5.154736613290519,4038599.111111111
2004-12-31,20.16,20.29,19.95,20.18,906356.0,0.0,1.0,5.183016963787374,5.2164391961927485,5.129027203747922,5.188158845695893,3222599.111111111
2005-01-03,20.15,20.23,19.43,19.63,2013075.0,0.0,1.0,5.180446022833114,5.2010135504671915,4.995338274126422,5.046757093211615,7157600.0
2005-01-04,19.83,19.83,18.83,19.12,2107013.0,0.0,1.0,5.0981759122968064,5.0981759122968064,4.841081816870846,4.915639104544375,7491601.777777778
2005-01-05,18.9,19.55,18.85,19.4,1553456.0,0.0,1.0,4.8590784035506625,5.026189565577538,4.846223698779365,4.987625451263643,5523399.111111111
2005-01-06,19.4,19.54,19.09,19.13,1524150.0,0.0,1.0,4.987625451263643,5.023618624623278,4.907926281681596,4.9182100454986335,5419200.0
2005-01-07,19.17,19.24,18.37,18.49,2515613.0,0.0,1.0,4.928493809315673,4.94649039599549,4.722818532974904,4.7536698244260185,8944401.777777778
2005-01-10,18.2,18.92,18.12,18.66,2612475.0,0.0,1.0,4.67911253675249,4.864220285459183,4.658545009118414,4.7973758206484325,9288800.0
2005-01-11,18.85,20.04,18.66,19.95,4443863.0,0.0,1.0,4.846223698779365,5.152165672336259,4.7973758206484325,5.129027203747922,15800401.777777778
2005-01-12,20.0,20.09,19.5,19.75,5270231.0,0.0,1.0,5.1418819085192204,5.165020377107557,5.01333486080624,5.07760838466273,18738599.111111112
2005-01-13,19.74,21.42,19.66,21.18,8975531.0,0.0,1.0,5.07503744370847,5.506955524024085,5.054469916074393,5.445252941121854,31912999.111111112
2005-01-14,21.33,22.24,21.33,21.87,5937863.0,0.0,1.0,5.483817055435748,5.717772682273372,5.483817055435748,5.622647866965767,21112401.777777776
2005-01-18,21.89,22.35,21.64,22.23,2265750.0,0.0,1.0,5.627789748874287,5.746053032770229,5.563516225017796,5.715201741319113,8056000.0
2005-01-19,22.15,22.29,21.3,21.59,3455213.0,0.0,1.0,5.694634213685036,5.730627387044671,5.47610423257297,5.550661520246498,12285201.777777778
2005-01-20,21.64,21.64,21.09,21.43,2839613.0,0.0,1.0,5.563516225017796,5.563516225017796,5.422114472533518,5.509526464978344,10096401.777777778
2005-01-21,21.45,21.77,21.2,21.53,1887356.0,0.0,1.0,5.514668346886864,5.596938457423171,5.450394823030373,5.535235874520941,6710599.111111111
2005-01-24,21.67,21.71,20.9,21.03,2276775.0,0.0,1.0,5.571229047880576,5.581512811697614,5.373266594402585,5.406688826807961,8095200.0
2005-01-25,21.0,21.44,21.0,21.35,2362500.0,0.0,1.0,5.398976003945181,5.512097405932605,5.398976003945181,5.488958937344268,8400000.0
2005-01-26,21.5,22.22,21.3,22.11,2588456.0,0.0,1.0,5.527523051658162,5.712630800364853,5.47610423257297,5.684350449867998,9203399.111111112
2005-01-27,22.21,22.4,21.91,22.19,1507950.0,0.0,1.0,5.7100598594105945,5.758907737541526,5.632931630782806,5.704917977502075,5361600.0
2005-01-28,22.32,22.32,21.66,22.07,2167481.0,0.0,1.0,5.73834020990745,5.73834020990745,5.568658106926316,5.67406668605096,7706599.111111111
2005-01-31,22.27,22.67,22.0,22.6,1988663.0,0.0,1.0,5.7254855051361515,5.828323143306537,5.656070099371142,5.810326556626719,7070801.777777778
2005-02-01,22.69,22.7,22.25,22.42,2103863.0,0.0,1.0,5.833465025215055,5.836035966169315,5.720343623227633,5.764049619450046,7480401.777777778
2005-02-02,23.23,23.81,23.0,23.53,3251813.0,0.0,1.0,5.972295836745074,6.121410412092131,5.913164194797103,6.049424065372863,11562001.777777778
2005-02-03,23.2,23.5,23.0,23.45,1597275.0,0.0,1.0,5.9645830138822955,6.041711242510083,5.913164194797103,6.028856537738785,5679200.0
2005-02-04,23.45,23.8,23.34,23.79,2911275.0,0.0,1.0,6.028856537738785,6.118839471137872,6.00057618724193,6.116268530183612,10351200.0
2005-02-07,23.65,24.26,23.65,24.06,3766500.0,0.0,1.0,6.080275356823978,6.237102755033814,6.080275356823978,6.185683935948622,13392000.0
2005-02-08,24.18,24.95,23.99,24.68,7489856.0,0.0,1.0,6.216535227399737,6.414497680877727,6.167687349268804,6.345082275112718,26630599.111111112
2005-02-09,24.68,24.74,23.8,23.9,2431463.0,0.0,1.0,6.345082275112718,6.360507920838275,6.118839471137872,6.144548880680468,8645201.777777778
2005-02-10,20.95,21.29,20.13,20.41,27663750.0,0.0,1.0,5.386121299173883,5.473533291618709,5.175304140924595,5.247290487643864,98360000.0
2005-02-11,20.29,20.87,19.66,20.69,6314231.0,0.0,1.0,5.2164391961927485,5.3655537715398065,5.054469916074393,5.319276834363134,22450599.111111112
2005-02-14,20.44,21.49,20.4,21.42,4047581.0,0.0,1.0,5.255003310506644,5.524952110703902,5.244719546689605,5.506955524024085,14391399.111111112
2005-02-15,21.49,21.8,21.3,21.58,3049763.0,0.0,1.0,5.524952110703902,5.6046512802859505,5.47610423257297,5.548090579292238,10843601.777777778
2005-02-16,21.58,21.85,21.41,21.76,2308331.0,0.0,1.0,5.548090579292238,5.617505985057249,5.504384583069825,5.594367516468912,8207399.111111111
2005-02-17,21.84,22.05,21.45,21.55,2102738.0,0.0,1.0,5.614935044102989,5.66892480414244,5.514668346886864,5.54037775642946,7476401.777777778
2005-02-18,21.66,21.88,21.45,21.53,1207463.0,0.0,1.0,5.568658106926316,5.625218807920026,5.514668346886864,5.535235874520941,4293201.777777778
2005-02-22,21.34,21.95,21.28,21.44,1874981.0,0.0,1.0,5.4863879963900075,5.643215394599844,5.4709623506644505,5.512097405932605,6666599.111111111
2005-02-23,21.39,21.82,21.34,21.62,1636313.0,0.0,1.0,5.4992427011613065,5.609793162194469,5.4863879963900075,5.558374343109278,5818001.777777778
2005-02-24,21.7,21.85,21.33,21.72,1487250.0,0.0,1.0,5.578941870743353,5.617505985057249,5.483817055435748,5.584083752651873,5288000.0
2005-02-25,21.82,22.05,21.72,21.95,2110781.0,0.0,1.0,5.609793162194469,5.66892480414244,5.584083752651873,5.643215394599844,7504999.111111111
2005-02-28,21.86,22.23,21.78,21.86,2070113.0,0.0,1.0,5.6200769260115075,5.715201741319113,5.599509398377431,5.6200769260115075,7360401.777777778
2005-03-01,21.99,22.44,21.87,22.41,2587331.0,0.0,1.0,5.653499158416882,5.7691915013585655,5.622647866965767,5.761478678495786,9199399.111111112
2005-03-02,22.47,22.95,22.17,22.81,1964475.0,0.0,1.0,5.776904324221344,5.900309490025805,5.699776095593556,5.86431631666617,6984800.0
2005-03-03,22.93,23.14,22.7,22.77,1454513.0,0.0,1.0,5.895167608117286,5.949157368156738,5.836035966169315,5.854032552849132,5171601.777777778
2005-03-04,23.0,23.1,22.32,23.1,1577081.0,0.0,1.0,5.913164194797103,5.9388736043397,5.73834020990745,5.9388736043397,5607399.111111111
2005-03-07,23.11,23.74,22.99,23.54,1807481.0,0.0,1.0,5.941444545293959,6.103413825412314,5.910593253842843,6.051995006327122,6426599.111111111
2005-03-08,23.61,23.61,23.09,23.16,874800.0,0.0,1.0,6.0699915930069395,6.0699915930069395,5.936302663385439,5.954299250065257,3110400.0
2005-03-09,23.03,23.5,22.82,22.82,2093063.0,0.0,1.0,5.920877017659882,6.041711242510083,5.86688725762043,5.86688725762043,7442001.777777778
2005-03-10,23.01,23.07,22.51,22.65,1363275.0,0.0,1.0,5.915735135751364,5.931160781476921,5.787188088038382,5.823181261398017,4847200.0
2005-03-11,22.66,23.03,22.66,22.98,2037656.0,0.0,1.0,5.825752202352277,5.920877017659882,5.825752202352277,5.908022312888584,7244999.111111111
2005-03-14,23.0,23.37,22.98,23.05,2252531.0,0.0,1.0,5.913164194797103,6.0082890101047095,5.908022312888584,5.926018899568401,8008999.111111111
2005-03-15,23.05,23.5,22.89,23.0,2183963.0,0.0,1.0,5.926018899568401,6.041711242510083,5.884883844300248,5.913164194797103,7765201.777777778
2005-03-16,23.08,23.44,22.84,22.89,899381.0,0.0,1.0,5.93373172243118,6.026285596784526,5.87202913952895,5.884883844300248,3197799.111111111
2005-03-17,22.84,23.35,22.84,23.02,1370700.0,0.0,1.0,5.87202913952895,6.00314712819619,5.87202913952895,5.918306076705623,4873600.0
2005-03-18,23.1,23.25,22.93,23.05,1125563.0,0.0,1.0,5.9388736043397,5.977437718653594,5.895167608117286,5.926018899568401,4002001.777777778
2005-03-21,23.22,23.25,22.85,22.99,1075838.0,0.0,1.0,5.969724895790814,5.977437718653594,5.8746000804832095,5.910593253842843,3825201.777777778
2005-03-22,21.82,22.72,21.75,22.49,4986000.0,0.0,1.0,5.609793162194469,5.841177848077834,5.591796575514652,5.782046206129863,17728000.0
2005-03-23,16.93,17.17,16.65,17.02,2062406.0,0.0,1.3333333333333333,5.803470714082026,5.885740824618335,5.707488918456334,5.834322005533141,5499749.333333333
2005-03-24,17.11,17.19,16.48,16.5,2713950.0,0.0,1.0,5.865173296984256,5.892596667163026,5.64921425682645,5.656070099371142,7237200.0
2005-03-28,16.52,16.64,15.87,16.16,4285575.0,0.0,1.0,5.662925941915834,5.704060997183988,5.440111059213335,5.539520776111373,11428200.0
2005-03-29,16.04,16.16,15.44,15.57,3394500.0,0.0,1.0,5.498385720843219,5.539520776111373,5.29271044450245,5.33727342104295,9052000.0
2005-03-30,15.63,15.69,14.76,15.28,4504050.0,0.0,1.0,5.357840948677027,5.378408476311104,5.059611797982912,5.237863704144912,12010800.0
2005-03-31,15.28,15.37,14.64,14.8,5139300.0,0.0,1.0,5.237863704144912,5.268714995596027,5.018476742714759,5.073323483072297,13704800.0
2005-04-01,15.0,15.43,14.87,15.42,3417900.0,0.0,1.0,5.14188190851922,5.289282523230104,5.0973189319787195,5.285854601957758,9114400.0
2005-04-04,15.41,15.49,15.0,15.38,1997850.0,0.0,1.0,5.282426680685412,5.309850050864181,5.14188190851922,5.272142916868374,5327600.0
2005-04-05,15.48,15.53,15.19,15.2,1760475.0,0.0,1.0,5.3064221295918355,5.323561735953565,5.207012412693796,5.210440333966143,4694600.0
2005-04-06,15.21,15.33,15.14,15.26,1392000.0,0.0,1.0,5.21386825523849,5.255003310506643,5.189872806332066,5.23100786160022,3712000.0
2005-04-07,15.26,15.7,15.17,15.66,1930350.0,0.0,1.0,5.23100786160022,5.38183639758345,5.200156570149105,5.368124712494065,5147600.0
2005-04-08,15.74,15.88,15.5,15.61,2082750.0,0.0,1.0,5.395548082672835,5.443538980485681,5.313277972136527,5.350985106132335,5554000.0
2005-04-11,15.61,15.69,15.32,15.6,1752900.0,0.0,1.0,5.350985106132335,5.378408476311104,5.251575389234297,5.347557184859989,4674400.0
2005-04-12,15.64,16.0,15.54,15.89,2736450.0,0.0,1.0,5.361268869949374,5.484674035753835,5.326989657225911,5.446966901758027,7297200.0
2005-04-13,15.87,16.0,15.52,15.61,2811150.0,0.0,1.0,5.440111059213335,5.484674035753835,5.32013381468122,5.350985106132335,7496400.0
2005-04-14,15.82,15.89,15.11,15.14,2442750.0,0.0,1.0,5.422971452851604,5.446966901758027,5.179589042515027,5.189872806332066,6514000.0
2005-04-15,15.3,15.84,15.25,15.42,2914575.0,0.0,1.0,5.244719546689605,5.429827295396296,5.227579940327874,5.285854601957758,7772200.0
2005-04-18,15.47,15.52,15.01,15.19,1775475.0,0.0,1.0,5.302994208319489,5.32013381468122,5.145309829791566,5.207012412693796,4734600.0
2005-04-19,15.3,15.5,15.15,15.4,1614975.0,0.0,1.0,5.244719546689605,5.313277972136527,5.193300727604412,5.278998759413066,4306600.0
2005-04-20,15.34,15.5,14.91,14.92,2010375.0,0.0,1.0,5.258431231778989,5.313277972136527,5.111030617068105,5.11445853834045,5361000.0
2005-04-21,15.05,15.12,14.69,15.09,2472000.0,0.0,1.0,5.159021514880951,5.183016963787374,5.03561634907649,5.172733199970335,6592000.0
2005-04-22,15.14,15.15,14.51,14.63,1837350.0,0.0,1.0,5.189872806332066,5.193300727604412,4.973913766174259,5.015048821442413,4899600.0
2005-04-25,14.69,15.31,14.65,15.29,2008875.0,0.0,1.0,5.03561634907649,5.24814746796195,5.0219046639871046,5.241291625417258,5357000.0
2005-04-26,15.29,15.42,15.04,15.12,1625700.0,0.0,1.0,5.241291625417258,5.285854601957758,5.155593593608605,5.183016963787374,4335200.0
2005-04-27,15.11,15.11,14.52,14.9,2711700.0,0.0,1.0,5.179589042515027,5.179589042515027,4.9773416874466045,5.107602695795759,7231200.0
2005-04-28,14.8,14.9,14.44,14.52,1097550.0,0.0,1.0,5.073323483072297,5.107602695795759,4.949918317267835,4.9773416874466045,2926800.0
2005-04-29,14.53,14.75,14.18,14.46,1645500.0,0.0,1.0,4.980769608718951,5.056183876710566,4.860792364186836,4.956774159812528,4388000.0
2005-05-02,14.59,14.75,14.41,14.72,1261500.0,0.0,1.0,5.001337136353028,5.056183876710566,4.939634553450797,5.045900112893528,3364000.0
2005-05-03,14.78,15.2,14.74,15.2,2179650.0,0.0,1.0,5.066467640527605,5.210440333966143,5.05275595543822,5.210440333966143,5812400.0
2005-05-04,14.74,15.06,14.68,14.88,3381300.0,0.0,1.0,5.05275595543822,5.162449436153297,5.032188427804143,5.100746853251066,9016800.0
2005-05-05,14.84,15.27,14.63,15.03,2759775.0,0.0,1.0,5.087035168161681,5.234435782872565,5.015048821442413,5.152165672336258,7359400.0
2005-05-06,14.83,16.15,14.8,15.91,5006475.0,0.0,1.0,5.083607246889335,5.536092854839026,5.073323483072297,5.45382274430272,13350600.0
2005-05-09,15.99,15.99,15.36,15.48,2145300.0,0.0,1.0,5.481246114481489,5.481246114481489,5.265287074323681,5.3064221295918355,5720800.0
2005-05-10,15.45,15.5,15.28,15.45,1827750.0,0.0,1.0,5.296138365774796,5.313277972136527,5.237863704144912,5.296138365774796,4874000.0
2005-05-11,15.54,15.54,15.03,15.19,2283375.0,0.0,1.0,5.326989657225911,5.326989657225911,5.152165672336258,5.207012412693796,6089000.0
2005-05-12,15.11,15.32,14.99,15.06,1293450.0,0.0,1.0,5.179589042515027,5.251575389234297,5.138453987246874,5.162449436153297,3449200.0
2005-05-13,15.37,15.51,14.93,15.1,3913350.0,0.0,1.0,5.268714995596027,5.316705893408874,5.117886459612797,5.176161121242681,10435600.0
2005-05-16,15.12,15.37,15.03,15.36,2621100.0,0.0,1.0,5.183016963787374,5.268714995596027,5.152165672336258,5.265287074323681,6989600.0
2005-05-17,15.57,15.97,15.52,15.78,3486450.0,0.0,1.0,5.33727342104295,5.474390271936796,5.32013381468122,5.409259767762219,9297200.0
2005-05-18,15.86,16.05,15.29,15.81,3849675.0,0.0,1.0,5.436683137940989,5.5018136421155655,5.241291625417258,5.419543531579258,10265800.0
2005-05-19,15.89,15.9,15.35,15.54,3878550.0,0.0,1.0,5.446966901758027,5.450394823030373,5.261859153051335,5.326989657225911,10342800.0
2005-05-20,15.59,15.86,15.3,15.65,2579400.0,0.0,1.0,5.344129263587643,5.436683137940989,5.244719546689605,5.36469679122172,6878400.0
2005-05-23,15.7,15.71,15.41,15.56,1496700.0,0.0,1.0,5.38183639758345,5.385264318855796,5.282426680685412,5.333845499770605,3991200.0
2005-05-24,15.55,15.59,15.3,15.45,1811100.0,0.0,1.0,5.330417578498258,5.344129263587643,5.244719546689605,5.296138365774796,4829600.0
2005-05-25,15.44,15.44,15.1,15.23,3282600.0,0.0,1.0,5.29271044450245,5.29271044450245,5.176161121242681,5.220724097783181,8753600.0
2005-05-26,15.27,15.4,15.14,15.24,1278975.0,0.0,1.0,5.234435782872565,5.278998759413066,5.189872806332066,5.224152019055528,3410600.0
2005-05-27,15.24,15.49,15.17,15.38,979200.0,0.0,1.0,5.224152019055528,5.309850050864181,5.200156570149105,5.272142916868374,2611200.0
2005-05-31,15.45,15.85,15.35,15.8,2039850.0,0.0,1.0,5.296138365774796,5.433255216668642,5.261859153051335,5.416115610306912,5439600.0
2005-06-01,15.69,16.0,15.53,15.87,3174675.0,0.0,1.0,5.378408476311104,5.484674035753835,5.323561735953565,5.440111059213335,8465800.0
2005-06-02,15.88,15.9,15.75,15.85,1160550.0,0.0,1.0,5.443538980485681,5.450394823030373,5.398976003945181,5.433255216668642,3094800.0
2005-06-03,15.74,15.9,15.54,15.61,1387800.0,0.0,1.0,5.395548082672835,5.450394823030373,5.326989657225911,5.350985106132335,3700800.0
2005-06-06,15.66,16.46,15.6,16.36,2852175.0,0.0,1.0,5.368124712494065,5.642358414281758,5.347557184859989,5.608079201558295,7605800.0
2005-06-07,16.36,16.75,16.3,16.31,3340350.0,0.0,1.0,5.608079201558295,5.7417681311797955,5.58751167392422,5.590939595196565,8907600.0
2005-06-08,16.42,16.42,15.9,16.12,1636575.0,0.0,1.0,5.628646729192373,5.628646729192373,5.450394823030373,5.525809091021989,4364200.0
2005-06-09,16.25,16.95,16.13,16.93,2425950.0,0.0,1.0,5.570372067562488,5.810326556626718,5.529237012294334,5.803470714082026,6469200.0
2005-06-10,16.99,17.32,16.77,17.15,2979150.0,0.0,1.0,5.824038241716103,5.937159643703526,5.748623973724488,5.878884982073641,7944400.0
2005-06-13,17.13,17.65,17.05,17.3,3391050.0,0.0,1.0,5.872029139528949,6.050281045690948,5.8446057693501805,5.930303801158834,9042800.0
2005-06-14,17.57,17.68,17.13,17.18,2388450.0,0.0,1.0,6.02285767551218,6.060564809507987,5.872029139528949,5.88916874589068,6369200.0
2005-06-15,17.35,17.5,17.12,17.35,2268375.0,0.0,1.0,5.947443407520565,5.998862226605756,5.868601218256603,5.947443407520565,6049000.0
2005-06-16,17.33,17.7,17.31,17.58,3534450.0,0.0,1.0,5.940587564975871,6.06742065205268,5.93373172243118,6.0262855967845255,9425200.0
2005-06-17,17.52,17.72,17.41,17.56,4681575.0,0.0,1.0,6.005718069150449,6.074276494597371,5.968010935154641,6.019429754239833,12484200.0
2005-06-20,17.45,17.69,17.44,17.6,2114850.0,0.0,1.0,5.9817226202440255,6.063992730780334,5.9782946989716805,6.033141439329219,5639600.0
2005-06-21,17.6,17.81,17.51,17.77,1661100.0,0.0,1.0,6.033141439329219,6.105127786048486,6.002290147878103,6.091416100959102,4429600.0
2005-06-22,17.8,17.85,17.7,17.81,1571850.0,0.0,1.0,6.101699864776141,6.118839471137872,6.06742065205268,6.105127786048486,4191600.0
2005-06-23,17.84,18.5,17.67,17.75,3060150.0,0.0,1.0,6.1154115498655255,6.341654353840371,6.057136888235641,6.0845602584144105,8160400.0
2005-06-24,17.5,17.55,16.8,16.87,3443100.0,0.0,1.0,5.998862226605756,6.016001832967487,5.758907737541526,5.78290318644795,9181600.0
2005-06-27,16.8,17.06,16.57,16.78,1687275.0,0.0,1.0,5.758907737541526,5.848033690622525,5.6800655482775655,5.752051894996835,4499400.0
2005-06-28,16.82,16.98,16.69,16.95,1505850.0,0.0,1.0,5.765763580086219,5.820610320443757,5.721200603545719,5.810326556626718,4015600.0
2005-06-29,16.87,17.12,16.79,16.85,1764150.0,0.0,1.0,5.78290318644795,5.868601218256603,5.75547981626918,5.776047343903257,4704400.0
2005-06-30,16.97,16.99,16.42,16.52,2157150.0,0.0,1.0,5.8171823991714104,5.824038241716103,5.628646729192373,5.662925941915834,5752400.0
2005-07-01,16.68,16.68,16.37,16.4,1155600.0,0.0,1.0,5.717772682273372,5.717772682273372,5.611507122830642,5.62179088664768,3081600.0
2005-07-05,16.32,16.46,16.09,16.4,3543975.0,0.0,1.0,5.594367516468911,5.642358414281758,5.51552532720495,5.62179088664768,9450600.0
2005-07-06,16.35,16.95,16.19,16.68,2305650.0,0.0,1.0,5.6046512802859505,5.810326556626718,5.549804539928412,5.717772682273372,6148400.0
2005-07-07,16.44,17.14,16.31,17.13,2045175.0,0.0,1.0,5.6355025717370655,5.8754570608012955,5.590939595196565,5.872029139528949,5453800.0
2005-07-08,17.2,17.5,17.0,17.34,1947750.0,0.0,1.0,5.896024588435372,5.998862226605756,5.82746616298845,5.944015486248218,5194000.0
2005-07-11,17.4,17.68,17.35,17.57,1394175.0,0.0,1.0,5.964583013882295,6.060564809507987,5.947443407520565,6.02285767551218,3717800.0
2005-07-12,17.5,18.0,17.45,17.87,1933575.0,0.0,1.0,5.998862226605756,6.170258290223064,5.9817226202440255,6.125695313682565,5156200.0
2005-07-13,17.93,18.08,17.74,18.0,1706100.0,0.0,1.0,6.1462628413166405,6.197681660401832,6.081132337142064,6.170258290223064,4549600.0
2005-07-14,18.11,18.24,17.99,18.1,1639500.0,0.0,1.0,6.207965424218871,6.252528400759371,6.166830368950717,6.2045375029465255,4372000.0
2005-07-15,18.02,18.41,18.02,18.06,3268200.0,0.0,1.0,6.177114132767756,6.310803062389256,6.177114132767756,6.1908258178571405,8715200.0
2005-07-18,18.01,18.04,17.82,18.02,1229400.0,0.0,1.0,6.1736862114954105,6.183969975312448,6.108555707320833,6.177114132767756,3278400.0
2005-07-19,18.01,18.11,17.9,18.08,1063950.0,0.0,1.0,6.1736862114954105,6.207965424218871,6.135979077499602,6.197681660401832,2837200.0
2005-07-20,18.0,18.31,17.9,18.22,1381875.0,0.0,1.0,6.170258290223064,6.276523849665794,6.135979077499602,6.245672558214679,3685000.0
2005-07-21,18.25,18.52,18.09,18.27,2148675.0,0.0,1.0,6.255956322031718,6.348510196385063,6.201109581674179,6.26281216457641,5729800.0
2005-07-22,18.35,18.46,18.25,18.45,1029900.0,0.0,1.0,6.29023553475518,6.327942668750987,6.255956322031718,6.3245147474786405,2746400.0
2005-07-25,18.45,18.53,18.27,18.41,1428075.0,0.0,1.0,6.3245147474786405,6.35193811765741,6.26281216457641,6.310803062389256,3808200.0
2005-07-26,18.48,18.6,18.22,18.39,2937150.0,0.0,1.0,6.334798511295679,6.375933566563833,6.245672558214679,6.303947219844564,7832400.0
2005-07-27,18.5,19.21,18.38,19.2,4269375.0,0.0,1.0,6.341654353840371,6.585036764176948,6.300519298572217,6.581608842904601,11385000.0
2005-07-28,19.29,19.29,18.95,18.97,3104100.0,0.0,1.0,6.612460134355716,6.612460134355716,6.495910811095948,6.50276665364064,8277600.0
2005-07-29,18.74,20.68,18.72,20.35,6943050.0,0.0,1.0,6.423924464376678,7.088941191211831,6.417068621831986,6.975819789224409,18514800.0
2005-08-01,20.21,20.4,19.91,20.13,2796750.0,0.0,1.0,6.927828891411562,6.992959395586139,6.824991253241178,6.900405521232793,7458000.0
2005-08-02,20.15,20.68,20.05,20.48,2390100.0,0.0,1.0,6.907261363777485,7.088941191211831,6.872982151054024,7.020382765764908,6373600.0
2005-08-03,20.46,21.0,20.45,20.72,2940750.0,0.0,1.0,7.013526923220216,7.198634671926908,7.01009900194787,7.102652876301216,7842000.0
2005-08-04,20.7,20.85,20.44,20.65,1696800.0,0.0,1.0,7.095797033756523,7.1472158528417165,7.006671080675524,7.078657427394792,4524800.0
2005-08-05,20.59,20.77,20.34,20.38,2829750.0,0.0,1.0,7.0580898997607155,7.119792482662946,6.972391867952062,6.986103553041446,7546000.0
2005-08-08,20.4,20.74,20.36,20.5,1592400.0,0.0,1.0,6.992959395586139,7.109508718845907,6.979247710496755,7.027238608309601,4246400.0
2005-08-09,20.53,20.7,20.37,20.41,1531950.0,0.0,1.0,7.03752237212664,7.095797033756523,6.982675631769101,6.996387316858486,4085200.0
2005-08-10,20.53,20.58,19.94,19.99,1623900.0,0.0,1.0,7.03752237212664,7.054661978488369,6.835275017058216,6.852414623419946,4330400.0
2005-08-11,19.92,20.0,19.55,19.88,2307675.0,0.0,1.0,6.828419174513525,6.855842544692293,6.701586087436717,6.814707489424139,6153800.0
2005-08-12,19.72,19.77,19.46,19.63,1920450.0,0.0,1.0,6.7598607490666005,6.777000355428331,6.670734795985601,6.7290094576154855,5121200.0
2005-08-15,20.4,20.81,20.22,20.29,2138700.0,0.0,1.0,6.992959395586139,7.1335041677523305,6.931256812683908,6.955252261590331,5703200.0
2005-08-16,20.32,20.45,19.94,20.0,1000200.0,0.0,1.0,6.96553602540737,7.01009900194787,6.835275017058216,6.855842544692293,2667200.0
2005-08-17,19.94,20.54,19.93,20.29,1448550.0,0.0,1.0,6.835275017058216,7.040950293398985,6.831847095785871,6.955252261590331,3862800.0
2005-08-18,20.19,20.41,20.04,20.1,938175.0,0.0,1.0,6.920973048866871,6.996387316858486,6.869554229781677,6.890121757415756,2501800.0
2005-08-19,20.08,20.28,20.0,20.03,667800.0,0.0,1.0,6.883265914871062,6.951824340317986,6.855842544692293,6.866126308509332,1780800.0
2005-08-22,20.21,20.3,19.85,19.99,978375.0,0.0,1.0,6.927828891411562,6.958680182862678,6.804423725607101,6.852414623419946,2609000.0
2005-08-23,19.92,20.5,19.92,20.3,1706250.0,0.0,1.0,6.828419174513525,7.027238608309601,6.828419174513525,6.958680182862678,4550000.0
2005-08-24,20.35,21.33,20.33,21.07,2790900.0,0.0,1.0,6.975819789224409,7.311756073914331,6.9689639466797155,7.2226301208333314,7442400.0
2005-08-25,21.08,21.18,20.83,20.94,1198350.0,0.0,1.0,7.226058042105676,7.260337254829138,7.140360010297023,7.178067144292831,3195600.0
2005-08-26,20.84,21.05,20.71,20.9,1087350.0,0.0,1.0,7.14378793156937,7.215774278288639,7.09922495502887,7.164355459203446,2899600.0
2005-08-29,20.99,21.5,20.74,21.41,1821075.0,0.0,1.0,7.195206750654561,7.370030735544216,7.109508718845907,7.3391794440931,4856200.0
2005-08-30,21.25,21.79,21.17,21.34,2670900.0,0.0,1.0,7.284332703735561,7.469440452442253,7.256909333556793,7.315183995186677,7122400.0
2005-08-31,21.34,22.35,21.23,22.35,2034975.0,0.0,1.0,7.315183995186677,7.661404043693638,7.27747686119087,7.661404043693638,5426600.0
2005-09-01,22.2,22.86,22.2,22.7,2014275.0,0.0,1.0,7.609985224608446,7.836228028583291,7.609985224608446,7.781381288225752,5371400.0
2005-09-02,22.75,22.9,22.62,22.76,1634700.0,0.0,1.0,7.798520894587484,7.849939713672676,7.753957918046984,7.801948815859831,4359200.0
2005-09-06,22.82,23.0,22.72,22.95,1255650.0,0.0,1.0,7.8225163434939065,7.884218926396137,7.788237130770445,7.8670793200344065,3348400.0
2005-09-07,23.06,23.07,22.12,22.2,3651150.0,0.0,1.0,7.904786454030214,7.908214375302561,7.5825618544296765,7.609985224608446,9736400.0
2005-09-08,22.05,22.07,21.63,21.63,2939175.0,0.0,1.0,7.558566405523254,7.565422248067946,7.414593712084715,7.414593712084715,7837800.0
2005-09-09,21.13,22.2,20.44,22.1,4777200.0,0.0,1.0,7.243197648467407,7.609985224608446,7.006671080675524,7.575706011884985,12739200.0
2005-09-12,22.41,22.67,22.27,22.53,1662075.0,0.0,1.0,7.681971571327715,7.771097524408715,7.633980673514868,7.723106626595869,4432200.0
2005-09-13,22.44,22.83,22.36,22.52,1389150.0,0.0,1.0,7.692255335144753,7.825944264766252,7.664831964965984,7.719678705323522,3704400.0
2005-09-14,22.5,22.85,22.43,22.47,1607550.0,0.0,1.0,7.71282286277883,7.832800107310946,7.688827413872406,7.7025390989617915,4286800.0
2005-09-15,22.25,22.73,21.93,21.97,1438200.0,0.0,1.0,7.6271248309701765,7.7916650520427915,7.5174313502551,7.531143035344484,3835200.0
2005-09-16,21.91,22.05,21.65,21.76,2567850.0,0.0,1.0,7.510575507710407,7.558566405523254,7.421449554629407,7.459156688625216,6847600.0
2005-09-19,22.12,22.29,21.74,21.98,1521450.0,0.0,1.0,7.5825618544296765,7.640836516059561,7.452300846080522,7.534570956616831,4057200.0
2005-09-20,21.79,21.9,20.47,20.76,4098750.0,0.0,1.0,7.469440452442253,7.507147586438061,7.016954844492561,7.116364561390601,10930000.0
2005-09-21,20.64,20.7,19.61,19.65,4118850.0,0.0,1.0,7.075229506122447,7.095797033756523,6.722153615070793,6.735865300160178,10983600.0
2005-09-22,19.53,19.89,19.18,19.6,3870375.0,0.0,1.0,6.694730244892025,6.8181354106964855,6.574753000359909,6.718725693798448,10321000.0
2005-09-23,19.6,20.2,19.5,19.98,1770000.0,0.0,1.0,6.718725693798448,6.9244009701392155,6.6844464810749855,6.848986702147601,4720000.0
2005-09-26,19.99,20.18,19.78,19.85,2196900.0,0.0,1.0,6.852414623419946,6.917545127594524,6.780428276700678,6.804423725607101,5858400.0
2005-09-27,19.82,20.18,19.77,20.0,1643175.0,0.0,1.0,6.794139961790063,6.917545127594524,6.777000355428331,6.855842544692293,4381800.0
2005-09-28,20.05,20.35,19.67,19.76,1270350.0,0.0,1.0,6.872982151054024,6.975819789224409,6.742721142704871,6.773572434155986,3387600.0
2005-09-29,19.7,20.45,19.38,20.42,1975950.0,0.0,1.0,6.753004906521909,7.01009900194787,6.643311425806832,6.999815238130832,5269200.0
2005-09-30,20.55,20.59,20.16,20.45,1630200.0,0.0,1.0,7.044378214671331,7.0580898997607155,6.910689285049831,7.01009900194787,4347200.0
2005-10-03,20.36,21.08,20.28,20.68,3133875.0,0.0,1.0,6.979247710496755,7.226058042105676,6.951824340317986,7.088941191211831,8357000.0
2005-10-04,20.61,20.76,20.15,20.23,1866300.0,0.0,1.0,7.064945742305408,7.116364561390601,6.907261363777485,6.934684733956255,4976800.0
2005-10-05,20.1,20.5,19.51,19.76,3898575.0,0.0,1.0,6.890121757415756,7.027238608309601,6.687874402347332,6.773572434155986,10396200.0
2005-10-06,19.85,20.19,19.66,19.81,3799200.0,0.0,1.0,6.804423725607101,6.920973048866871,6.739293221432525,6.790712040517716,10131200.0
2005-10-07,19.9,20.0,19.38,19.54,1717200.0,0.0,1.0,6.821563331968831,6.855842544692293,6.643311425806832,6.6981581661643705,4579200.0
2005-10-10,19.54,19.72,19.1,19.27,2188200.0,0.0,1.0,6.6981581661643705,6.7598607490666005,6.547329630181141,6.605604291811025,5835200.0
2005-10-11,19.39,19.55,18.93,19.23,2373675.0,0.0,1.0,6.646739347079179,6.701586087436717,6.4890549685512555,6.59189260672164,6329800.0
2005-10-12,19.3,19.95,18.96,19.07,4358100.0,0.0,1.0,6.615888055628063,6.838702938330562,6.499338732368295,6.537045866364101,11621600.0
2005-10-13,19.15,19.77,19.02,19.66,2572575.0,0.0,1.0,6.5644692365428705,6.777000355428331,6.5199062600023705,6.739293221432525,6860200.0
2005-10-14,20.04,20.93,20.04,20.55,4647000.0,0.0,1.0,6.869554229781677,7.174639223020485,6.869554229781677,7.044378214671331,12392000.0
2005-10-17,20.55,20.72,20.37,20.48,2120475.0,0.0,1.0,7.044378214671331,7.102652876301216,6.982675631769101,7.020382765764908,5654600.0
2005-10-18,20.5,20.82,20.49,20.73,1651350.0,0.0,1.0,7.027238608309601,7.136932089024677,7.023810687037254,7.106080797573562,4403600.0
2005-10-19,20.7,21.3,20.6,21.22,2096550.0,0.0,1.0,7.095797033756523,7.301472310097292,7.061517821033062,7.274048939918523,5590800.0
2005-10-20,21.14,21.45,20.48,20.67,1759050.0,0.0,1.0,7.246625569739754,7.352891129182484,7.020382765764908,7.085513269939486,4690800.0
2005-10-21,20.71,21.65,20.62,21.2,2040975.0,0.0,1.0,7.09922495502887,7.421449554629407,7.068373663577755,7.267193097373831,5442600.0
2005-10-24,21.14,21.98,21.14,21.69,1799175.0,0.0,1.0,7.246625569739754,7.534570956616831,7.246625569739754,7.435161239718792,4797800.0
2005-10-25,16.45,16.5,15.98,16.15,1177050.0,0.0,1.3333333333333333,7.518573990679214,7.541426799161522,7.303757590945523,7.381457139785368,2354100.0
2005-10-26,16.11,16.31,15.52,15.53,1692900.0,0.0,1.0,7.363174892999522,7.454586126928753,7.0935117529082925,7.098082314604754,3385800.0
2005-10-27,15.48,15.69,15.22,15.24,1616600.0,0.0,1.0,7.075229506122446,7.171211301748138,6.956394902014447,6.96553602540737,3233200.0
2005-10-28,15.37,15.86,15.2,15.54,3091600.0,0.0,1.0,7.024953327461369,7.2489108505879845,6.947253778621524,7.102652876301216,6183200.0
2005-10-31,15.5,15.79,15.42,15.77,2400300.0,0.0,1.0,7.0843706295153694,7.216916918712753,7.047806135943677,7.20777579531983,4800600.0
2005-11-01,15.63,16.23,15.6,16.19,4223000.0,0.0,1.0,7.14378793156937,7.418021633357061,7.130076246479985,7.399739386571215,8446000.0
2005-11-02,16.24,17.25,16.18,16.81,8254700.0,0.0,1.0,7.422592195053522,7.884218926396137,7.395168824874753,7.683114211751829,16509400.0
2005-11-03,16.96,18.0,16.95,17.38,7185500.0,0.0,1.0,7.7516726371987525,8.227011053630752,7.747102075502291,7.943636228450137,14371000.0
2005-11-04,17.98,18.0,17.11,17.42,4848600.0,0.0,1.0,8.217869930237828,8.227011053630752,7.820231062645675,7.961918475235984,9697200.0
2005-11-07,17.38,17.53,17.21,17.41,2453400.0,0.0,1.0,7.943636228450137,8.01219465389706,7.865936679610291,7.957347913539522,4906800.0
2005-11-08,17.43,17.43,17.05,17.22,1725700.0,0.0,1.0,7.966489036932444,7.966489036932444,7.792807692466907,7.870507241306751,3451400.0
2005-11-09,17.2,17.28,16.82,16.86,3285300.0,0.0,1.0,7.861366117913829,7.897930611485522,7.687684773448291,7.705967020234137,6570600.0
2005-11-10,16.95,17.0,16.65,16.91,1771300.0,0.0,1.0,7.747102075502291,7.769954883984599,7.609985224608445,7.728819828716445,3542600.0
2005-11-11,16.93,17.34,16.62,16.69,4335700.0,0.0,1.0,7.7379609521093675,7.925353981664291,7.5962735395190615,7.628267471394292,8671400.0
2005-11-14,16.74,17.23,16.69,17.09,2719200.0,0.0,1.0,7.651120279876598,7.875077803003214,7.628267471394292,7.811089939252752,5438400.0
2005-11-15,18.03,18.03,16.75,16.76,3207200.0,0.0,1.0,8.240722738720137,8.240722738720137,7.655690841573061,7.660261403269523,6414400.0
2005-11-16,17.0,17.08,16.5,16.87,2181900.0,0.0,1.0,7.769954883984599,7.80651937755629,7.541426799161522,7.710537581930599,4363800.0
2005-11-17,16.71,16.89,16.23,16.25,7645400.0,0.0,1.0,7.637408594787215,7.719678705323522,7.418021633357061,7.4271627567499845,15290800.0
2005-11-18,15.25,15.52,14.93,15.18,15881600.0,0.0,1.0,6.970106587103831,7.0935117529082925,6.823848612817062,6.9381126552286005,31763200.0
2005-11-21,15.18,15.32,14.76,14.86,8977600.0,0.0,1.0,6.9381126552286005,7.002100518979062,6.746149063977216,6.791854680941832,17955200.0
2005-11-22,14.4,14.74,14.11,14.67,7814000.0,0.0,1.0,6.581608842904601,6.737007940584293,6.449062553707217,6.705014008709062,15628000.0
2005-11-23,14.85,14.95,14.59,14.73,3471100.0,0.0,1.0,6.78728411924537,6.832989736209985,6.66844951513737,6.732437378887832,6942200.0
2005-11-25,14.73,14.73,14.4,14.71,982400.0,0.0,1.0,6.732437378887832,6.732437378887832,6.581608842904601,6.723296255494909,1964800.0
2005-11-28,14.75,14.92,14.16,14.2,5224900.0,0.0,1.0,6.741578502280754,6.819278051120601,6.471915362189525,6.490197608975371,10449800.0
2005-11-29,14.15,14.23,13.66,13.81,8022900.0,0.0,1.0,6.467344800493064,6.503909294064756,6.243387277366448,6.311945702813372,16045800.0
2005-11-30,13.64,13.79,13.29,13.31,17146300.0,0.0,1.0,6.234246153973525,6.302804579420448,6.074276494597371,6.083417617990295,34292600.0
2005-12-01,13.41,13.45,13.14,13.22,10465300.0,0.0,1.0,6.12912323495491,6.147405481740756,6.005718069150449,6.042282562722141,20930600.0
2005-12-02,13.31,13.52,13.25,13.37,6704400.0,0.0,1.0,6.083417617990295,6.179399413615987,6.055994247811525,6.1108409881690635,13408800.0
2005-12-05,13.55,13.55,12.94,13.19,10036700.0,0.0,1.0,6.193111098705372,6.193111098705372,5.914306835221218,6.028570877632756,20073400.0
2005-12-06,13.22,13.69,13.22,13.58,7524700.0,0.0,1.0,6.042282562722141,6.257098962455832,6.042282562722141,6.206822783794756,15049400.0
2005-12-07,13.82,13.91,13.3,13.47,8158300.0,0.0,1.0,6.316516264509833,6.357651319777986,6.078847056293833,6.15654660513368,16316600.0
2005-12-08,13.65,13.79,13.39,13.42,3246800.0,0.0,1.0,6.238816715669987,6.302804579420448,6.1199821115619875,6.133693796651372,6493600.0
2005-12-09,13.67,13.95,13.61,13.88,4899000.0,0.0,1.0,6.247957839062909,6.375933566563832,6.22053446888414,6.343939634688602,9798000.0
2005-12-12,14.25,14.31,13.62,13.72,5149400.0,0.0,1.0,6.513050417457678,6.540473787636448,6.225105030580601,6.270810647545217,10298800.0
2005-12-13,13.77,13.83,13.52,13.58,3888100.0,0.0,1.0,6.293663456027525,6.321086826206294,6.179399413615987,6.206822783794756,7776200.0
2005-12-14,13.89,14.65,13.67,14.3,15496800.0,0.0,1.0,6.348510196385064,6.69587288531614,6.247957839062909,6.535903225939986,30993600.0
2005-12-15,13.3,13.9,13.0,13.15,28997300.0,0.0,1.0,6.078847056293833,6.353080758081525,5.941730205399987,6.010288630846911,57994600.0
2005-12-16,13.25,13.6,13.04,13.46,16619100.0,0.0,1.0,6.055994247811525,6.215963907187679,5.960012452185833,6.151976043437218,33238200.0
2005-12-19,13.4,13.52,13.2,13.23,4757400.0,0.0,1.0,6.1245526732584485,6.179399413615987,6.033141439329217,6.046853124418603,9514800.0
2005-12-20,13.26,13.4,13.0,13.03,5244000.0,0.0,1.0,6.060564809507987,6.1245526732584485,5.941730205399987,5.955441890489372,10488000.0
2005-12-21,13.12,13.87,13.09,13.59,6282800.0,0.0,1.0,5.996576945757525,6.33936907299214,5.982865260668141,6.211393345491217,12565600.0
2005-12-22,13.58,13.8,13.5,13.64,4175200.0,0.0,1.0,6.206822783794756,6.30737514111691,6.170258290223064,6.234246153973525,8350400.0
2005-12-23,13.6,13.7,13.45,13.51,2384300.0,0.0,1.0,6.215963907187679,6.2616695241522935,6.147405481740756,6.174828851919525,4768600.0
2005-12-27,13.58,13.65,13.25,13.29,2442100.0,0.0,1.0,6.206822783794756,6.238816715669987,6.055994247811525,6.074276494597371,4884200.0
2005-12-28,13.46,13.66,13.28,13.6,4225200.0,0.0,1.0,6.151976043437218,6.243387277366448,6.06970593290091,6.215963907187679,8450400.0
2005-12-29,13.68,14.21,13.58,13.98,5305100.0,0.0,1.0,6.252528400759371,6.494768170671833,6.206822783794756,6.389645251653217,10610200.0
2005-12-30,13.91,13.94,13.65,13.74,3981100.0,0.0,1.0,6.357651319777986,6.371363004867371,6.238816715669987,6.2799517709381405,7962200.0
2006-01-03,13.79,14.09,13.4,13.94,5802600.0,0.0,1.0,6.302804579420448,6.4399214303142935,6.1245526732584485,6.371363004867371,11605200.0
2006-01-04,13.93,14.2,13.7,14.11,3263600.0,0.0,1.0,6.366792443170909,6.490197608975371,6.2616695241522935,6.449062553707217,6527200.0
2006-01-05,14.45,14.56,14.14,14.23,3878400.0,0.0,1.0,6.6044616513869085,6.654737830047986,6.462774238796602,6.503909294064756,7756800.0
2006-01-06,14.27,14.94,14.15,14.89,7248500.0,0.0,1.0,6.522191540850601,6.828419174513524,6.467344800493064,6.805566366031217,14497000.0
2006-01-09,14.65,15.07,14.43,14.75,4407700.0,0.0,1.0,6.69587288531614,6.887836476567524,6.5953205279939855,6.741578502280754,8815400.0
2006-01-10,14.55,15.0,14.55,14.79,3103900.0,0.0,1.0,6.650167268351525,6.855842544692293,6.650167268351525,6.7598607490666005,6207800.0
2006-01-11,14.74,15.93,14.64,15.69,10257600.0,0.0,1.0,6.737007940584293,7.280904782463215,6.691302323619678,7.171211301748138,20515200.0
2006-01-12,15.63,15.85,15.39,15.49,4640800.0,0.0,1.0,7.14378793156937,7.2443402888915225,7.034094450854293,7.079800067818908,9281600.0
2006-01-13,15.5,15.5,14.87,14.9,5700300.0,0.0,1.0,7.0843706295153694,7.0843706295153694,6.796425242638293,6.810136927727678,11400600.0
2006-01-17,14.73,14.85,14.47,14.52,3404300.0,0.0,1.0,6.732437378887832,6.78728411924537,6.6136027747798325,6.63645558326214,6808600.0
2006-01-18,14.37,14.83,14.32,14.35,4355400.0,0.0,1.0,6.567897157815216,6.778142995852447,6.545044349332909,6.558756034422293,8710800.0
2006-01-19,14.37,14.71,14.05,14.57,3271500.0,0.0,1.0,6.567897157815216,6.723296255494909,6.421639183528448,6.659308391744448,6543000.0
2006-01-20,14.51,14.58,13.91,14.02,5281000.0,0.0,1.0,6.631885021565678,6.663878953440909,6.357651319777986,6.407927498439063,10562000.0
2006-01-23,14.19,14.19,13.98,13.99,3300900.0,0.0,1.0,6.485627047278909,6.485627047278909,6.389645251653217,6.394215813349678,6601800.0
2006-01-24,14.03,14.08,13.78,14.05,6129400.0,0.0,1.0,6.412498060135524,6.4353508686178325,6.298234017723987,6.421639183528448,12258800.0
2006-01-25,14.1,14.14,13.68,13.77,4809100.0,0.0,1.0,6.4444919920107555,6.462774238796602,6.252528400759371,6.293663456027525,9618200.0
2006-01-26,13.8,14.19,13.74,14.09,5095900.0,0.0,1.0,6.30737514111691,6.485627047278909,6.2799517709381405,6.4399214303142935,10191800.0
2006-01-27,14.13,14.27,13.77,13.99,3646300.0,0.0,1.0,6.4582036771001405,6.522191540850601,6.293663456027525,6.394215813349678,7292600.0
2006-01-30,14.07,14.07,13.7,14.0,3415900.0,0.0,1.0,6.430780306921371,6.430780306921371,6.2616695241522935,6.39878637504614,6831800.0
2006-01-31,13.95,14.43,13.78,14.34,3978200.0,0.0,1.0,6.375933566563832,6.5953205279939855,6.298234017723987,6.554185472725832,7956400.0
2006-02-01,14.22,14.55,13.93,14.2,3388100.0,0.0,1.0,6.499338732368294,6.650167268351525,6.366792443170909,6.490197608975371,6776200.0
2006-02-02,14.16,14.22,13.84,13.95,3820600.0,0.0,1.0,6.471915362189525,6.499338732368294,6.325657387902756,6.375933566563832,7641200.0
2006-02-03,13.85,14.5,13.76,14.08,5302600.0,0.0,1.0,6.330227949599217,6.627314459869217,6.2890928943310636,6.4353508686178325,10605200.0
2006-02-06,14.16,14.54,14.0,14.36,8157800.0,0.0,1.0,6.471915362189525,6.645596706655062,6.39878637504614,6.563326596118755,16315600.0
2006-02-07,13.62,14.44,13.39,13.56,20611500.0,0.0,1.0,6.225105030580601,6.5998910896904475,6.1199821115619875,6.197681660401833,41223000.0
2006-02-08,13.57,13.57,13.29,13.5,6348400.0,0.0,1.0,6.202252222098294,6.202252222098294,6.074276494597371,6.170258290223064,12696800.0
2006-02-09,13.47,13.59,12.75,12.89,8583200.0,0.0,1.0,6.15654660513368,6.211393345491217,5.827466162988449,5.891454026738911,17166400.0
2006-02-10,12.81,13.13,12.65,12.95,4662800.0,0.0,1.0,5.854889533167219,6.001147507453988,5.7817605460238335,5.918877396917679,9325600.0
2006-02-13,12.98,13.27,12.89,13.07,5266100.0,0.0,1.0,5.932589082007064,6.065135371204448,5.891454026738911,5.973724137275218,10532200.0
2006-02-14,13.05,13.08,12.66,12.68,5768000.0,0.0,1.0,5.9645830138822955,5.97829469897168,5.7863311077202955,5.7954722311132185,11536000.0
2006-02-15,12.65,12.7,12.31,12.47,8582700.0,0.0,1.0,5.7817605460238335,5.804613354506141,5.626361448344142,5.699490435487527,17165400.0
2006-02-16,12.59,12.6,12.03,12.14,14773400.0,0.0,1.0,5.754337175845064,5.758907737541526,5.498385720843219,5.548661899504296,29546800.0
2006-02-17,12.1,12.52,12.06,12.18,8358000.0,0.0,1.0,5.53037965271845,5.722343243969834,5.512097405932604,5.566944146290142,16716000.0
2006-02-21,12.24,12.32,12.03,12.11,3155200.0,0.0,1.0,5.594367516468911,5.6309320100406035,5.498385720843219,5.534950214414911,6310400.0
2006-02-22,12.14,12.45,12.04,12.16,4360000.0,0.0,1.0,5.548661899504296,5.690349312094603,5.50295628253968,5.557803022897219,8720000.0
2006-02-23,12.17,12.19,12.02,12.04,5699800.0,0.0,1.0,5.56237358459368,5.571514707986603,5.493815159146758,5.50295628253968,11399600.0
2006-02-24,12.03,12.29,11.94,12.23,5303600.0,0.0,1.0,5.498385720843219,5.6172203249512185,5.4572506655750646,5.589796954772449,10607200.0
2006-02-27,12.3,12.81,12.27,12.75,5743500.0,0.0,1.0,5.6217908866476805,5.854889533167219,5.608079201558295,5.827466162988449,11487000.0
2006-02-28,12.75,12.79,12.29,12.5,4979400.0,0.0,1.0,5.827466162988449,5.845748409774295,5.6172203249512185,5.713202120576911,9958800.0
2006-03-01,12.52,12.74,12.38,12.69,4853500.0,0.0,1.0,5.722343243969834,5.822895601291988,5.658355380219373,5.80004279280968,9707000.0
2006-03-02,12.63,12.78,12.48,12.57,2261600.0,0.0,1.0,5.772619422630911,5.841177848077833,5.704060997183988,5.745196052452141,4523200.0
2006-03-03,12.48,12.74,12.46,12.59,4519300.0,0.0,1.0,5.704060997183988,5.822895601291988,5.694919873791065,5.754337175845064,9038600.0
2006-03-06,12.51,12.55,12.15,12.16,5750400.0,0.0,1.0,5.717772682273372,5.736054929059219,5.553232461200757,5.557803022897219,11500800.0
2006-03-07,12.15,12.22,12.06,12.17,4796900.0,0.0,1.0,5.553232461200757,5.585226393075988,5.512097405932604,5.56237358459368,9593800.0
2006-03-08,12.14,12.31,12.07,12.09,6771100.0,0.0,1.0,5.548661899504296,5.626361448344142,5.516667967629065,5.525809091021988,13542200.0
2006-03-09,12.1,12.25,12.07,12.15,4105700.0,0.0,1.0,5.53037965271845,5.598938078165372,5.516667967629065,5.553232461200757,8211400.0
2006-03-10,12.1,12.12,11.81,11.91,10314800.0,0.0,1.0,5.53037965271845,5.539520776111372,5.397833363521065,5.44353898048568,20629600.0
2006-03-13,11.92,12.66,11.92,12.61,8966100.0,0.0,1.0,5.448109542182142,5.7863311077202955,5.448109542182142,5.763478299237987,17932200.0
2006-03-14,12.57,13.38,12.5,13.21,10613000.0,0.0,1.0,5.745196052452141,6.1154115498655255,5.713202120576911,6.03771200102568,21226000.0
2006-03-15,13.8,14.0,13.64,13.93,12149700.0,0.0,1.0,6.30737514111691,6.39878637504614,6.234246153973525,6.366792443170909,24299400.0
2006-03-16,14.02,14.07,13.73,13.8,7798300.0,0.0,1.0,6.407927498439063,6.430780306921371,6.275381209241679,6.30737514111691,15596600.0
2006-03-17,13.93,14.09,13.74,14.07,4535300.0,0.0,1.0,6.366792443170909,6.4399214303142935,6.2799517709381405,6.430780306921371,9070600.0
2006-03-20,14.11,14.16,13.96,14.08,4871400.0,0.0,1.0,6.449062553707217,6.471915362189525,6.380504128260294,6.4353508686178325,9742800.0
2006-03-21,14.06,14.49,14.0,14.06,6077000.0,0.0,1.0,6.426209745224909,6.6227438981727556,6.39878637504614,6.426209745224909,12154000.0
2006-03-22,13.9,14.26,13.81,14.15,6202600.0,0.0,1.0,6.353080758081525,6.51762097915414,6.311945702813372,6.467344800493064,12405200.0
2006-03-23,14.1,14.23,13.84,13.87,4474000.0,0.0,1.0,6.4444919920107555,6.503909294064756,6.325657387902756,6.33936907299214,8948000.0
2006-03-24,13.86,14.01,13.73,13.79,3756500.0,0.0,1.0,6.334798511295679,6.403356936742601,6.275381209241679,6.302804579420448,7513000.0
2006-03-27,13.79,14.08,13.75,14.03,3939300.0,0.0,1.0,6.302804579420448,6.4353508686178325,6.284522332634602,6.412498060135524,7878600.0
2006-03-28,14.04,14.19,13.82,13.91,3209300.0,0.0,1.0,6.4170686218319855,6.485627047278909,6.316516264509833,6.357651319777986,6418600.0
2006-03-29,13.88,14.09,13.81,13.97,2325300.0,0.0,1.0,6.343939634688602,6.4399214303142935,6.311945702813372,6.385074689956756,4650600.0
2006-03-30,14.01,14.04,13.82,13.99,2892200.0,0.0,1.0,6.403356936742601,6.4170686218319855,6.316516264509833,6.394215813349678,5784400.0
2006-03-31,14.01,14.02,13.62,13.79,4194300.0,0.0,1.0,6.403356936742601,6.407927498439063,6.225105030580601,6.302804579420448,8388600.0
2006-04-03,13.9,14.03,13.69,13.78,3671200.0,0.0,1.0,6.353080758081525,6.412498060135524,6.257098962455832,6.298234017723987,7342400.0
2006-04-04,13.82,13.97,13.52,13.62,3707200.0,0.0,1.0,6.316516264509833,6.385074689956756,6.179399413615987,6.225105030580601,7414400.0
2006-04-05,13.64,13.64,13.35,13.48,4076800.0,0.0,1.0,6.234246153973525,6.234246153973525,6.1016998647761405,6.161117166830141,8153600.0
2006-04-06,13.48,13.52,13.32,13.47,3849400.0,0.0,1.0,6.161117166830141,6.179399413615987,6.087988179686756,6.15654660513368,7698800.0
2006-04-07,13.56,13.74,13.41,13.52,2626200.0,0.0,1.0,6.197681660401833,6.2799517709381405,6.12912323495491,6.179399413615987,5252400.0
2006-04-10,13.58,13.6,13.02,13.15,7274000.0,0.0,1.0,6.206822783794756,6.215963907187679,5.9508713287929105,6.010288630846911,14548000.0
2006-04-11,13.19,13.31,12.95,13.1,3586200.0,0.0,1.0,6.028570877632756,6.083417617990295,5.918877396917679,5.987435822364603,7172400.0
2006-04-12,13.16,13.55,13.01,13.3,4134200.0,0.0,1.0,6.014859192543372,6.193111098705372,5.9463007670964485,6.078847056293833,8268400.0
2006-04-13,13.28,13.56,13.21,13.33,1739100.0,0.0,1.0,6.06970593290091,6.197681660401833,6.03771200102568,6.092558741383217,3478200.0
2006-04-17,13.29,13.5,12.88,12.9,4055200.0,0.0,1.0,6.074276494597371,6.170258290223064,5.886883465042449,5.896024588435372,8110400.0
2006-04-18,13.37,14.01,13.24,13.6,8631100.0,0.0,1.0,6.1108409881690635,6.403356936742601,6.051423686115064,6.215963907187679,17262200.0
2006-04-19,13.51,13.82,13.51,13.67,5374700.0,0.0,1.0,6.174828851919525,6.316516264509833,6.174828851919525,6.247957839062909,10749400.0
2006-04-20,13.61,13.9,13.55,13.88,3300700.0,0.0,1.0,6.22053446888414,6.353080758081525,6.193111098705372,6.343939634688602,6601400.0
2006-04-21,13.9,13.9,13.61,13.65,3154900.0,0.0,1.0,6.353080758081525,6.353080758081525,6.22053446888414,6.238816715669987,6309800.0
2006-04-24,13.62,13.76,13.23,13.49,2887100.0,0.0,1.0,6.225105030580601,6.2890928943310636,6.046853124418603,6.165687728526602,5774200.0
2006-04-25,13.43,13.75,13.43,13.6,3063900.0,0.0,1.0,6.138264358347833,6.284522332634602,6.138264358347833,6.215963907187679,6127800.0
2006-04-26,13.66,13.94,13.46,13.52,2966500.0,0.0,1.0,6.243387277366448,6.371363004867371,6.151976043437218,6.179399413615987,5933000.0
2006-04-27,13.42,14.01,13.39,13.91,4442600.0,0.0,1.0,6.133693796651372,6.403356936742601,6.1199821115619875,6.357651319777986,8885200.0
2006-04-28,13.97,14.22,13.67,14.19,4687500.0,0.0,1.0,6.385074689956756,6.499338732368294,6.247957839062909,6.485627047278909,9375000.0
2006-05-01,14.21,14.23,13.45,13.51,5284100.0,0.0,1.0,6.494768170671833,6.503909294064756,6.147405481740756,6.174828851919525,10568200.0
2006-05-02,13.55,13.69,13.25,13.42,4487900.0,0.0,1.0,6.193111098705372,6.257098962455832,6.055994247811525,6.133693796651372,8975800.0
2006-05-03,13.35,13.76,13.15,13.64,6303700.0,0.0,1.0,6.1016998647761405,6.2890928943310636,6.010288630846911,6.234246153973525,12607400.0
2006-05-04,13.1,13.65,12.95,13.09,8013300.0,0.0,1.0,5.987435822364603,6.238816715669987,5.918877396917679,5.982865260668141,16026600.0
2006-05-05,13.81,15.11,13.8,14.76,17258800.0,0.0,1.0,6.311945702813372,6.906118723353369,6.30737514111691,6.746149063977216,34517600.0
2006-05-08,14.99,14.99,14.37,14.48,6178400.0,0.0,1.0,6.851271982995832,6.851271982995832,6.567897157815216,6.618173336476294,12356800.0
2006-05-09,14.57,14.97,14.5,14.92,4823700.0,0.0,1.0,6.659308391744448,6.842130859602909,6.627314459869217,6.819278051120601,9647400.0
2006-05-10,14.9,14.91,14.36,14.4,5950400.0,0.0,1.0,6.810136927727678,6.81470748942414,6.563326596118755,6.581608842904601,11900800.0
2006-05-11,14.4,14.44,13.84,13.9,4201600.0,0.0,1.0,6.581608842904601,6.5998910896904475,6.325657387902756,6.353080758081525,8403200.0
2006-05-12,13.81,13.82,13.32,13.39,4601900.0,0.0,1.0,6.311945702813372,6.316516264509833,6.087988179686756,6.1199821115619875,9203800.0
2006-05-15,13.34,13.51,13.26,13.4,4066400.0,0.0,1.0,6.097129303079679,6.174828851919525,6.060564809507987,6.1245526732584485,8132800.0
2006-05-16,13.26,13.62,13.13,13.22,3778700.0,0.0,1.0,6.060564809507987,6.225105030580601,6.001147507453988,6.042282562722141,7557400.0
2006-05-17,13.22,13.36,12.77,12.96,4259900.0,0.0,1.0,6.042282562722141,6.106270426472602,5.836607286381372,5.923447958614141,8519800.0
2006-05-18,12.91,12.98,12.59,12.61,5031000.0,0.0,1.0,5.900595150131833,5.932589082007064,5.754337175845064,5.763478299237987,10062000.0
2006-05-19,12.73,12.75,12.14,12.23,10467800.0,0.0,1.0,5.818325039595527,5.827466162988449,5.548661899504296,5.589796954772449,20935600.0
2006-05-22,12.4,12.85,11.85,12.07,13115000.0,0.0,1.0,5.667496503612296,5.873171779953064,5.416115610306911,5.516667967629065,26230000.0
2006-05-23,12.36,12.59,12.21,12.22,5025300.0,0.0,1.0,5.649214256826449,5.754337175845064,5.580655831379527,5.585226393075988,10050600.0
2006-05-24,12.22,12.53,12.09,12.17,5321800.0,0.0,1.0,5.585226393075988,5.726913805666295,5.525809091021988,5.56237358459368,10643600.0
2006-05-25,12.25,12.84,12.25,12.84,4702100.0,0.0,1.0,5.598938078165372,5.868601218256603,5.598938078165372,5.868601218256603,9404200.0
2006-05-26,12.73,13.0,12.62,12.74,7274600.0,0.0,1.0,5.818325039595527,5.941730205399987,5.7680488609344485,5.822895601291988,14549200.0
2006-05-30,12.85,13.0,12.45,12.57,3873300.0,0.0,1.0,5.873171779953064,5.941730205399987,5.690349312094603,5.745196052452141,7746600.0
2006-05-31,12.65,13.08,12.55,13.08,9364500.0,0.0,1.0,5.7817605460238335,5.97829469897168,5.736054929059219,5.97829469897168,18729000.0
2006-06-01,13.03,13.12,12.66,13.01,4474700.0,0.0,1.0,5.955441890489372,5.996576945757525,5.7863311077202955,5.9463007670964485,8949400.0
2006-06-02,13.09,13.23,12.8,13.01,3743100.0,0.0,1.0,5.982865260668141,6.046853124418603,5.850318971470757,5.9463007670964485,7486200.0
2006-06-05,13.03,13.06,12.46,12.53,4124500.0,0.0,1.0,5.955441890489372,5.969153575578757,5.694919873791065,5.726913805666295,8249000.0
2006-06-06,12.53,12.76,12.25,12.35,3245900.0,0.0,1.0,5.726913805666295,5.832036724684911,5.598938078165372,5.644643695129988,6491800.0
2006-06-07,12.31,12.66,12.29,12.32,4559200.0,0.0,1.0,5.626361448344142,5.7863311077202955,5.6172203249512185,5.6309320100406035,9118400.0
2006-06-08,12.25,12.5,11.91,12.27,4043800.0,0.0,1.0,5.598938078165372,5.713202120576911,5.44353898048568,5.608079201558295,8087600.0
2006-06-09,12.26,12.47,12.15,12.23,3215200.0,0.0,1.0,5.603508639861834,5.699490435487527,5.553232461200757,5.589796954772449,6430400.0
2006-06-12,12.25,12.25,11.55,11.59,5384400.0,0.0,1.0,5.598938078165372,5.598938078165372,5.278998759413066,5.2972810061989115,10768800.0
2006-06-13,11.54,11.86,11.33,11.65,6718100.0,0.0,1.0,5.274428197716603,5.420686172003372,5.178446402090912,5.324704376377681,13436200.0
2006-06-14,11.57,11.62,11.14,11.31,4310000.0,0.0,1.0,5.2881398828059885,5.310992691288296,5.091605729858143,5.169305278697989,8620000.0
2006-06-15,11.34,11.76,11.3,11.5,4374300.0,0.0,1.0,5.183016963787374,5.374980555038758,5.164734717001528,5.256145950930758,8748600.0
2006-06-16,11.46,11.8,11.45,11.58,5694800.0,0.0,1.0,5.237863704144912,5.393262801824604,5.23329314244845,5.29271044450245,11389600.0
2006-06-19,11.4,11.45,10.75,11.14,13101400.0,0.0,1.0,5.210440333966143,5.23329314244845,4.913353823696143,5.091605729858143,26202800.0
2006-06-20,11.26,11.5,11.0,11.01,9665600.0,0.0,1.0,5.1464524702156815,5.256145950930758,5.027617866107682,5.032188427804143,19331200.0
2006-06-21,11.06,11.42,10.98,11.21,5673700.0,0.0,1.0,5.055041236286451,5.219581457359066,5.018476742714759,5.123599661733374,11347400.0
2006-06-22,11.13,11.4,11.1,11.35,4364400.0,0.0,1.0,5.087035168161682,5.210440333966143,5.073323483072297,5.187587525483835,8728800.0
2006-06-23,11.28,11.48,11.03,11.4,3178900.0,0.0,1.0,5.155593593608604,5.247004827537835,5.041329551197066,5.210440333966143,6357800.0
2006-06-26,11.46,11.5,11.3,11.37,2883100.0,0.0,1.0,5.237863704144912,5.256145950930758,5.164734717001528,5.196728648876758,5766200.0
2006-06-27,11.4,11.45,11.0,11.07,2750700.0,0.0,1.0,5.210440333966143,5.23329314244845,5.027617866107682,5.059611797982912,5501400.0
2006-06-28,11.08,11.08,10.71,10.75,6304700.0,0.0,1.0,5.064182359679374,5.064182359679374,4.895071576910298,4.913353823696143,12609400.0
2006-06-29,10.9,11.51,10.85,11.48,5126200.0,0.0,1.0,4.9819122491430665,5.260716512627219,4.959059440660758,5.247004827537835,10252400.0
2006-06-30,11.45,11.5,11.2,11.38,4698500.0,0.0,1.0,5.23329314244845,5.256145950930758,5.1190291000369115,5.20129921057322,9397000.0
2006-07-03,11.29,11.73,11.29,11.69,1163500.0,0.0,1.0,5.160164155305066,5.361268869949373,5.160164155305066,5.342986623163527,2327000.0
2006-07-05,11.64,11.68,11.17,11.2,4220400.0,0.0,1.0,5.32013381468122,5.338416061467066,5.105317414947527,5.1190291000369115,8440800.0
2006-07-06,11.25,11.41,11.16,11.24,6414600.0,0.0,1.0,5.14188190851922,5.215010895662604,5.100746853251066,5.1373113468227585,12829200.0
2006-07-07,11.14,11.21,10.82,10.83,6793100.0,0.0,1.0,5.091605729858143,5.123599661733374,4.945347755571374,4.949918317267835,13586200.0
2006-07-10,10.85,11.0,10.62,10.73,7102900.0,0.0,1.0,4.959059440660758,5.027617866107682,4.853936521642143,4.90421270030322,14205800.0
2006-07-11,10.65,10.8,10.47,10.72,6945300.0,0.0,1.0,4.867648206731528,4.936206632178451,4.78537809619522,4.899642138606759,13890600.0
2006-07-12,10.76,10.97,10.54,10.88,9711100.0,0.0,1.0,4.917924385392605,5.013906181018298,4.817372028070451,4.9727711257501435,19422200.0
2006-07-13,10.9,11.09,10.73,10.91,8757200.0,0.0,1.0,4.9819122491430665,5.068752921375835,4.90421270030322,4.986482810839528,17514400.0
2006-07-14,11.2,11.42,10.99,11.29,12037200.0,0.0,1.0,5.1190291000369115,5.219581457359066,5.02304730441122,5.160164155305066,24074400.0
2006-07-17,11.22,11.32,11.07,11.21,4619500.0,0.0,1.0,5.128170223429835,5.173875840394451,5.059611797982912,5.123599661733374,9239000.0
2006-07-18,11.3,11.74,11.26,11.61,6564400.0,0.0,1.0,5.164734717001528,5.365839431645835,5.1464524702156815,5.306422129591835,13128800.0
2006-07-19,11.63,12.3,11.61,12.09,5767400.0,0.0,1.0,5.3155632529847585,5.6217908866476805,5.306422129591835,5.525809091021988,11534800.0
2006-07-20,12.07,12.21,11.91,12.08,3531900.0,0.0,1.0,5.516667967629065,5.580655831379527,5.44353898048568,5.521238529325527,7063800.0
2006-07-21,12.0,12.12,11.73,11.8,3255700.0,0.0,1.0,5.484674035753835,5.539520776111372,5.361268869949373,5.393262801824604,6511400.0
2006-07-24,11.86,11.92,11.71,11.88,3445300.0,0.0,1.0,5.420686172003372,5.448109542182142,5.352127746556451,5.429827295396296,6890600.0
2006-07-25,11.88,12.17,11.78,12.08,5053800.0,0.0,1.0,5.429827295396296,5.56237358459368,5.38412167843168,5.521238529325527,10107600.0
2006-07-26,12.04,12.58,12.04,12.38,4124900.0,0.0,1.0,5.50295628253968,5.749766614148603,5.50295628253968,5.658355380219373,8249800.0
2006-07-27,12.42,12.58,12.29,12.33,3315000.0,0.0,1.0,5.676637627005219,5.749766614148603,5.6172203249512185,5.635502571737065,6630000.0
2006-07-28,12.45,12.54,12.3,12.47,3598200.0,0.0,1.0,5.690349312094603,5.731484367362756,5.6217908866476805,5.699490435487527,7196400.0
2006-07-31,12.2,12.31,11.68,11.95,8494600.0,0.0,1.0,5.576085269683064,5.626361448344142,5.338416061467066,5.4618212272715265,16989200.0
2006-08-01,11.68,11.89,11.49,11.61,5342100.0,0.0,1.0,5.338416061467066,5.434397857092758,5.251575389234296,5.306422129591835,10684200.0
2006-08-02,11.65,12.49,11.65,12.26,7062600.0,0.0,1.0,5.324704376377681,5.708631558880449,5.324704376377681,5.603508639861834,14125200.0
2006-08-03,12.2,12.6,11.89,12.44,6573900.0,0.0,1.0,5.576085269683064,5.758907737541526,5.434397857092758,5.685778750398142,13147800.0
2006-08-04,13.6,13.74,12.72,12.8,11272800.0,0.0,1.0,6.215963907187679,6.2799517709381405,5.813754477899065,5.850318971470757,22545600.0
2006-08-07,12.7,12.8,12.29,12.51,4466700.0,0.0,1.0,5.804613354506141,5.850318971470757,5.6172203249512185,5.717772682273372,8933400.0
2006-08-08,12.57,12.79,12.37,12.6,2901700.0,0.0,1.0,5.745196052452141,5.845748409774295,5.653784818522911,5.758907737541526,5803400.0
2006-08-09,12.74,12.93,12.35,12.41,4518400.0,0.0,1.0,5.822895601291988,5.909736273524756,5.644643695129988,5.672067065308757,9036800.0
2006-08-10,12.41,12.93,12.35,12.89,4797100.0,0.0,1.0,5.672067065308757,5.909736273524756,5.644643695129988,5.891454026738911,9594200.0
2006-08-11,12.91,13.0,12.64,12.94,4678200.0,0.0,1.0,5.900595150131833,5.941730205399987,5.777189984327372,5.914306835221218,9356400.0
2006-08-14,13.08,13.08,12.74,12.77,3613900.0,0.0,1.0,5.97829469897168,5.97829469897168,5.822895601291988,5.836607286381372,7227800.0
2006-08-15,13.08,13.19,12.84,13.15,2407300.0,0.0,1.0,5.97829469897168,6.028570877632756,5.868601218256603,6.010288630846911,4814600.0
2006-08-16,13.19,13.64,13.02,13.61,4231600.0,0.0,1.0,6.028570877632756,6.234246153973525,5.9508713287929105,6.22053446888414,8463200.0
2006-08-17,13.55,14.19,13.41,13.99,4982700.0,0.0,1.0,6.193111098705372,6.485627047278909,6.12912323495491,6.394215813349678,9965400.0
2006-08-18,13.96,14.1,13.69,13.93,2776100.0,0.0,1.0,6.380504128260294,6.4444919920107555,6.257098962455832,6.366792443170909,5552200.0
2006-08-21,13.94,13.94,13.47,13.57,2309700.0,0.0,1.0,6.371363004867371,6.371363004867371,6.15654660513368,6.202252222098294,4619400.0
2006-08-22,13.63,13.88,13.5,13.55,2186700.0,0.0,1.0,6.229675592277064,6.343939634688602,6.170258290223064,6.193111098705372,4373400.0
2006-08-23,13.53,13.59,12.79,12.99,3987300.0,0.0,1.0,6.183969975312448,6.211393345491217,5.845748409774295,5.9371596437035254,7974600.0
2006-08-24,13.12,13.26,12.82,12.93,3415800.0,0.0,1.0,5.996576945757525,6.060564809507987,5.85946009486368,5.909736273524756,6831600.0
2006-08-25,12.86,13.13,12.85,12.95,1818700.0,0.0,1.0,5.877742341649526,6.001147507453988,5.873171779953064,5.918877396917679,3637400.0
2006-08-28,12.89,13.2,12.89,13.1,1544700.0,0.0,1.0,5.891454026738911,6.033141439329217,5.891454026738911,5.987435822364603,3089400.0
2006-08-29,13.01,13.2,12.71,13.03,2777800.0,0.0,1.0,5.9463007670964485,6.033141439329217,5.8091839162026035,5.955441890489372,5555600.0
2006-08-30,13.06,13.1,12.87,13.04,1688700.0,0.0,1.0,5.969153575578757,5.987435822364603,5.882312903345987,5.960012452185833,3377400.0
2006-08-31,13.09,13.19,12.81,12.9,2352300.0,0.0,1.0,5.982865260668141,6.028570877632756,5.854889533167219,5.896024588435372,4704600.0
2006-09-01,12.93,13.3,12.9,13.12,2373200.0,0.0,1.0,5.909736273524756,6.078847056293833,5.896024588435372,5.996576945757525,4746400.0
2006-09-05,13.15,13.16,12.73,13.01,2761500.0,0.0,1.0,6.010288630846911,6.014859192543372,5.818325039595527,5.9463007670964485,5523000.0
2006-09-06,12.79,13.09,12.55,12.68,5148900.0,0.0,1.0,5.845748409774295,5.982865260668141,5.736054929059219,5.7954722311132185,10297800.0
2006-09-07,12.65,12.86,12.53,12.65,2241400.0,0.0,1.0,5.7817605460238335,5.877742341649526,5.726913805666295,5.7817605460238335,4482800.0
2006-09-08,12.7,13.4,12.7,13.16,3312800.0,0.0,1.0,5.804613354506141,6.1245526732584485,5.804613354506141,6.014859192543372,6625600.0
2006-09-11,13.18,13.32,12.78,13.24,3348900.0,0.0,1.0,6.024000315936295,6.087988179686756,5.841177848077833,6.051423686115064,6697800.0
2006-09-12,13.27,13.99,13.23,13.92,6764700.0,0.0,1.0,6.065135371204448,6.394215813349678,6.046853124418603,6.362221881474448,13529400.0
2006-09-13,13.9,14.04,13.7,13.83,4713000.0,0.0,1.0,6.353080758081525,6.4170686218319855,6.2616695241522935,6.321086826206294,9426000.0
2006-09-14,13.83,14.5,13.76,14.3,5961000.0,0.0,1.0,6.321086826206294,6.627314459869217,6.2890928943310636,6.535903225939986,11922000.0
2006-09-15,14.48,14.49,14.05,14.12,8371300.0,0.0,1.0,6.618173336476294,6.6227438981727556,6.421639183528448,6.453633115403678,16742600.0
2006-09-18,14.11,14.27,13.89,13.93,2910100.0,0.0,1.0,6.449062553707217,6.522191540850601,6.348510196385064,6.366792443170909,5820200.0
2006-09-19,13.94,14.26,13.85,14.09,2781500.0,0.0,1.0,6.371363004867371,6.51762097915414,6.330227949599217,6.4399214303142935,5563000.0
2006-09-20,14.22,14.85,14.12,14.77,8034400.0,0.0,1.0,6.499338732368294,6.78728411924537,6.453633115403678,6.7507196256736774,16068800.0
2006-09-21,14.88,15.07,14.7,14.91,8477000.0,0.0,1.0,6.800995804334755,6.887836476567524,6.718725693798447,6.81470748942414,16954000.0
2006-09-22,14.98,15.07,14.63,14.66,3157900.0,0.0,1.0,6.84670142129937,6.887836476567524,6.686731761923217,6.700443447012601,6315800.0
2006-09-25,14.72,14.88,14.27,14.76,2303100.0,0.0,1.0,6.72786681719137,6.800995804334755,6.522191540850601,6.746149063977216,4606200.0
2006-09-26,14.9,15.67,14.79,15.57,9892300.0,0.0,1.0,6.810136927727678,7.162070178355215,6.7598607490666005,7.116364561390601,19784600.0
2006-09-27,15.55,16.0,15.46,15.55,5725100.0,0.0,1.0,7.1072234379976775,7.312898714338446,7.066088382729523,7.1072234379976775,11450200.0
2006-09-28,15.55,15.63,15.04,15.22,4571100.0,0.0,1.0,7.1072234379976775,7.14378793156937,6.874124791478139,6.956394902014447,9142200.0
2006-09-29,15.2,15.39,15.04,15.1,3010300.0,0.0,1.0,6.947253778621524,7.034094450854293,6.874124791478139,6.901548161656908,6020600.0
2006-10-02,14.99,15.13,14.58,14.7,4403200.0,0.0,1.0,6.851271982995832,6.915259846746293,6.663878953440909,6.718725693798447,8806400.0
2006-10-03,14.7,15.11,14.53,15.0,5030100.0,0.0,1.0,6.718725693798447,6.906118723353369,6.641026144958601,6.855842544692293,10060200.0
2006-10-04,14.9,15.15,14.78,15.14,4427800.0,0.0,1.0,6.810136927727678,6.924400970139216,6.755290187370139,6.919830408442754,8855600.0
2006-10-05,15.06,15.23,14.76,14.95,2452400.0,0.0,1.0,6.883265914871062,6.960965463710909,6.746149063977216,6.832989736209985,4904800.0
2006-10-06,14.96,15.14,14.72,15.03,3644500.0,0.0,1.0,6.837560297906447,6.919830408442754,6.72786681719137,6.869554229781677,7289000.0
2006-10-09,14.96,15.4,14.91,15.34,3353800.0,0.0,1.0,6.837560297906447,7.038665012550754,6.81470748942414,7.011241642371985,6707600.0
2006-10-10,15.44,15.44,14.99,15.09,2364900.0,0.0,1.0,7.0569472593366,7.0569472593366,6.851271982995832,6.896977599960446,4729800.0
2006-10-11,15.03,15.21,14.7,15.02,4284300.0,0.0,1.0,6.869554229781677,6.951824340317986,6.718725693798447,6.864983668085216,8568600.0
2006-10-12,15.04,15.39,14.88,15.29,6059000.0,0.0,1.0,6.874124791478139,7.034094450854293,6.800995804334755,6.988388833889677,12118000.0
2006-10-13,15.4,16.04,15.36,15.87,7740200.0,0.0,1.0,7.038665012550754,7.331180961124292,7.020382765764908,7.2534814122844455,15480400.0
2006-10-16,15.86,15.92,15.3,15.51,4688600.0,0.0,1.0,7.2489108505879845,7.276334220766754,6.992959395586139,7.0889411912118305,9377200.0
2006-10-17,15.46,15.55,15.12,15.26,2902800.0,0.0,1.0,7.066088382729523,7.1072234379976775,6.910689285049831,6.974677148800293,5805600.0
2006-10-18,15.36,15.61,15.17,15.32,2768300.0,0.0,1.0,7.020382765764908,7.134646808176446,6.933542093532139,7.002100518979062,5536600.0
2006-10-19,15.33,15.52,15.14,15.25,2957700.0,0.0,1.0,7.006671080675523,7.0935117529082925,6.919830408442754,6.970106587103831,5915400.0
2006-10-20,15.25,15.31,15.0,15.26,2154400.0,0.0,1.0,6.970106587103831,6.997529957282601,6.855842544692293,6.974677148800293,4308800.0
2006-10-23,15.31,15.53,15.03,15.27,1976800.0,0.0,1.0,6.997529957282601,7.098082314604754,6.869554229781677,6.979247710496754,3953600.0
2006-10-24,15.26,15.26,14.77,14.83,5045200.0,0.0,1.0,6.974677148800293,6.974677148800293,6.7507196256736774,6.778142995852447,10090400.0
2006-10-25,14.84,14.85,14.22,14.27,10456800.0,0.0,1.0,6.782713557548909,6.78728411924537,6.499338732368294,6.522191540850601,20913600.0
2006-10-26,15.3,15.76,14.8,15.62,9843500.0,0.0,1.0,6.992959395586139,7.203205233623369,6.7644313107630625,7.139217369872908,19687000.0
2006-10-27,15.68,15.81,15.23,15.31,5367900.0,0.0,1.0,7.166640740051677,7.226058042105677,6.960965463710909,6.997529957282601,10735800.0
2006-10-30,15.17,15.59,15.17,15.48,4752000.0,0.0,1.0,6.933542093532139,7.125505684783523,6.933542093532139,7.075229506122446,9504000.0
2006-10-31,15.5,15.7,15.18,15.42,3232300.0,0.0,1.0,7.0843706295153694,7.1757818634446,6.9381126552286005,7.047806135943677,6464600.0
2006-11-01,15.44,15.62,15.15,15.32,6075600.0,0.0,1.0,7.0569472593366,7.139217369872908,6.924400970139216,7.002100518979062,12151200.0
2006-11-02,15.24,15.62,15.21,15.5,3894900.0,0.0,1.0,6.96553602540737,7.139217369872908,6.951824340317986,7.0843706295153694,7789800.0
2006-11-03,15.95,16.25,15.8,15.85,6265600.0,0.0,1.0,7.290045905856138,7.4271627567499845,7.221487480409215,7.2443402888915225,12531200.0
2006-11-06,16.0,16.09,15.68,15.7,4976100.0,0.0,1.0,7.312898714338446,7.354033769606599,7.166640740051677,7.1757818634446,9952200.0
2006-11-07,15.66,15.79,15.57,15.65,5041300.0,0.0,1.0,7.157499616658754,7.216916918712753,7.116364561390601,7.152929054962293,10082600.0
2006-11-08,16.14,16.18,15.85,15.87,11172700.0,0.0,1.0,7.376886578088907,7.395168824874753,7.2443402888915225,7.2534814122844455,22345400.0
2006-11-09,16.01,16.08,15.75,15.83,4670000.0,0.0,1.0,7.317469276034908,7.349463207910137,7.198634671926907,7.2351991654986,9340000.0
2006-11-10,15.85,16.44,15.79,16.41,3798000.0,0.0,1.0,7.2443402888915225,7.514003428982754,7.216916918712753,7.500291743893369,7596000.0
2006-11-13,16.64,16.77,16.19,16.23,4070500.0,0.0,1.0,7.605414662911984,7.664831964965983,7.399739386571215,7.418021633357061,8141000.0
2006-11-14,16.23,16.45,16.03,16.44,2254800.0,0.0,1.0,7.418021633357061,7.518573990679214,7.326610399427831,7.514003428982754,4509600.0
2006-11-15,16.41,16.77,16.41,16.65,4238500.0,0.0,1.0,7.500291743893369,7.664831964965983,7.500291743893369,7.609985224608445,8477000.0
2006-11-16,16.53,16.72,16.45,16.6,5143100.0,0.0,1.0,7.555138484250907,7.641979156483675,7.518573990679214,7.587132416126138,10286200.0
2006-11-17,16.48,16.5,16.15,16.28,4168800.0,0.0,1.0,7.532285675768599,7.541426799161522,7.381457139785368,7.4408744418393695,8337600.0
2006-11-20,16.38,16.62,16.2,16.61,3944000.0,0.0,1.0,7.486580058803984,7.5962735395190615,7.404309948267676,7.591702977822599,7888000.0
2006-11-21,16.57,16.89,16.37,16.89,5230900.0,0.0,1.0,7.573420731036753,7.719678705323522,7.482009497107523,7.719678705323522,10461800.0
2006-11-22,16.73,17.25,16.73,17.21,6779300.0,0.0,1.0,7.646549718180138,7.884218926396137,7.646549718180138,7.865936679610291,13558600.0
2006-11-24,17.0,17.25,16.94,17.03,1448600.0,0.0,1.0,7.769954883984599,7.884218926396137,7.74253151380583,7.783666569073984,2897200.0
2006-11-27,17.01,17.15,16.3,16.4,6686500.0,0.0,1.0,7.774525445681061,7.838513309431521,7.450015565232292,7.495721182196906,13373000.0
2006-11-28,16.38,16.58,16.14,16.26,5878700.0,0.0,1.0,7.486580058803984,7.577991292733214,7.376886578088907,7.4317333184464465,11757400.0
2006-11-29,16.4,16.65,16.16,16.58,3169100.0,0.0,1.0,7.495721182196906,7.609985224608445,7.38602770148183,7.577991292733214,6338200.0
2006-11-30,16.55,17.17,16.54,17.0,6316000.0,0.0,1.0,7.56427960764383,7.847654432824445,7.559709045947368,7.769954883984599,12632000.0
2006-12-01,16.99,17.2,16.83,17.14,3793500.0,0.0,1.0,7.765384322288137,7.861366117913829,7.692255335144752,7.83394274773506,7587000.0
2006-12-04,17.15,17.5,17.14,17.48,5041300.0,0.0,1.0,7.838513309431521,7.998482968807675,7.83394274773506,7.989341845414752,10082600.0
2006-12-05,17.65,17.8,17.48,17.59,5958400.0,0.0,1.0,8.067041394254597,8.135599819701522,7.989341845414752,8.039618024075828,11916800.0
2006-12-06,17.59,17.79,17.29,17.53,4200200.0,0.0,1.0,8.039618024075828,8.131029258005059,7.9025011731819825,8.01219465389706,8400400.0
2006-12-07,17.72,17.89,17.5,17.52,4668300.0,0.0,1.0,8.099035326129828,8.176734874969675,7.998482968807675,8.007624092200597,9336600.0
2006-12-08,17.74,18.19,17.62,17.85,7872600.0,0.0,1.0,8.108176449522752,8.313851725863522,8.053329709165213,8.158452628183829,15745200.0
2006-12-11,17.81,17.99,17.5,17.94,4135000.0,0.0,1.0,8.140170381397981,8.22244049193429,7.998482968807675,8.199587683451982,8270000.0
2006-12-12,17.62,17.85,17.4,17.55,3159700.0,0.0,1.0,8.053329709165213,8.158452628183829,7.952777351843059,8.021335777289982,6319400.0
2006-12-13,17.62,17.78,17.36,17.5,2985100.0,0.0,1.0,8.053329709165213,8.126458696308598,7.934495105057214,7.998482968807675,5970200.0
2006-12-14,17.47,17.99,17.45,17.52,5023300.0,0.0,1.0,7.98477128371829,8.22244049193429,7.975630160325367,8.007624092200597,10046600.0
2006-12-15,17.58,17.9,17.45,17.5,4173700.0,0.0,1.0,8.035047462379367,8.181305436666136,7.975630160325367,7.998482968807675,8347400.0
2006-12-18,17.52,17.69,16.73,16.95,5866000.0,0.0,1.0,8.007624092200597,8.085323641040445,7.646549718180138,7.747102075502291,11732000.0
2006-12-19,16.79,17.25,16.52,16.99,5347700.0,0.0,1.0,7.673973088358906,7.884218926396137,7.550567922554445,7.765384322288137,10695400.0
2006-12-20,17.03,17.11,16.79,16.85,4562300.0,0.0,1.0,7.783666569073984,7.820231062645675,7.673973088358906,7.701396458537676,9124600.0
2006-12-21,16.89,16.98,16.71,16.86,5719100.0,0.0,1.0,7.719678705323522,7.760813760591676,7.637408594787215,7.705967020234137,11438200.0
2006-12-22,16.59,16.96,16.53,16.88,4099500.0,0.0,1.0,7.582561854429676,7.7516726371987525,7.555138484250907,7.71510814362706,8199000.0
2006-12-26,16.88,17.04,16.85,17.01,2840400.0,0.0,1.0,7.71510814362706,7.788237130770445,7.701396458537676,7.774525445681061,5680800.0
2006-12-27,17.09,17.47,17.01,17.34,3453400.0,0.0,1.0,7.811089939252752,7.98477128371829,7.774525445681061,7.925353981664291,6906800.0
2006-12-28,17.25,17.5,17.19,17.38,3323400.0,0.0,1.0,7.884218926396137,7.998482968807675,7.856795556217368,7.943636228450137,6646800.0
2006-12-29,17.35,17.64,17.21,17.24,2795500.0,0.0,1.0,7.929924543360753,8.062470832558137,7.865936679610291,7.8796483646996744,5591000.0
2007-01-03,17.56,17.89,16.65,17.16,5384200.0,0.0,1.0,8.025906338986443,8.176734874969675,7.609985224608445,7.843083871127983,10768400.0
2007-01-04,17.15,17.39,16.8,17.3,3132100.0,0.0,1.0,7.838513309431521,7.948206790146599,7.678543650055368,7.9070717348784445,6264200.0
2007-01-05,17.3,17.3,16.76,17.2,4033100.0,0.0,1.0,7.9070717348784445,7.9070717348784445,7.660261403269523,7.861366117913829,8066200.0
2007-01-08,17.13,17.39,16.85,17.19,4730000.0,0.0,1.0,7.829372186038598,7.948206790146599,7.701396458537676,7.856795556217368,9460000.0
2007-01-09,17.28,17.54,16.99,17.18,3100100.0,0.0,1.0,7.897930611485522,8.016765215593521,7.765384322288137,7.852224994520906,6200200.0
2007-01-10,17.01,17.59,17.01,17.53,2370100.0,0.0,1.0,7.774525445681061,8.039618024075828,7.774525445681061,8.01219465389706,4740200.0
2007-01-11,18.08,18.55,17.85,18.43,9170400.0,0.0,1.0,8.263575547202443,8.478391946936137,8.158452628183829,8.423545206578597,18340800.0
2007-01-12,18.25,18.55,17.97,18.08,5343000.0,0.0,1.0,8.34127509604229,8.478391946936137,8.213299368541367,8.263575547202443,10686000.0
2007-01-16,18.12,18.52,18.1,18.43,3836100.0,0.0,1.0,8.28185779398829,8.46468026184675,8.272716670595367,8.423545206578597,7672200.0
2007-01-17,18.36,18.79,18.35,18.64,5976700.0,0.0,1.0,8.391551274703366,8.588085427651212,8.386980713006906,8.51952700220429,11953400.0
2007-01-18,18.65,18.67,17.77,17.85,4062600.0,0.0,1.0,8.52409756390075,8.533238687293675,8.121888134612137,8.158452628183829,8125200.0
2007-01-19,17.74,17.83,17.62,17.74,4061200.0,0.0,1.0,8.108176449522752,8.149311504790905,8.053329709165213,8.108176449522752,8122400.0
2007-01-22,17.76,17.76,17.13,17.46,5424600.0,0.0,1.0,8.117317572915676,8.117317572915676,7.829372186038598,7.98020072202183,10849200.0
2007-01-23,17.4,17.84,17.36,17.55,2304200.0,0.0,1.0,7.952777351843059,8.153882066487368,7.934495105057214,8.021335777289982,4608400.0
2007-01-24,17.61,18.23,17.6,18.11,3633200.0,0.0,1.0,8.048759147468752,8.332133972649366,8.044188585772291,8.277287232291828,7266400.0
2007-01-25,18.07,18.12,16.96,17.12,7159500.0,0.0,1.0,8.259004985505982,8.28185779398829,7.7516726371987525,7.824801624342138,14319000.0
2007-01-26,17.71,17.73,16.6,16.82,12196300.0,0.0,1.0,8.094464764433368,8.10360588782629,7.587132416126138,7.687684773448291,24392600.0
2007-01-29,16.74,17.6,16.67,17.28,6989200.0,0.0,1.0,7.651120279876598,8.044188585772291,7.619126348001369,7.897930611485522,13978400.0
2007-01-30,17.31,17.35,16.7,16.72,7282700.0,0.0,1.0,7.911642296574906,7.929924543360753,7.632838033090753,7.641979156483675,14565400.0
2007-01-31,16.51,17.05,16.5,17.02,6062400.0,0.0,1.0,7.545997360857984,7.792807692466907,7.541426799161522,7.779096007377522,12124800.0
2007-02-01,16.99,17.24,16.84,17.08,3625300.0,0.0,1.0,7.765384322288137,7.8796483646996744,7.696825896841214,7.80651937755629,7250600.0
2007-02-02,17.35,17.65,17.13,17.39,5590000.0,0.0,1.0,7.929924543360753,8.067041394254597,7.829372186038598,7.948206790146599,11180000.0
2007-02-05,17.31,17.31,16.73,17.03,5794200.0,0.0,1.0,7.911642296574906,7.911642296574906,7.646549718180138,7.783666569073984,11588400.0
2007-02-06,17.06,17.08,16.59,16.77,3485600.0,0.0,1.0,7.797378254163367,7.80651937755629,7.582561854429676,7.664831964965983,6971200.0
2007-02-07,16.85,17.12,16.64,16.84,3038100.0,0.0,1.0,7.701396458537676,7.824801624342138,7.605414662911984,7.696825896841214,6076200.0
2007-02-08,16.95,17.1,16.05,16.44,12742600.0,0.0,1.0,7.747102075502291,7.815660500949215,7.335751522820754,7.514003428982754,25485200.0
2007-02-09,16.56,16.59,16.29,16.45,8196900.0,0.0,1.0,7.5688501693402905,7.582561854429676,7.44544500353583,7.518573990679214,16393800.0
2007-02-12,16.4,16.49,16.2,16.26,4549800.0,0.0,1.0,7.495721182196906,7.53685623746506,7.404309948267676,7.4317333184464465,9099600.0
2007-02-13,16.38,16.52,16.3,16.5,5039200.0,0.0,1.0,7.486580058803984,7.550567922554445,7.450015565232292,7.541426799161522,10078400.0
2007-02-14,16.5,17.09,16.49,17.04,5977400.0,0.0,1.0,7.541426799161522,7.811089939252752,7.53685623746506,7.788237130770445,11954800.0
2007-02-15,17.0,17.15,16.93,17.09,4340200.0,0.0,1.0,7.769954883984599,7.838513309431521,7.7379609521093675,7.811089939252752,8680400.0
2007-02-16,17.1,17.51,16.95,17.28,7713500.0,0.0,1.0,7.815660500949215,8.003053530504138,7.747102075502291,7.897930611485522,15427000.0
2007-02-20,17.08,17.68,17.0,17.57,5414900.0,0.0,1.0,7.80651937755629,8.080753079343982,7.769954883984599,8.030476900682906,10829800.0
2007-02-21,17.63,17.65,17.22,17.47,5544000.0,0.0,1.0,8.057900270861674,8.067041394254597,7.870507241306751,7.98477128371829,11088000.0
2007-02-22,17.42,17.78,17.38,17.64,3914800.0,0.0,1.0,7.961918475235984,8.126458696308598,7.943636228450137,8.062470832558137,7829600.0
2007-02-23,17.7,17.91,17.56,17.73,4201900.0,0.0,1.0,8.089894202736906,8.185875998362597,8.025906338986443,8.10360588782629,8403800.0
2007-02-26,17.92,17.92,17.55,17.58,3873800.0,0.0,1.0,8.19044656005906,8.19044656005906,8.021335777289982,8.035047462379367,7747600.0
2007-02-27,17.41,17.49,16.81,17.02,5227200.0,0.0,1.0,7.957347913539522,7.993912407111213,7.683114211751829,7.779096007377522,10454400.0
2007-02-28,16.94,17.13,16.6,16.72,4079400.0,0.0,1.0,7.74253151380583,7.829372186038598,7.587132416126138,7.641979156483675,8158800.0
2007-03-01,16.34,17.01,16.1,16.78,4129100.0,0.0,1.0,7.468297812018138,7.774525445681061,7.358604331303062,7.669402526662446,8258200.0
2007-03-02,16.63,16.74,16.32,16.35,2863600.0,0.0,1.0,7.600844101215522,7.651120279876598,7.459156688625215,7.4728683737146,5727200.0
2007-03-05,16.26,16.56,16.05,16.38,4106800.0,0.0,1.0,7.4317333184464465,7.5688501693402905,7.335751522820754,7.486580058803984,8213600.0
2007-03-06,16.6,16.86,16.5,16.67,6340400.0,0.0,1.0,7.587132416126138,7.705967020234137,7.541426799161522,7.619126348001369,12680800.0
2007-03-07,16.61,16.87,16.39,16.56,3196500.0,0.0,1.0,7.591702977822599,7.710537581930599,7.491150620500446,7.5688501693402905,6393000.0
2007-03-08,16.79,17.43,16.7,17.16,5139900.0,0.0,1.0,7.673973088358906,7.966489036932444,7.632838033090753,7.843083871127983,10279800.0
2007-03-09,17.55,17.7,17.07,17.27,4443300.0,0.0,1.0,8.021335777289982,8.089894202736906,7.80194881585983,7.8933600497890595,8886600.0
2007-03-12,17.31,17.52,17.18,17.28,2620600.0,0.0,1.0,7.911642296574906,8.007624092200597,7.852224994520906,7.897930611485522,5241200.0
2007-03-13,17.13,17.3,16.83,16.86,4083400.0,0.0,1.0,7.829372186038598,7.9070717348784445,7.692255335144752,7.705967020234137,8166800.0
2007-03-14,16.81,17.08,16.54,16.95,5573300.0,0.0,1.0,7.683114211751829,7.80651937755629,7.559709045947368,7.747102075502291,11146600.0
2007-03-15,16.91,17.12,16.64,16.83,5078100.0,0.0,1.0,7.728819828716445,7.824801624342138,7.605414662911984,7.692255335144752,10156200.0
2007-03-16,16.88,17.33,16.8,17.07,3472700.0,0.0,1.0,7.71510814362706,7.920783419967829,7.678543650055368,7.80194881585983,6945400.0
2007-03-19,17.25,17.99,17.24,17.54,6187300.0,0.0,1.0,7.884218926396137,8.22244049193429,7.8796483646996744,8.016765215593521,12374600.0
2007-03-20,17.5,17.76,17.37,17.67,2146700.0,0.0,1.0,7.998482968807675,8.117317572915676,7.939065666753676,8.076182517647522,4293400.0
2007-03-21,17.69,18.21,17.51,18.12,4141600.0,0.0,1.0,8.085323641040445,8.322992849256444,8.003053530504138,8.28185779398829,8283200.0
2007-03-22,18.23,18.3,17.94,18.25,3151700.0,0.0,1.0,8.332133972649366,8.364127904524597,8.199587683451982,8.34127509604229,6303400.0
2007-03-23,18.35,18.46,18.07,18.14,3153700.0,0.0,1.0,8.386980713006906,8.437256891667982,8.259004985505982,8.290998917381213,6307400.0
2007-03-26,18.12,18.2,17.79,18.08,2447500.0,0.0,1.0,8.28185779398829,8.318422287559981,8.131029258005059,8.263575547202443,4895000.0
2007-03-27,18.43,18.5,18.05,18.13,3524200.0,0.0,1.0,8.423545206578597,8.455539138453828,8.24986386211306,8.286428355684752,7048400.0
2007-03-28,17.96,19.2,17.94,19.01,8861500.0,0.0,1.0,8.208728806844906,8.775478457206134,8.199587683451982,8.688637784973366,17723000.0
2007-03-29,19.11,19.16,18.66,18.83,4233700.0,0.0,1.0,8.73434340193798,8.75719621042029,8.528668125597212,8.606367674437058,8467400.0
2007-03-30,18.8,19.0,18.59,18.94,3505800.0,0.0,1.0,8.592655989347675,8.684067223276905,8.496674193721981,8.656643853098135,7011600.0
2007-04-02,19.03,19.07,18.53,18.81,4557700.0,0.0,1.0,8.69777890836629,8.716061155152135,8.469250823543213,8.597226551044136,9115400.0
2007-04-03,18.9,19.41,18.88,19.13,5114200.0,0.0,1.0,8.638361606312289,8.871460252831827,8.629220482919365,8.743484525330905,10228400.0
2007-04-04,19.11,19.3,19.0,19.3,3221200.0,0.0,1.0,8.73434340193798,8.82118407417075,8.684067223276905,8.82118407417075,6442400.0
2007-04-05,19.32,19.42,18.94,19.18,3189000.0,0.0,1.0,8.830325197563674,8.87603081452829,8.656643853098135,8.766337333813212,6378000.0
2007-04-09,19.23,19.37,19.1,19.21,3876400.0,0.0,1.0,8.789190142295519,8.853178006045981,8.72977284024152,8.780049018902597,7752800.0
2007-04-10,19.29,19.75,19.21,19.48,4976200.0,0.0,1.0,8.816613512474289,9.026859350511518,8.780049018902597,8.903454184707059,9952400.0
2007-04-11,19.45,19.66,19.15,19.55,4884200.0,0.0,1.0,8.889742499617673,8.985724295243365,8.752625648723827,8.93544811658229,9768400.0
2007-04-12,19.57,20.03,19.56,19.93,6509000.0,0.0,1.0,8.944589239975212,9.154835078012443,8.940018678278749,9.109129461047827,13018000.0
2007-04-13,19.94,19.96,19.54,19.88,4383600.0,0.0,1.0,9.113700022744288,9.122841146137212,8.930877554885827,9.086276652565518,8767200.0
2007-04-16,19.97,20.44,19.93,20.37,5004700.0,0.0,1.0,9.127411707833673,9.342228107567365,9.109129461047827,9.310234175692134,10009400.0
2007-04-17,20.32,20.84,20.25,20.7,7394200.0,0.0,1.0,9.287381367209827,9.525050575425826,9.255387435334596,9.461062711675364,14788400.0
2007-04-18,20.71,20.74,20.37,20.51,2728900.0,0.0,1.0,9.465633273371827,9.47934495846121,9.310234175692134,9.374222039442596,5457800.0
2007-04-19,20.36,20.42,20.15,20.24,3389300.0,0.0,1.0,9.305663613995671,9.333086984174443,9.20968181836998,9.250816873638133,6778600.0
2007-04-20,20.86,20.95,20.3,20.55,5445700.0,0.0,1.0,9.534191698818749,9.575326754086902,9.278240243816903,9.392504286228442,10891400.0
2007-04-23,20.74,20.92,20.57,20.67,2881300.0,0.0,1.0,9.47934495846121,9.561615068997519,9.401645409621365,9.44735102658598,5762600.0
2007-04-24,20.67,20.81,20.44,20.79,2799500.0,0.0,1.0,9.44735102658598,9.511338890336441,9.342228107567365,9.502197766943517,5599000.0
2007-04-25,20.82,20.82,20.43,20.77,4166300.0,0.0,1.0,9.515909452032902,9.515909452032902,9.337657545870902,9.493056643550595,8332600.0
2007-04-26,20.6,20.95,20.54,20.77,2798800.0,0.0,1.0,9.41535709471075,9.575326754086902,9.38793372453198,9.493056643550595,5597600.0
2007-04-27,20.75,20.88,20.35,20.37,3651000.0,0.0,1.0,9.483915520157671,9.54333282221167,9.301093052299212,9.310234175692134,7302000.0
2007-04-30,20.38,20.47,19.91,20.0,5350400.0,0.0,1.0,9.314804737388595,9.355939792656748,9.099988337654903,9.141123392923058,10700800.0
2007-05-01,20.1,20.33,19.93,20.26,3396400.0,0.0,1.0,9.186829009887672,9.291951928906286,9.109129461047827,9.259957997031059,6792800.0
2007-05-02,20.26,20.86,20.15,20.85,4476100.0,0.0,1.0,9.259957997031059,9.534191698818749,9.20968181836998,9.529621137122287,8952200.0
2007-05-03,20.6,21.0,20.3,20.97,7632600.0,0.0,1.0,9.41535709471075,9.59817956256921,9.278240243816903,9.584467877479826,15265200.0
2007-05-04,21.0,21.43,20.95,21.27,5196800.0,0.0,1.0,9.59817956256921,9.794713715517055,9.575326754086902,9.72158472837367,10393600.0
2007-05-07,21.1,21.2,19.46,20.17,13115000.0,0.0,1.0,9.643885179533827,9.68959079649844,8.894313061314135,9.218822941762904,26230000.0
2007-05-08,20.21,20.39,19.86,20.18,5237700.0,0.0,1.0,9.23710518854875,9.319375299085058,9.077135529172596,9.223393503459365,10475400.0
2007-05-09,19.98,20.25,19.72,20.12,6347200.0,0.0,1.0,9.131982269530134,9.255387435334596,9.013147665422133,9.195970133280596,12694400.0
2007-05-10,20.07,20.41,19.76,19.8,4721200.0,0.0,1.0,9.173117324798287,9.32851642247798,9.031429912207981,9.049712158993827,9442400.0
2007-05-11,19.73,19.8,19.17,19.57,6426000.0,0.0,1.0,9.017718227118596,9.049712158993827,8.76176677211675,8.944589239975212,12852000.0
2007-05-14,19.73,19.93,18.93,19.08,8449700.0,0.0,1.0,9.017718227118596,9.109129461047827,8.652073291401674,8.720631716848596,16899400.0
2007-05-15,19.12,19.12,18.72,18.79,7049400.0,0.0,1.0,8.738913963634444,8.738913963634444,8.55609149577598,8.588085427651212,14098800.0
2007-05-16,18.9,19.06,18.62,18.94,5134700.0,0.0,1.0,8.638361606312289,8.711490593455673,8.510385878811366,8.656643853098135,10269400.0
2007-05-17,18.9,19.12,18.64,18.96,5177900.0,0.0,1.0,8.638361606312289,8.738913963634444,8.51952700220429,8.665784976491059,10355800.0
2007-05-18,19.06,19.45,18.96,19.26,7012000.0,0.0,1.0,8.711490593455673,8.889742499617673,8.665784976491059,8.802901827384906,14024000.0
2007-05-21,19.4,19.52,19.12,19.35,3841700.0,0.0,1.0,8.866889691135365,8.921736431492905,8.738913963634444,8.844036882653059,7683400.0
2007-05-22,19.35,19.45,19.04,19.11,4492500.0,0.0,1.0,8.844036882653059,8.889742499617673,8.70234947006275,8.73434340193798,8985000.0
2007-05-23,19.16,19.26,18.99,19.03,3547900.0,0.0,1.0,8.75719621042029,8.802901827384906,8.679496661580442,8.69777890836629,7095800.0
2007-05-24,19.06,19.11,18.34,18.43,5503500.0,0.0,1.0,8.711490593455673,8.73434340193798,8.382410151310443,8.423545206578597,11007000.0
2007-05-25,18.46,19.06,18.33,18.85,5699500.0,0.0,1.0,8.437256891667982,8.711490593455673,8.37783958961398,8.615508797829982,11399000.0
2007-05-29,18.83,19.28,18.73,19.12,2989500.0,0.0,1.0,8.606367674437058,8.812042950777828,8.560662057472443,8.738913963634444,5979000.0
2007-05-30,19.1,19.48,18.96,19.45,4607100.0,0.0,1.0,8.72977284024152,8.903454184707059,8.665784976491059,8.889742499617673,9214200.0
2007-05-31,19.44,19.8,19.25,19.79,4184100.0,0.0,1.0,8.885171937921212,9.049712158993827,8.798331265688443,9.045141597297365,8368200.0
2007-06-01,19.89,20.25,18.66,18.87,12376100.0,0.0,1.0,9.09084721426198,9.255387435334596,8.528668125597212,8.624649921222906,24752200.0
2007-06-04,18.9,19.22,18.55,19.13,5985100.0,0.0,1.0,8.638361606312289,8.784619580599058,8.478391946936137,8.743484525330905,11970200.0
2007-06-05,19.02,19.58,19.0,19.51,6111300.0,0.0,1.0,8.693208346669827,8.949159801671673,8.684067223276905,8.917165869796444,12222600.0
2007-06-06,19.5,19.59,19.2,19.57,6541300.0,0.0,1.0,8.91259530809998,8.953730363368134,8.775478457206134,8.944589239975212,13082600.0
2007-06-07,19.1,19.49,18.42,18.46,8390300.0,0.0,1.0,8.72977284024152,8.908024746403518,8.418974644882137,8.437256891667982,16780600.0
2007-06-08,18.5,18.68,18.3,18.53,6207600.0,0.0,1.0,8.455539138453828,8.537809248990136,8.364127904524597,8.469250823543213,12415200.0
2007-06-11,18.47,18.85,18.43,18.73,5928800.0,0.0,1.0,8.441827453364443,8.615508797829982,8.423545206578597,8.560662057472443,11857600.0
2007-06-12,18.51,18.73,18.42,18.5,3405600.0,0.0,1.0,8.46010970015029,8.560662057472443,8.418974644882137,8.455539138453828,6811200.0
2007-06-13,18.69,18.74,18.35,18.55,3475600.0,0.0,1.0,8.542379810686597,8.565232619168905,8.386980713006906,8.478391946936137,6951200.0
2007-06-14,18.43,19.4,18.43,19.32,6240900.0,0.0,1.0,8.423545206578597,8.866889691135365,8.423545206578597,8.830325197563674,12481800.0
2007-06-15,19.5,19.72,18.88,19.13,6849200.0,0.0,1.0,8.91259530809998,9.013147665422133,8.629220482919365,8.743484525330905,13698400.0
2007-06-18,19.05,19.59,19.05,19.58,4762000.0,0.0,1.0,8.706920031759212,8.953730363368134,8.706920031759212,8.949159801671673,9524000.0
2007-06-19,19.47,19.5,19.13,19.23,2840100.0,0.0,1.0,8.898883623010596,8.91259530809998,8.743484525330905,8.789190142295519,5680200.0
2007-06-20,19.23,19.25,18.78,18.81,3239400.0,0.0,1.0,8.789190142295519,8.798331265688443,8.58351486595475,8.597226551044136,6478800.0
2007-06-21,18.81,19.04,18.54,19.01,4633800.0,0.0,1.0,8.597226551044136,8.70234947006275,8.473821385239674,8.688637784973366,9267600.0
2007-06-22,19.02,19.02,18.68,18.71,2798900.0,0.0,1.0,8.693208346669827,8.693208346669827,8.537809248990136,8.551520934079521,5597800.0
2007-06-25,18.73,18.96,18.47,18.64,3777900.0,0.0,1.0,8.560662057472443,8.665784976491059,8.441827453364443,8.51952700220429,7555800.0
2007-06-26,18.61,18.64,18.42,18.5,3057600.0,0.0,1.0,8.505815317114905,8.51952700220429,8.418974644882137,8.455539138453828,6115200.0
2007-06-27,18.33,18.84,18.16,18.83,2506400.0,0.0,1.0,8.37783958961398,8.61093823613352,8.300140040774137,8.606367674437058,5012800.0
2007-06-28,18.83,18.92,18.62,18.87,3142500.0,0.0,1.0,8.606367674437058,8.647502729705213,8.510385878811366,8.624649921222906,6285000.0
2007-06-29,18.9,19.0,18.54,18.67,2779800.0,0.0,1.0,8.638361606312289,8.684067223276905,8.473821385239674,8.533238687293675,5559600.0
2007-07-02,18.64,19.0,18.64,18.83,2621400.0,0.0,1.0,8.51952700220429,8.684067223276905,8.51952700220429,8.606367674437058,5242800.0
2007-07-03,18.92,18.99,18.78,18.86,1157400.0,0.0,1.0,8.647502729705213,8.679496661580442,8.58351486595475,8.620079359526443,2314800.0
2007-07-05,18.81,18.85,18.22,18.75,6423100.0,0.0,1.0,8.597226551044136,8.615508797829982,8.327563410952905,8.569803180865366,12846200.0
2007-07-06,18.63,18.7,18.06,18.56,5853700.0,0.0,1.0,8.514956440507827,8.546950372383058,8.25443442380952,8.482962508632596,11707400.0
2007-07-09,18.56,18.74,18.31,18.4,6268400.0,0.0,1.0,8.482962508632596,8.565232619168905,8.368698466221058,8.409833521489212,12536800.0
2007-07-10,18.92,19.26,18.63,19.17,15196900.0,0.0,1.0,8.647502729705213,8.802901827384906,8.514956440507827,8.76176677211675,30393800.0
2007-07-11,18.93,19.36,18.88,19.25,7819700.0,0.0,1.0,8.652073291401674,8.848607444349518,8.629220482919365,8.798331265688443,15639400.0
2007-07-12,19.29,19.47,19.22,19.31,4434800.0,0.0,1.0,8.816613512474289,8.898883623010596,8.784619580599058,8.825754635867211,8869600.0
2007-07-13,19.25,19.34,18.98,19.01,3229700.0,0.0,1.0,8.798331265688443,8.839466320956596,8.674926099883981,8.688637784973366,6459400.0
2007-07-16,18.9,19.06,18.61,18.7,5393300.0,0.0,1.0,8.638361606312289,8.711490593455673,8.505815317114905,8.546950372383058,10786600.0
2007-07-17,18.61,18.76,18.16,18.32,7003300.0,0.0,1.0,8.505815317114905,8.574373742561828,8.300140040774137,8.373269027917521,14006600.0
2007-07-18,18.29,18.35,17.88,18.21,6252100.0,0.0,1.0,8.359557342828136,8.386980713006906,8.172164313273212,8.322992849256444,12504200.0
2007-07-19,18.29,18.68,18.22,18.48,6447500.0,0.0,1.0,8.359557342828136,8.537809248990136,8.327563410952905,8.446398015060906,12895000.0
2007-07-20,18.5,18.51,18.1,18.19,3939400.0,0.0,1.0,8.455539138453828,8.46010970015029,8.272716670595367,8.313851725863522,7878800.0
2007-07-23,18.27,18.32,18.06,18.12,3159600.0,0.0,1.0,8.350416219435212,8.373269027917521,8.25443442380952,8.28185779398829,6319200.0
2007-07-24,18.07,18.55,18.0,18.15,5760400.0,0.0,1.0,8.259004985505982,8.478391946936137,8.227011053630752,8.295569479077674,11520800.0
2007-07-25,18.3,18.41,18.0,18.24,5272900.0,0.0,1.0,8.364127904524597,8.414404083185675,8.227011053630752,8.336704534345827,10545800.0
2007-07-26,17.98,18.17,17.55,17.83,6274800.0,0.0,1.0,8.217869930237828,8.304710602470598,8.021335777289982,8.149311504790905,12549600.0
2007-07-27,17.94,18.0,17.29,17.33,4821900.0,0.0,1.0,8.199587683451982,8.227011053630752,7.9025011731819825,7.920783419967829,9643800.0
2007-07-30,17.32,17.47,16.94,17.37,5214800.0,0.0,1.0,7.916212858271368,7.98477128371829,7.74253151380583,7.939065666753676,10429600.0
2007-07-31,17.41,17.58,17.0,17.11,5627500.0,0.0,1.0,7.957347913539522,8.035047462379367,7.769954883984599,7.820231062645675,11255000.0
2007-08-01,17.37,17.71,17.1,17.43,7252200.0,0.0,1.0,7.939065666753676,8.094464764433368,7.815660500949215,7.966489036932444,14504400.0
2007-08-02,17.51,18.33,17.5,18.3,7886300.0,0.0,1.0,8.003053530504138,8.37783958961398,7.998482968807675,8.364127904524597,15772600.0
2007-08-03,18.09,19.5,18.01,18.84,16452400.0,0.0,1.0,8.268146108898906,8.91259530809998,8.231581615327213,8.61093823613352,32904800.0
2007-08-06,18.92,19.66,18.91,19.66,7966900.0,0.0,1.0,8.647502729705213,8.985724295243365,8.64293216800875,8.985724295243365,15933800.0
2007-08-07,19.55,19.7,19.04,19.26,6373400.0,0.0,1.0,8.93544811658229,9.004006542029211,8.70234947006275,8.802901827384906,12746800.0
2007-08-08,19.3,19.62,18.51,18.85,6391800.0,0.0,1.0,8.82118407417075,8.967442048457519,8.46010970015029,8.615508797829982,12783600.0
2007-08-09,18.48,18.78,17.97,18.18,5139400.0,0.0,1.0,8.446398015060906,8.58351486595475,8.213299368541367,8.309281164167059,10278800.0
2007-08-10,18.11,18.49,17.55,18.11,4330900.0,0.0,1.0,8.277287232291828,8.450968576757365,8.021335777289982,8.277287232291828,8661800.0
2007-08-13,18.29,18.75,18.16,18.61,5532600.0,0.0,1.0,8.359557342828136,8.569803180865366,8.300140040774137,8.505815317114905,11065200.0
2007-08-14,18.78,19.4,18.66,19.32,5886800.0,0.0,1.0,8.58351486595475,8.866889691135365,8.528668125597212,8.830325197563674,11773600.0
2007-08-15,19.39,19.39,18.33,18.37,7862000.0,0.0,1.0,8.862319129438905,8.862319129438905,8.37783958961398,8.396121836399828,15724000.0
2007-08-16,18.26,18.38,17.6,18.02,5966200.0,0.0,1.0,8.345845657738751,8.40069239809629,8.044188585772291,8.236152177023675,11932400.0
2007-08-17,18.23,18.6,18.01,18.22,3524200.0,0.0,1.0,8.332133972649366,8.501244755418444,8.231581615327213,8.327563410952905,7048400.0
2007-08-20,18.25,18.37,17.91,18.15,3146400.0,0.0,1.0,8.34127509604229,8.396121836399828,8.185875998362597,8.295569479077674,6292800.0
2007-08-21,17.91,18.25,17.76,18.22,4064100.0,0.0,1.0,8.185875998362597,8.34127509604229,8.117317572915676,8.327563410952905,8128200.0
2007-08-22,18.3,18.43,17.82,18.09,5782300.0,0.0,1.0,8.364127904524597,8.423545206578597,8.144740943094444,8.268146108898906,11564600.0
2007-08-23,18.36,18.71,17.96,18.57,4797600.0,0.0,1.0,8.391551274703366,8.551520934079521,8.208728806844906,8.487533070329059,9595200.0
2007-08-24,18.7,19.25,18.57,19.13,5038600.0,0.0,1.0,8.546950372383058,8.798331265688443,8.487533070329059,8.743484525330905,10077200.0
2007-08-27,19.1,19.1,18.81,19.0,2416400.0,0.0,1.0,8.72977284024152,8.72977284024152,8.597226551044136,8.684067223276905,4832800.0
2007-08-28,18.89,19.0,18.37,18.39,2821600.0,0.0,1.0,8.633791044615828,8.684067223276905,8.396121836399828,8.40526295979275,5643200.0
2007-08-29,18.43,18.9,18.4,18.88,2221600.0,0.0,1.0,8.423545206578597,8.638361606312289,8.409833521489212,8.629220482919365,4443200.0
2007-08-30,18.76,19.26,18.76,19.05,2992500.0,0.0,1.0,8.574373742561828,8.802901827384906,8.574373742561828,8.706920031759212,5985000.0
2007-08-31,19.18,19.5,19.05,19.49,2901700.0,0.0,1.0,8.766337333813212,8.91259530809998,8.706920031759212,8.908024746403518,5803400.0
2007-09-04,19.45,19.99,19.31,19.86,3343700.0,0.0,1.0,8.889742499617673,9.136552831226595,8.825754635867211,9.077135529172596,6687400.0
2007-09-05,19.76,19.91,19.44,19.59,2516300.0,0.0,1.0,9.031429912207981,9.099988337654903,8.885171937921212,8.953730363368134,5032600.0
2007-09-06,19.58,19.8,19.33,19.61,2447000.0,0.0,1.0,8.949159801671673,9.049712158993827,8.834895759260133,8.962871486761058,4894000.0
2007-09-07,19.36,19.49,18.66,18.79,4332500.0,0.0,1.0,8.848607444349518,8.908024746403518,8.528668125597212,8.588085427651212,8665000.0
2007-09-10,18.92,19.5,18.88,19.36,4688000.0,0.0,1.0,8.647502729705213,8.91259530809998,8.629220482919365,8.848607444349518,9376000.0
2007-09-11,19.5,20.11,19.36,19.91,5085600.0,0.0,1.0,8.91259530809998,9.191399571584133,8.848607444349518,9.099988337654903,10171200.0
2007-09-12,19.83,20.32,19.77,20.18,3905200.0,0.0,1.0,9.06342384408321,9.287381367209827,9.036000473904442,9.223393503459365,7810400.0
2007-09-13,20.4,20.43,19.95,19.95,3018100.0,0.0,1.0,9.323945860781517,9.337657545870902,9.118270584440749,9.118270584440749,6036200.0
2007-09-14,20.0,20.2,19.74,19.99,3289300.0,0.0,1.0,9.141123392923058,9.232534626852287,9.022288788815057,9.136552831226595,6578600.0
2007-09-17,19.93,20.35,19.65,20.02,2579500.0,0.0,1.0,9.109129461047827,9.301093052299212,8.981153733546902,9.15026451631598,5159000.0
2007-09-18,20.18,20.84,20.02,20.8,4041100.0,0.0,1.0,9.223393503459365,9.525050575425826,9.15026451631598,9.50676832863998,8082200.0
2007-09-19,20.97,21.49,20.85,21.05,5432100.0,0.0,1.0,9.584467877479826,9.822137085695825,9.529621137122287,9.621032371051518,10864200.0
2007-09-20,21.1,21.42,20.74,20.96,5816800.0,0.0,1.0,9.643885179533827,9.790143153820596,9.47934495846121,9.579897315783365,11633600.0
2007-09-21,21.19,21.39,20.84,20.93,7526700.0,0.0,1.0,9.68502023480198,9.77643146873121,9.525050575425826,9.56618563069398,15053400.0
2007-09-24,21.1,21.1,20.23,20.75,3794700.0,0.0,1.0,9.643885179533827,9.643885179533827,9.246246311941672,9.483915520157671,7589400.0
2007-09-25,20.61,21.41,20.41,21.3,5473900.0,0.0,1.0,9.41992765640721,9.785572592124133,9.32851642247798,9.735296413463056,10947800.0
2007-09-26,21.34,21.65,20.95,21.1,3818800.0,0.0,1.0,9.753578660248902,9.89526607283921,9.575326754086902,9.643885179533827,7637600.0
2007-09-27,21.17,21.48,20.95,21.47,3066100.0,0.0,1.0,9.675879111409056,9.817566523999364,9.575326754086902,9.812995962302901,6132200.0
2007-09-28,21.5,21.91,21.35,21.59,3912800.0,0.0,1.0,9.826707647392286,10.014100676947209,9.758149221945365,9.86784270266044,7825600.0
2007-10-01,21.61,22.29,21.5,22.19,4855800.0,0.0,1.0,9.876983826053364,10.187782021412747,9.826707647392286,10.142076404448133,9711600.0
2007-10-02,22.1,22.52,21.98,22.26,4299100.0,0.0,1.0,10.10094134917998,10.292904940431363,10.04609460882244,10.174070336323364,8598200.0
2007-10-03,22.27,22.51,22.23,22.47,4084400.0,0.0,1.0,10.178640898019824,10.288334378734902,10.16035865123398,10.270052131949054,8168800.0
2007-10-04,22.47,22.87,22.37,22.74,5082600.0,0.0,1.0,10.270052131949054,10.452874599807517,10.22434651498444,10.393457297753516,10165200.0
2007-10-05,22.86,23.0,22.62,22.69,4775700.0,0.0,1.0,10.448304038111054,10.512291901861516,10.338610557395977,10.370604489271209,9551400.0
2007-10-08,22.63,22.91,22.62,22.91,4065200.0,0.0,1.0,10.343181119092439,10.471156846593363,10.338610557395977,10.471156846593363,8130400.0
2007-10-09,23.0,23.58,22.93,23.55,5378900.0,0.0,1.0,10.512291901861516,10.777384480256284,10.480297969986285,10.763672795166901,10757800.0
2007-10-10,23.59,23.66,22.69,23.12,6865000.0,0.0,1.0,10.781955041952745,10.813948973827976,10.370604489271209,10.567138642219055,13730000.0
2007-10-11,23.22,23.3,22.15,22.49,3771100.0,0.0,1.0,10.61284425918367,10.649408752755361,10.123794157662285,10.279193255341978,7542200.0
2007-10-12,22.76,23.0,22.63,22.85,4975500.0,0.0,1.0,10.40259842114644,10.512291901861516,10.343181119092439,10.443733476414593,9951000.0
2007-10-15,22.87,22.89,22.33,22.6,2584200.0,0.0,1.0,10.452874599807517,10.46201572320044,10.206064268198594,10.329469434003055,5168400.0
2007-10-16,22.58,22.8,22.32,22.38,3628500.0,0.0,1.0,10.320328310610131,10.420880667932286,10.201493706502132,10.2289170766809,7257000.0
2007-10-17,22.64,22.94,21.93,22.42,3617900.0,0.0,1.0,10.347751680788901,10.484868531682748,10.023241800340132,10.247199323466749,7235800.0
2007-10-18,22.46,22.76,22.25,22.59,4923400.0,0.0,1.0,10.265481570252593,10.40259842114644,10.169499774626901,10.324898872306592,9846800.0
2007-10-19,22.68,22.73,21.97,22.0,3596900.0,0.0,1.0,10.366033927574748,10.388886736057055,10.041524047125979,10.055235732215364,7193800.0
2007-10-22,21.92,23.0,21.61,22.98,5009100.0,0.0,1.0,10.018671238643671,10.512291901861516,9.876983826053364,10.503150778468592,10018200.0
2007-10-23,23.01,23.25,22.4,22.86,5178400.0,0.0,1.0,10.516862463557977,10.626555944273054,10.238058200073823,10.448304038111054,10356800.0
2007-10-24,22.7,22.85,21.78,22.35,5274500.0,0.0,1.0,10.37517505096767,10.443733476414593,9.954683374893209,10.215205391591518,10549000.0
2007-10-25,22.95,23.55,22.6,22.93,8967500.0,0.0,1.0,10.489439093379207,10.763672795166901,10.329469434003055,10.480297969986285,17935000.0
2007-10-26,23.3,23.75,23.08,23.67,5472500.0,0.0,1.0,10.649408752755361,10.85508402909613,10.548856395433207,10.81851953552444,10945000.0
2007-10-29,23.73,24.0,23.03,23.23,5873500.0,0.0,1.0,10.845942905703208,10.96934807150767,10.526003586950901,10.617414820880132,11747000.0
2007-10-30,23.06,23.35,22.58,22.97,6064800.0,0.0,1.0,10.539715272040285,10.67226156123767,10.320328310610131,10.498580216772131,12129600.0
2007-10-31,23.2,23.66,22.98,23.65,7384000.0,0.0,1.0,10.603703135790747,10.813948973827976,10.503150778468592,10.809378412131515,14768000.0
2007-11-01,23.38,23.9,22.94,23.01,4974200.0,0.0,1.0,10.685973246327054,10.923642454543053,10.484868531682748,10.516862463557977,9948400.0
2007-11-02,23.46,23.85,22.85,23.05,6337200.0,0.0,1.0,10.722537739898746,10.900789646060746,10.443733476414593,10.535144710343824,12674400.0
2007-11-05,22.79,23.23,22.5,22.9,6924000.0,0.0,1.0,10.416310106235823,10.617414820880132,10.28376381703844,10.4665862848969,13848000.0
2007-11-06,22.85,23.01,21.6,22.53,8560500.0,0.0,1.0,10.443733476414593,10.516862463557977,9.872413264356902,10.297475502127824,17121000.0
2007-11-07,22.3,22.48,21.44,21.5,7181700.0,0.0,1.0,10.192352583109209,10.274622693645517,9.799284277213518,9.826707647392286,14363400.0
2007-11-08,21.43,22.04,20.91,21.71,7182100.0,0.0,1.0,9.794713715517055,10.073517979001208,9.557044507301056,9.92268944301798,14364200.0
2007-11-09,21.31,21.53,20.6,20.71,7366000.0,0.0,1.0,9.739866975159517,9.840419332481671,9.41535709471075,9.465633273371827,14732000.0
2007-11-12,20.7,21.09,20.35,20.35,3625100.0,0.0,1.0,9.461062711675364,9.639314617837364,9.301093052299212,9.301093052299212,7250200.0
2007-11-13,20.51,21.01,20.3,20.99,3869200.0,0.0,1.0,9.374222039442596,9.602750124265672,9.278240243816903,9.593609000872748,7738400.0
2007-11-14,21.07,21.15,20.65,20.73,3328000.0,0.0,1.0,9.63017349444444,9.666737988016132,9.438209903193057,9.474774396764749,6656000.0
2007-11-15,20.66,21.04,20.49,20.75,4520900.0,0.0,1.0,9.442780464889518,9.616461809355055,9.36508091604967,9.483915520157671,9041800.0
2007-11-16,20.27,20.37,19.88,20.17,7878300.0,0.0,1.0,9.264528558727518,9.310234175692134,9.086276652565518,9.218822941762904,15756600.0
2007-11-19,20.0,21.0,20.0,20.38,5566800.0,0.0,1.0,9.141123392923058,9.59817956256921,9.141123392923058,9.314804737388595,11133600.0
2007-11-20,20.41,20.92,19.0,19.58,7156100.0,0.0,1.0,9.32851642247798,9.561615068997519,8.684067223276905,8.949159801671673,14312200.0
2007-11-21,19.27,19.36,18.81,18.92,4563400.0,0.0,1.0,8.807472389081365,8.848607444349518,8.597226551044136,8.647502729705213,9126800.0
2007-11-23,19.0,19.75,18.95,19.49,2024500.0,0.0,1.0,8.684067223276905,9.026859350511518,8.661214414794596,8.908024746403518,4049000.0
2007-11-26,19.49,19.74,18.85,18.93,4236700.0,0.0,1.0,8.908024746403518,9.022288788815057,8.615508797829982,8.652073291401674,8473400.0
2007-11-27,21.0,21.62,20.79,21.54,14554200.0,0.0,1.0,9.59817956256921,9.881554387749825,9.502197766943517,9.844989894178132,29108400.0
2007-11-28,22.14,23.0,22.0,22.58,9613200.0,0.0,1.0,10.119223595965824,10.512291901861516,10.055235732215364,10.320328310610131,19226400.0
2007-11-29,22.58,22.65,21.96,21.97,6461800.0,0.0,1.0,10.320328310610131,10.352322242485362,10.036953485429517,10.041524047125979,12923600.0
2007-11-30,22.3,22.48,21.85,22.15,7181800.0,0.0,1.0,10.192352583109209,10.274622693645517,9.98667730676844,10.123794157662285,14363600.0
2007-12-03,26.7,26.72,24.69,24.97,33428700.0,0.0,1.0,12.203399729552281,12.212540852945205,11.284716828563514,11.412692556064437,66857400.0
2007-12-04,25.33,27.04,25.28,26.74,24372600.0,0.0,1.0,11.577232777137052,12.358798827231974,11.554379968654745,12.221681976338127,48745200.0
2007-12-05,26.96,27.0,26.26,26.58,7950200.0,0.0,1.0,12.322234333660282,12.340516580446128,12.002295014907975,12.148552989194743,15900400.0
2007-12-06,26.66,26.81,25.99,26.15,5583200.0,0.0,1.0,12.185117482766435,12.253675908213358,11.878889849103512,11.952018836246896,11166400.0
2007-12-07,26.26,26.88,26.08,26.79,4273900.0,0.0,1.0,12.002295014907975,12.28566984008859,11.920024904371665,12.244534784820434,8547800.0
2007-12-10,26.75,27.09,26.58,26.99,5255900.0,0.0,1.0,12.22625253803459,12.381651635714281,12.148552989194743,12.335946018749665,10511800.0
2007-12-11,27.0,27.18,26.21,26.35,5531100.0,0.0,1.0,12.340516580446128,12.422786690982434,11.979442206425666,12.043430070176129,11062200.0
2007-12-12,26.56,26.81,26.35,26.6,5005200.0,0.0,1.0,12.13941186580182,12.253675908213358,12.043430070176129,12.157694112587667,10010400.0
2007-12-13,26.59,26.74,26.12,26.5,5335600.0,0.0,1.0,12.153123550891205,12.221681976338127,11.938307151157513,12.11198849562305,10671200.0
2007-12-14,26.57,27.05,26.25,26.72,3905200.0,0.0,1.0,12.143982427498281,12.363369388928435,11.997724453211513,12.212540852945205,7810400.0
2007-12-17,26.56,26.84,26.1,26.6,4506800.0,0.0,1.0,12.13941186580182,12.267387593302743,11.929166027764591,12.157694112587667,9013600.0
2007-12-18,26.79,26.79,26.32,26.69,3307600.0,0.0,1.0,12.244534784820434,12.244534784820434,12.029718385086744,12.19882916785582,6615200.0
2007-12-19,26.51,26.99,26.51,26.8,3440600.0,0.0,1.0,12.116559057319513,12.335946018749665,12.116559057319513,12.249105346516897,6881200.0
2007-12-20,27.92,27.98,27.0,27.95,7596600.0,0.0,1.0,12.761008256520588,12.788431626699357,12.340516580446128,12.774719941609971,15193200.0
2007-12-21,28.03,29.02,27.98,28.77,9786400.0,0.0,1.0,12.811284435181665,13.263770043131355,12.788431626699357,13.149506000719818,19572800.0
2007-12-24,28.99,29.33,28.33,29.3,1601300.0,0.0,1.0,13.25005835804197,13.405457455721663,12.94840128607551,13.39174577063228,3202600.0
2007-12-26,29.29,29.81,28.98,29.68,2398300.0,0.0,1.0,13.387175208935817,13.624844417151817,13.245487796345511,13.565427115097817,4796600.0
2007-12-27,29.74,29.86,29.25,29.48,3617000.0,0.0,1.0,13.592850485276585,13.647697225634124,13.368892962149971,13.474015881168587,7234000.0
2007-12-28,29.36,29.74,28.86,29.27,3213900.0,0.0,1.0,13.419169140811048,13.592850485276585,13.190641055987971,13.378034085542895,6427800.0
2007-12-31,29.26,29.87,29.25,29.7,3171300.0,0.0,1.0,13.373463523846434,13.652267787330587,13.368892962149971,13.57456823849074,6342600.0
2008-01-02,29.65,29.76,27.96,28.43,6727000.0,0.0,1.0,13.551715430008432,13.60199160866951,12.779290503306434,12.994106903040127,13454000.0
2008-01-03,28.4,28.45,27.69,27.93,6169200.0,0.0,1.0,12.980395217950742,13.003248026433049,12.655885337501973,12.76557881821705,12338400.0
2008-01-04,27.63,28.19,27.45,27.84,4533800.0,0.0,1.0,12.628461967323203,12.88441342232505,12.546191856786896,12.724443762948896,9067600.0
2008-01-07,28.0,28.23,27.71,27.99,8372400.0,0.0,1.0,12.79757275009228,12.902695669110896,12.665026460894897,12.793002188395818,16744800.0
2008-01-08,28.01,28.4,27.5,27.53,6713800.0,0.0,1.0,12.802143311788743,12.980395217950742,12.569044665269203,12.582756350358588,13427600.0
2008-01-09,27.5,27.85,26.84,27.53,5363700.0,0.0,1.0,12.569044665269203,12.729014324645357,12.267387593302743,12.582756350358588,10727400.0
2008-01-10,27.4,28.33,27.13,28.03,5170500.0,0.0,1.0,12.523339048304587,12.94840128607551,12.399933882500127,12.811284435181665,10341000.0
2008-01-11,27.9,28.06,27.14,27.14,4499700.0,0.0,1.0,12.751867133127664,12.824996120271049,12.404504444196588,12.404504444196588,8999400.0
2008-01-14,27.48,27.48,26.85,27.1,3793800.0,0.0,1.0,12.559903541876281,12.559903541876281,12.271958154999204,12.386222197410744,7587600.0
2008-01-15,26.86,27.14,26.52,26.55,4089000.0,0.0,1.0,12.276528716695665,12.404504444196588,12.121129619015974,12.13484130410536,8178000.0
2008-01-16,26.46,27.42,26.45,27.03,5332000.0,0.0,1.0,12.093706248837206,12.532480171697513,12.089135687140743,12.354228265535513,10664000.0
2008-01-17,27.08,27.19,26.51,26.81,4611400.0,0.0,1.0,12.377081074017818,12.427357252678897,12.116559057319513,12.253675908213358,9222800.0
2008-01-18,26.9,27.35,26.45,26.9,5861300.0,0.0,1.0,12.294810963481511,12.500486239822282,12.089135687140743,12.294810963481511,11722600.0
2008-01-22,26.06,27.25,26.03,26.5,5319500.0,0.0,1.0,11.910883780978743,12.454780622857665,11.89717209588936,12.11198849562305,10639000.0
2008-01-23,26.27,26.99,25.94,26.66,5286400.0,0.0,1.0,12.006865576604435,12.335946018749665,11.856037040621207,12.185117482766435,10572800.0
2008-01-24,26.74,26.98,26.28,26.74,3552900.0,0.0,1.0,12.221681976338127,12.331375457053204,12.011436138300898,12.221681976338127,7105800.0
2008-01-25,27.0,27.18,26.44,26.44,2739200.0,0.0,1.0,12.340516580446128,12.422786690982434,12.084565125444282,12.084565125444282,5478400.0
2008-01-28,26.45,26.98,26.27,26.97,2843800.0,0.0,1.0,12.089135687140743,12.331375457053204,12.006865576604435,12.326804895356743,5687600.0
2008-01-29,26.95,27.03,25.95,26.23,4694200.0,0.0,1.0,12.317663771963819,12.354228265535513,11.860607602317666,11.98858332981859,9388400.0
2008-01-30,26.06,26.7,25.81,26.14,3326700.0,0.0,1.0,11.910883780978743,12.203399729552281,11.796619738567205,11.947448274550435,6653400.0
2008-01-31,26.0,26.09,25.11,25.87,6705100.0,0.0,1.0,11.883460410799975,11.924595466068128,11.476680419814898,11.824043108745975,13410200.0
2008-02-01,25.95,26.43,25.69,26.43,4298600.0,0.0,1.0,11.860607602317666,12.079994563747821,11.741772998209667,12.079994563747821,8597200.0
2008-02-04,26.36,26.39,25.91,25.91,2341900.0,0.0,1.0,12.04800063187259,12.061712316961975,11.842325355531822,11.842325355531822,4683800.0
2008-02-05,25.75,25.99,25.43,25.81,3310800.0,0.0,1.0,11.769196368388437,11.878889849103512,11.622938394101666,11.796619738567205,6621600.0
2008-02-06,25.94,26.65,25.67,25.91,5214900.0,0.0,1.0,11.856037040621207,12.180546921069974,11.732631874816745,11.842325355531822,10429800.0
2008-02-07,25.83,26.69,25.52,26.29,5356700.0,0.0,1.0,11.805760861960128,12.19882916785582,11.664073449369821,12.016006699997359,10713400.0
2008-02-08,26.61,26.85,26.23,26.69,5375800.0,0.0,1.0,12.162264674284128,12.271958154999204,11.98858332981859,12.19882916785582,10751600.0
2008-02-11,26.75,27.2,26.51,27.03,3215700.0,0.0,1.0,12.22625253803459,12.431927814375358,12.116559057319513,12.354228265535513,6431400.0
2008-02-12,27.28,27.35,26.41,26.58,4132400.0,0.0,1.0,12.46849230794705,12.500486239822282,12.070853440354897,12.148552989194743,8264800.0
2008-02-13,26.9,27.24,26.77,27.16,3403700.0,0.0,1.0,12.294810963481511,12.450210061161203,12.235393661427512,12.413645567589512,6807400.0
2008-02-14,27.25,27.29,26.41,26.49,3118200.0,0.0,1.0,12.454780622857665,12.473062869643512,12.070853440354897,12.10741793392659,6236400.0
2008-02-15,26.45,27.0,26.45,26.99,2511500.0,0.0,1.0,12.089135687140743,12.340516580446128,12.089135687140743,12.335946018749665,5023000.0
2008-02-19,27.31,27.35,26.42,26.54,2854000.0,0.0,1.0,12.482203993036434,12.500486239822282,12.07542400205136,12.130270742408896,5708000.0
2008-02-20,26.54,27.15,26.54,27.15,3984900.0,0.0,1.0,12.130270742408896,12.40907500589305,12.130270742408896,12.40907500589305,7969800.0
2008-02-21,27.25,27.35,26.73,26.85,3189500.0,0.0,1.0,12.454780622857665,12.500486239822282,12.217111414641666,12.271958154999204,6379000.0
2008-02-22,26.99,27.25,26.69,27.2,3364300.0,0.0,1.0,12.335946018749665,12.454780622857665,12.19882916785582,12.431927814375358,6728600.0
2008-02-25,27.3,27.72,27.25,27.38,4856600.0,0.0,1.0,12.477633431339974,12.669597022591358,12.454780622857665,12.514197924911665,9713200.0
2008-02-26,27.51,27.77,27.17,27.25,5689400.0,0.0,1.0,12.573615226965666,12.692449831073665,12.418216129285975,12.454780622857665,11378800.0
2008-02-27,27.12,27.6,27.03,27.51,3723000.0,0.0,1.0,12.395363320803666,12.61475028223382,12.354228265535513,12.573615226965666,7446000.0
2008-02-28,27.43,27.6,27.31,27.46,3992200.0,0.0,1.0,12.537050733393974,12.61475028223382,12.482203993036434,12.550762418483359,7984400.0
2008-02-29,27.14,27.75,26.85,27.22,4591600.0,0.0,1.0,12.404504444196588,12.683308707680743,12.271958154999204,12.44106893776828,9183200.0
2008-03-03,27.11,27.46,26.97,27.25,3889100.0,0.0,1.0,12.390792759107203,12.550762418483359,12.326804895356743,12.454780622857665,7778200.0
2008-03-04,27.1,27.58,26.75,27.46,5463600.0,0.0,1.0,12.386222197410744,12.605609158840895,12.22625253803459,12.550762418483359,10927200.0
2008-03-05,27.47,27.5,27.16,27.34,4161200.0,0.0,1.0,12.555332980179818,12.569044665269203,12.413645567589512,12.495915678125819,8322400.0
2008-03-06,27.3,27.51,27.27,27.45,2988800.0,0.0,1.0,12.477633431339974,12.573615226965666,12.463921746250588,12.546191856786896,5977600.0
2008-03-07,27.26,27.41,26.79,27.29,4561000.0,0.0,1.0,12.459351184554128,12.52790961000105,12.244534784820434,12.473062869643512,9122000.0
2008-03-10,27.32,27.32,26.81,26.82,3305700.0,0.0,1.0,12.486774554732897,12.486774554732897,12.253675908213358,12.25824646990982,6611400.0
2008-03-11,27.09,27.23,26.73,27.13,4042700.0,0.0,1.0,12.381651635714281,12.445639499464743,12.217111414641666,12.399933882500127,8085400.0
2008-03-12,27.37,27.37,26.76,26.82,3722200.0,0.0,1.0,12.509627363215204,12.509627363215204,12.230823099731051,12.25824646990982,7444400.0
2008-03-13,26.75,27.3,26.51,27.23,3531100.0,0.0,1.0,12.22625253803459,12.477633431339974,12.116559057319513,12.445639499464743,7062200.0
2008-03-14,27.34,27.38,26.73,26.94,4019000.0,0.0,1.0,12.495915678125819,12.514197924911665,12.217111414641666,12.31309321026736,8038000.0
2008-03-17,26.81,27.07,26.25,26.54,4789700.0,0.0,1.0,12.253675908213358,12.372510512321359,11.997724453211513,12.130270742408896,9579400.0
2008-03-18,27.03,27.11,26.61,27.11,3593400.0,0.0,1.0,12.354228265535513,12.390792759107203,12.162264674284128,12.390792759107203,7186800.0
2008-03-19,27.0,27.12,26.06,26.06,5357200.0,0.0,1.0,12.340516580446128,12.395363320803666,11.910883780978743,11.910883780978743,10714400.0
2008-03-20,26.09,26.65,26.05,26.55,6954100.0,0.0,1.0,11.924595466068128,12.180546921069974,11.906313219282282,12.13484130410536,13908200.0
2008-03-24,26.57,26.94,26.49,26.51,5953500.0,0.0,1.0,12.143982427498281,12.31309321026736,12.10741793392659,12.116559057319513,11907000.0
2008-03-25,26.51,26.75,26.26,26.57,3682100.0,0.0,1.0,12.116559057319513,12.22625253803459,12.002295014907975,12.143982427498281,7364200.0
2008-03-26,26.41,26.85,26.4,26.66,2171400.0,0.0,1.0,12.070853440354897,12.271958154999204,12.066282878658434,12.185117482766435,4342800.0
2008-03-27,26.64,27.17,26.48,27.16,7441400.0,0.0,1.0,12.175976359373513,12.418216129285975,12.102847372230128,12.413645567589512,14882800.0
2008-03-28,27.19,27.44,27.12,27.29,4626500.0,0.0,1.0,12.427357252678897,12.541621295090435,12.395363320803666,12.473062869643512,9253000.0
2008-03-31,27.42,27.42,27.15,27.31,4111500.0,0.0,1.0,12.532480171697513,12.532480171697513,12.40907500589305,12.482203993036434,8223000.0
2008-04-01,27.34,27.57,27.3,27.4,6654100.0,0.0,1.0,12.495915678125819,12.601038597144434,12.477633431339974,12.523339048304587,13308200.0
2008-04-02,27.37,27.57,27.25,27.44,5316700.0,0.0,1.0,12.509627363215204,12.601038597144434,12.454780622857665,12.541621295090435,10633400.0
2008-04-03,27.39,27.53,27.3,27.51,2988300.0,0.0,1.0,12.518768486608128,12.582756350358588,12.477633431339974,12.573615226965666,5976600.0
2008-04-04,27.62,27.62,27.23,27.4,2608000.0,0.0,1.0,12.623891405626743,12.623891405626743,12.445639499464743,12.523339048304587,5216000.0
2008-04-07,27.49,27.5,27.0,27.25,4195800.0,0.0,1.0,12.564474103572742,12.569044665269203,12.340516580446128,12.454780622857665,8391600.0
2008-04-08,27.09,27.15,27.0,27.06,3528200.0,0.0,1.0,12.381651635714281,12.40907500589305,12.340516580446128,12.367939950624896,7056400.0
2008-04-09,27.1,27.12,27.0,27.08,2228900.0,0.0,1.0,12.386222197410744,12.395363320803666,12.340516580446128,12.377081074017818,4457800.0
2008-04-10,27.01,27.13,26.92,27.03,3522800.0,0.0,1.0,12.345087142142589,12.399933882500127,12.303952086874435,12.354228265535513,7045600.0
2008-04-11,26.99,27.28,26.91,27.1,4830100.0,0.0,1.0,12.335946018749665,12.46849230794705,12.299381525177974,12.386222197410744,9660200.0
2008-04-14,27.15,27.33,26.98,27.09,3006800.0,0.0,1.0,12.40907500589305,12.491345116429358,12.331375457053204,12.381651635714281,6013600.0
2008-04-15,27.12,27.37,26.93,27.32,3067900.0,0.0,1.0,12.395363320803666,12.509627363215204,12.308522648570897,12.486774554732897,6135800.0
2008-04-16,27.3,27.54,27.12,27.49,3798700.0,0.0,1.0,12.477633431339974,12.58732691205505,12.395363320803666,12.564474103572742,7597400.0
2008-04-17,27.39,27.67,27.26,27.48,3857400.0,0.0,1.0,12.518768486608128,12.64674421410905,12.459351184554128,12.559903541876281,7714800.0
2008-04-18,27.58,27.94,27.43,27.49,5438300.0,0.0,1.0,12.605609158840895,12.770149379913512,12.537050733393974,12.564474103572742,10876600.0
2008-04-21,27.5,27.57,27.36,27.5,2126800.0,0.0,1.0,12.569044665269203,12.601038597144434,12.505056801518743,12.569044665269203,4253600.0
2008-04-22,27.36,27.5,27.1,27.23,3107800.0,0.0,1.0,12.505056801518743,12.569044665269203,12.386222197410744,12.445639499464743,6215600.0
2008-04-23,27.25,27.4,27.11,27.28,2543100.0,0.0,1.0,12.454780622857665,12.523339048304587,12.390792759107203,12.46849230794705,5086200.0
2008-04-24,27.26,27.5,27.13,27.31,3155300.0,0.0,1.0,12.459351184554128,12.569044665269203,12.399933882500127,12.482203993036434,6310600.0
2008-04-25,27.32,27.45,27.04,27.34,4250200.0,0.0,1.0,12.486774554732897,12.546191856786896,12.358798827231974,12.495915678125819,8500400.0
2008-04-28,27.26,27.46,27.23,27.25,2322800.0,0.0,1.0,12.459351184554128,12.550762418483359,12.445639499464743,12.454780622857665,4645600.0
2008-04-29,27.22,27.3,27.1,27.19,2699300.0,0.0,1.0,12.44106893776828,12.477633431339974,12.386222197410744,12.427357252678897,5398600.0
2008-04-30,27.23,27.36,27.05,27.05,2412800.0,0.0,1.0,12.445639499464743,12.505056801518743,12.363369388928435,12.363369388928435,4825600.0
2008-05-01,27.1,27.48,27.05,27.43,3821700.0,0.0,1.0,12.386222197410744,12.559903541876281,12.363369388928435,12.537050733393974,7643400.0
2008-05-02,27.48,27.48,27.1,27.16,3220900.0,0.0,1.0,12.559903541876281,12.559903541876281,12.386222197410744,12.413645567589512,6441800.0
2008-05-05,27.24,27.27,27.12,27.22,3000700.0,0.0,1.0,12.450210061161203,12.463921746250588,12.395363320803666,12.44106893776828,6001400.0
2008-05-06,27.15,27.56,27.15,27.42,2986100.0,0.0,1.0,12.40907500589305,12.596468035447973,12.40907500589305,12.532480171697513,5972200.0
2008-05-07,27.42,27.6,27.3,27.49,4850400.0,0.0,1.0,12.532480171697513,12.61475028223382,12.477633431339974,12.564474103572742,9700800.0
2008-05-08,27.59,27.7,27.42,27.7,5581700.0,0.0,1.0,12.610179720537358,12.660455899198434,12.532480171697513,12.660455899198434,11163400.0
2008-05-09,29.22,31.71,29.15,31.64,22077100.0,0.0,1.0,13.355181277060586,14.493251139479508,13.323187345185355,14.461257207604277,44154200.0
2008-05-12,31.0,31.2,30.05,30.9,8354400.0,0.0,1.0,14.168741259030739,14.26015249295997,13.734537897866893,14.123035642066123,16708800.0
2008-05-13,30.95,32.21,30.83,32.18,6037300.0,0.0,1.0,14.145888450548432,14.721779224302583,14.091041710190892,14.708067539213198,12074600.0
2008-05-14,32.17,32.92,32.02,32.52,5309800.0,0.0,1.0,14.703496977516739,15.046289104751352,14.634938552069816,14.863466636892893,10619600.0
2008-05-15,32.25,33.5,32.15,33.49,4034900.0,0.0,1.0,14.74006147108843,15.311381683146122,14.694355854123813,15.30681112144966,8069800.0
2008-05-16,33.64,33.67,32.5,32.94,5579000.0,0.0,1.0,15.375369546896582,15.389081231985967,14.854325513499969,15.055430228144274,11158000.0
2008-05-19,32.75,33.25,32.62,32.91,3322800.0,0.0,1.0,14.968589555911507,15.197117640734582,14.909172253857506,15.04171854305489,6645600.0
2008-05-20,32.28,32.85,32.15,32.68,4085300.0,0.0,1.0,14.753773156177814,15.014295172876123,14.694355854123813,14.936595624036276,8170600.0
2008-05-21,32.48,33.18,32.44,32.63,2852800.0,0.0,1.0,14.845184390107043,15.165123708859351,14.826902143321197,14.913742815553968,5705600.0
2008-05-22,32.52,33.03,32.51,32.85,2219600.0,0.0,1.0,14.863466636892893,15.09656528341243,14.858896075196428,15.014295172876123,4439200.0
2008-05-23,32.76,32.98,32.52,32.84,3219500.0,0.0,1.0,14.973160117607968,15.07371247493012,14.863466636892893,15.009724611179662,6439000.0
2008-05-27,32.61,33.41,32.61,33.39,2652000.0,0.0,1.0,14.904601692161044,15.270246627877965,14.904601692161044,15.261105504485045,5304000.0
2008-05-28,33.23,33.3,32.56,32.99,2603600.0,0.0,1.0,15.187976517341658,15.21997044921689,14.881748883678739,15.078283036626583,5207200.0
2008-05-29,33.0,33.89,32.75,33.73,2666500.0,0.0,1.0,15.082853598323045,15.48963358930812,14.968589555911507,15.416504602164734,5333000.0
2008-05-30,33.82,33.83,33.52,33.75,4041100.0,0.0,1.0,15.45763965743289,15.46221021912935,15.320522806539046,15.42564572555766,8082200.0
2008-06-02,33.66,34.0,33.17,33.57,2770800.0,0.0,1.0,15.384510670289504,15.539909767969197,15.160553147162892,15.343375615021351,5541600.0
2008-06-03,33.76,34.0,33.36,33.74,4509700.0,0.0,1.0,15.43021628725412,15.539909767969197,15.24739381939566,15.421075163861198,9019400.0
2008-06-04,33.76,34.49,33.31,34.12,3741200.0,0.0,1.0,15.43021628725412,15.763867291095814,15.224541010913352,15.594756508326734,7482400.0
2008-06-05,34.15,34.57,33.79,34.5,2196600.0,0.0,1.0,15.608468193416119,15.800431784667504,15.443927972343506,15.768437852792275,4393200.0
2008-06-06,34.44,34.49,33.85,34.02,2910700.0,0.0,1.0,15.741014482613503,15.763867291095814,15.471351342522276,15.549050891362121,5821400.0
2008-06-09,34.29,34.59,33.84,34.58,2401600.0,0.0,1.0,15.672456057166581,15.80957290806043,15.466780780825815,15.805002346363965,4803200.0
2008-06-10,34.22,34.44,33.73,33.8,3166600.0,0.0,1.0,15.64046212529135,15.741014482613503,15.416504602164734,15.448498534039965,6333200.0
2008-06-11,34.35,34.45,33.17,33.2,4266700.0,0.0,1.0,15.699879427345351,15.745585044309967,15.160553147162892,15.174264832252277,8533400.0
2008-06-12,33.63,33.95,33.41,33.88,2301900.0,0.0,1.0,15.370798985200121,15.517056959486892,15.270246627877965,15.48506302761166,4603800.0
2008-06-13,34.0,34.44,33.81,34.37,3188700.0,0.0,1.0,15.539909767969197,15.741014482613503,15.45306909573643,15.709020550738273,6377400.0
2008-06-16,34.13,35.24,34.12,34.96,3097500.0,0.0,1.0,15.599327070023199,16.106659418330427,15.594756508326734,15.978683690829504,6195000.0
2008-06-17,34.9,36.84,34.9,36.66,6907100.0,0.0,1.0,15.951260320650734,16.837949289764275,15.951260320650734,16.75567917922796,13814200.0
2008-06-18,36.65,36.86,35.87,36.0,5419800.0,0.0,1.0,16.751108617531504,16.847090413157193,16.394604805207504,16.454022107261505,10839600.0
2008-06-19,35.75,37.3,35.75,37.3,5193100.0,0.0,1.0,16.339758064849963,17.0481951278015,16.339758064849963,17.0481951278015,10386200.0
2008-06-20,37.0,37.18,35.43,35.85,4701000.0,0.0,1.0,16.911078276907656,16.993348387443962,16.193500090563195,16.38546368181458,9402000.0
2008-06-23,36.04,36.68,35.6,35.63,3195800.0,0.0,1.0,16.47230435404735,16.764820302620887,16.271199639403044,16.284911324492427,6391600.0
2008-06-24,35.44,35.81,34.71,35.33,5188300.0,0.0,1.0,16.198070652259656,16.367181435028733,15.864419648417966,16.14779447359858,10376600.0
2008-06-25,35.55,36.06,34.3,35.43,3617900.0,0.0,1.0,16.248346830920735,16.481445477440275,15.677026618863042,16.193500090563195,7235800.0
2008-06-26,35.0,35.47,34.37,34.8,4759800.0,0.0,1.0,15.99696593761535,16.211782337349042,15.709020550738273,15.905554703686118,9519600.0
2008-06-27,34.69,34.98,33.2,33.71,7190500.0,0.0,1.0,15.855278525025042,15.987824814222426,15.174264832252277,15.407363478771813,14381000.0
2008-06-30,33.57,34.57,33.27,34.07,6481900.0,0.0,1.0,15.343375615021351,15.800431784667504,15.206258764127508,15.571903699844428,12963800.0
2008-07-01,34.0,34.33,32.43,34.11,5324900.0,0.0,1.0,15.539909767969197,15.690738303952427,14.822331581624738,15.590185946630275,10649800.0
2008-07-02,34.97,34.97,31.45,31.58,6512700.0,0.0,1.0,15.983254252525965,15.983254252525965,14.374416535371507,14.433833837425507,13025400.0
2008-07-03,31.86,32.57,30.84,30.9,4128800.0,0.0,1.0,14.56180956492643,14.886319445375198,14.095612271887354,14.123035642066123,8257600.0
2008-07-07,30.95,33.02,30.95,32.01,5842800.0,0.0,1.0,14.145888450548432,15.091994721715968,14.145888450548432,14.630367990373353,11685600.0
2008-07-08,31.36,31.74,29.58,31.72,7552800.0,0.0,1.0,14.333281480103354,14.506962824568891,13.519721498133201,14.497821701175969,15105600.0
2008-07-09,31.37,32.45,29.99,30.07,34096900.0,0.0,1.0,14.337852041799815,14.831472705017662,13.707114527688123,13.743679021259817,68193800.0
2008-07-10,30.13,32.65,30.0,31.77,8259000.0,0.0,1.0,13.771102391438585,14.92288393894689,13.711685089384586,14.520674509658276,16518000.0
2008-07-11,31.63,33.4,31.26,32.55,5333500.0,0.0,1.0,14.456686645907814,15.265676066181506,14.28757586313874,14.877178321982274,10667000.0
2008-07-14,33.39,33.58,32.75,32.94,6912300.0,0.0,1.0,15.261105504485045,15.347946176717812,14.968589555911507,15.055430228144274,13824600.0
2008-07-15,34.4,35.87,34.25,35.28,19379300.0,0.0,1.0,15.722732235827658,16.394604805207504,15.654173810380735,16.124941665116275,38758600.0
2008-07-16,36.3,36.37,35.23,35.83,6632700.0,0.0,1.0,16.591138958155348,16.62313289003058,16.102088856633966,16.376322558421656,13265400.0
2008-07-17,36.09,37.82,34.67,36.0,6010000.0,0.0,1.0,16.495157162529658,17.2858643360175,15.84613740163212,16.454022107261505,12020000.0
2008-07-18,36.2,37.81,35.27,37.24,4866000.0,0.0,1.0,16.545433341190734,17.281293774321043,16.120371103419814,17.020771757622732,9732000.0
2008-07-21,37.55,37.55,36.04,36.82,2554700.0,0.0,1.0,17.16245917021304,17.16245917021304,16.47230435404735,16.82880816637135,5109400.0
2008-07-22,36.5,37.63,36.48,37.27,3614800.0,0.0,1.0,16.68255019208458,17.199023663784732,16.673409068691655,17.03448344271212,7229600.0
2008-07-23,37.36,38.56,37.1,37.6,3369200.0,0.0,1.0,17.075618497980273,17.624085901555656,16.956783893872274,17.18531197869535,6738400.0
2008-07-24,36.65,36.87,35.61,35.9,3485300.0,0.0,1.0,16.751108617531504,16.851660974853655,16.275770201099505,16.408316490296887,6970600.0
2008-07-25,36.0,36.27,35.29,35.44,2227600.0,0.0,1.0,16.454022107261505,16.577427273065965,16.129512226812736,16.198070652259656,4455200.0
2008-07-28,35.62,35.65,34.75,35.02,2562700.0,0.0,1.0,16.280340762795962,16.29405244788535,15.882701895203812,16.006107061008276,5125400.0
2008-07-29,35.05,36.63,35.05,36.05,1996100.0,0.0,1.0,16.019818746097656,16.74196749413858,16.019818746097656,16.47687491574381,3992200.0
2008-07-30,36.49,36.95,35.08,35.78,4755000.0,0.0,1.0,16.67797963038812,16.88822546842535,16.033530431187042,16.35346974993935,9510000.0
2008-07-31,35.9,36.14,34.88,35.98,4355700.0,0.0,1.0,16.408316490296887,16.518009971011963,15.942119197257814,16.44488098386858,8711400.0
2008-08-01,34.51,35.6,33.3,35.24,6926700.0,0.0,1.0,15.773008414488734,16.271199639403044,15.21997044921689,16.106659418330427,13853400.0
2008-08-04,35.0,35.0,32.45,34.16,6032700.0,0.0,1.0,15.99696593761535,15.99696593761535,14.831472705017662,15.61303875511258,12065400.0
2008-08-05,34.29,34.8,33.3,34.61,3935800.0,0.0,1.0,15.672456057166581,15.905554703686118,15.21997044921689,15.81871403145335,7871600.0
2008-08-06,34.7,36.3,34.53,36.08,4611800.0,0.0,1.0,15.859849086721505,16.591138958155348,15.78214953788166,16.490586600833193,9223600.0
2008-08-07,35.59,36.36,33.85,34.07,4852700.0,0.0,1.0,16.266629077706583,16.618562328334118,15.471351342522276,15.571903699844428,9705400.0
2008-08-08,33.82,34.45,32.5,32.6,8554400.0,0.0,1.0,15.45763965743289,15.745585044309967,14.854325513499969,14.900031130464583,17108800.0
2008-08-11,32.53,33.16,31.79,33.03,5095300.0,0.0,1.0,14.868037198589354,15.155982585466427,14.5298156330512,15.09656528341243,10190600.0
2008-08-12,32.21,34.65,32.21,34.54,4501400.0,0.0,1.0,14.721779224302583,15.836996278239196,14.721779224302583,15.786720099578119,9002800.0
2008-08-13,34.45,34.67,34.1,34.5,3401300.0,0.0,1.0,15.745585044309967,15.84613740163212,15.585615384933813,15.768437852792275,6802600.0
2008-08-14,34.74,34.91,34.33,34.59,3057400.0,0.0,1.0,15.878131333507351,15.955830882347195,15.690738303952427,15.80957290806043,6114800.0
2008-08-15,34.77,34.77,33.86,34.15,3447000.0,0.0,1.0,15.891843018596736,15.891843018596736,15.475921904218735,15.608468193416119,6894000.0
2008-08-18,34.5,34.9,33.87,34.15,3005800.0,0.0,1.0,15.768437852792275,15.951260320650734,15.480492465915196,15.608468193416119,6011600.0
2008-08-19,34.22,35.24,34.01,35.18,3470400.0,0.0,1.0,15.64046212529135,16.106659418330427,15.544480329665658,16.079236048151657,6940800.0
2008-08-20,34.3,34.49,32.82,34.2,11821300.0,0.0,1.0,15.677026618863042,15.763867291095814,15.000583487786738,15.63132100189843,23642600.0
2008-08-21,34.0,34.31,33.49,34.09,4694600.0,0.0,1.0,15.539909767969197,15.681597180559505,15.30681112144966,15.581044823237352,9389200.0
2008-08-22,34.27,34.27,33.53,33.98,3884200.0,0.0,1.0,15.66331493377366,15.66331493377366,15.325093368235507,15.530768644576273,7768400.0
2008-08-25,33.86,33.88,33.04,33.54,3167900.0,0.0,1.0,15.475921904218735,15.48506302761166,15.10113584510889,15.329663929931966,6335800.0
2008-08-26,33.03,33.67,32.27,32.5,4365600.0,0.0,1.0,15.09656528341243,15.389081231985967,14.749202594481355,14.854325513499969,8731200.0
2008-08-27,32.3,33.5,32.0,32.96,3943200.0,0.0,1.0,14.762914279570737,15.311381683146122,14.625797428676892,15.064571351537198,7886400.0
2008-08-28,33.12,33.52,32.9,33.36,2094700.0,0.0,1.0,15.137700338680581,15.320522806539046,15.037147981358428,15.24739381939566,4189400.0
2008-08-29,33.05,33.5,32.43,32.82,2095100.0,0.0,1.0,15.105706406805352,15.311381683146122,14.822331581624738,15.000583487786738,4190200.0
2008-09-02,33.66,33.72,32.75,32.8,4900600.0,0.0,1.0,15.384510670289504,15.411934040468275,14.968589555911507,14.991442364393812,9801200.0
2008-09-03,32.77,33.69,32.69,33.39,6313100.0,0.0,1.0,14.97773067930443,15.39822235537889,14.941166185732737,15.261105504485045,12626200.0
2008-09-04,33.06,33.74,32.93,32.93,4282600.0,0.0,1.0,15.110276968501815,15.421075163861198,15.050859666447813,15.050859666447813,8565200.0
2008-09-05,32.84,34.1,32.7,33.74,8368500.0,0.0,1.0,15.009724611179662,15.585615384933813,14.9457367474292,15.421075163861198,16737000.0
2008-09-08,16.49,17.25,15.68,16.79,4587350.0,0.0,2.0,15.07371247493012,15.768437852792275,14.333281480103354,15.347946176717812,4587350.0
2008-09-09,17.0,17.22,16.53,16.62,10136300.0,0.0,1.0,15.539909767969197,15.741014482613503,15.110276968501815,15.192547079038123,10136300.0
2008-09-10,16.8,17.61,16.77,17.39,12145300.0,0.0,1.0,15.357087300110736,16.097518294937505,15.329663929931966,15.896413580293197,12145300.0
2008-09-11,17.24,17.84,16.94,17.78,13316800.0,0.0,1.0,15.759296729399349,16.307764132974736,15.48506302761166,16.252917392617196,13316800.0
2008-09-12,17.09,17.65,16.41,17.51,14062400.0,0.0,1.0,15.622179878505504,16.134082788509193,15.000583487786738,16.006107061008276,14062400.0
2008-09-15,16.91,17.49,16.54,16.79,8967400.0,0.0,1.0,15.45763965743289,15.987824814222426,15.119418091894737,15.347946176717812,8967400.0
2008-09-16,16.0,17.5,15.66,16.57,17682900.0,0.0,1.0,14.625797428676892,15.99696593761535,14.314999233317508,15.146841462073507,17682900.0
2008-09-17,16.46,16.67,15.52,15.53,15534200.0,0.0,1.0,15.046289104751352,15.238252696002737,14.187023505816585,14.196164629209507,15534200.0
2008-09-18,16.44,16.5,15.0,16.03,16574300.0,0.0,1.0,15.028006857965508,15.082853598323045,13.711685089384586,14.653220798855662,16574300.0
2008-09-19,16.54,17.37,15.9,17.32,18716000.0,0.0,1.0,15.119418091894737,15.878131333507351,14.534386194747661,15.832425716542735,18716000.0
2008-09-22,16.8,17.08,16.18,16.2,8481600.0,0.0,1.0,15.357087300110736,15.61303875511258,14.790337649749507,14.808619896535353,8481600.0
2008-09-23,16.44,16.49,15.57,15.95,10989800.0,0.0,1.0,15.028006857965508,15.07371247493012,14.232729122781201,14.580091811712276,10989800.0
2008-09-24,15.94,16.38,15.56,16.11,11854100.0,0.0,1.0,14.570950688319353,14.973160117607968,14.223587999388277,14.726349785999044,11854100.0
2008-09-25,16.04,16.47,15.95,16.12,7364400.0,0.0,1.0,14.662361922248584,15.055430228144274,14.580091811712276,14.73549090939197,7364400.0
2008-09-26,15.9,16.48,15.61,16.38,7987400.0,0.0,1.0,14.534386194747661,15.064571351537198,14.269293616352892,14.973160117607968,7987400.0
2008-09-29,16.19,16.25,14.04,14.12,11786300.0,0.0,1.0,14.79947877314243,14.854325513499969,12.834137243663971,12.907266230807355,11786300.0
2008-09-30,14.62,15.43,14.19,15.43,13863700.0,0.0,1.0,13.36432240045351,14.104753395280277,12.971254094557818,14.104753395280277,13863700.0
2008-10-01,15.29,15.29,14.39,14.5,5889900.0,0.0,1.0,13.976777667779354,13.976777667779354,13.15407656241628,13.254628919738433,5889900.0
2008-10-02,14.4,14.63,12.51,12.85,17336000.0,0.0,1.0,13.163217685809203,13.373463523846434,11.435545364546744,11.746343559906128,17336000.0
2008-10-03,13.0,13.62,12.02,12.54,20082000.0,0.0,1.0,11.883460410799975,12.450210061161203,10.987630318293515,11.462968734725512,20082000.0
2008-10-06,12.35,12.75,10.26,12.16,21670000.0,0.0,1.0,11.289287390259975,11.654932325976898,9.378792601139057,11.115606045794438,21670000.0
2008-10-07,12.51,12.52,11.79,11.85,13517900.0,0.0,1.0,11.435545364546744,11.444686487939668,10.777384480256284,10.832231220613822,13517900.0
2008-10-08,11.6,12.34,10.8,11.95,17882800.0,0.0,1.0,10.603703135790747,11.280146266867053,9.872413264356902,10.923642454543053,17882800.0
2008-10-09,11.86,12.44,11.22,11.55,11449200.0,0.0,1.0,10.841372344006745,11.371557500796284,10.25634044685967,10.557997518826133,11449200.0
2008-10-10,11.0,12.02,10.32,11.56,15458800.0,0.0,1.0,10.055235732215364,10.987630318293515,9.433639341496596,10.567138642219055,15458800.0
2008-10-13,12.0,14.36,11.9,14.25,14502000.0,0.0,1.0,10.96934807150767,13.12665319223751,10.877936837578439,13.026100834915356,14502000.0
2008-10-14,15.11,15.39,13.0,13.01,16394500.0,0.0,1.0,13.812237446706739,14.068188901708586,11.883460410799975,11.892601534192897,16394500.0
2008-10-15,13.03,13.24,11.62,11.68,10469100.0,0.0,1.0,11.910883780978743,12.102847372230128,10.621985382576591,10.676832122934131,10469100.0
2008-10-16,11.7,12.55,11.05,12.48,11131400.0,0.0,1.0,10.695114369719976,11.472109858118438,10.10094134917998,11.408121994367976,11131400.0
2008-10-17,12.37,13.78,11.3,13.02,10895300.0,0.0,1.0,11.307569637045821,12.596468035447973,10.329469434003055,11.901742657585821,10895300.0
2008-10-20,13.59,14.0,12.95,13.55,6659800.0,0.0,1.0,12.422786690982434,12.79757275009228,11.837754793835359,12.386222197410744,6659800.0
2008-10-21,13.6,13.85,12.75,13.0,11385000.0,0.0,1.0,12.431927814375358,12.660455899198434,11.654932325976898,11.883460410799975,11385000.0
2008-10-22,12.55,12.86,11.9,12.31,7529800.0,0.0,1.0,11.472109858118438,11.755484683299052,10.877936837578439,11.252722896688285,7529800.0
2008-10-23,12.03,12.94,11.82,12.55,9645500.0,0.0,1.0,10.996771441686437,11.828613670442437,10.804807850435054,11.472109858118438,9645500.0
2008-10-24,11.2,12.48,11.0,11.69,8323600.0,0.0,1.0,10.238058200073823,11.408121994367976,10.055235732215364,10.685973246327054,8323600.0
2008-10-27,11.68,11.71,10.49,10.5,10094200.0,0.0,1.0,10.676832122934131,10.704255493112901,9.589038439176287,9.59817956256921,10094200.0
2008-10-28,11.05,11.84,10.36,11.8,10939500.0,0.0,1.0,10.10094134917998,10.8230900972209,9.470203835068286,10.786525603649208,10939500.0
2008-10-29,11.99,12.52,11.05,12.0,8478600.0,0.0,1.0,10.960206948114745,11.444686487939668,10.10094134917998,10.96934807150767,8478600.0
2008-10-30,12.28,12.76,11.81,12.71,7062300.0,0.0,1.0,11.225299526509513,11.664073449369821,10.79566672704213,11.618367832405207,7062300.0
2008-10-31,11.77,12.54,11.59,12.46,13049000.0,0.0,1.0,10.759102233470438,11.462968734725512,10.594562012397823,11.38983974758213,13049000.0
2008-11-03,12.105,12.51,11.7,11.89,9102600.0,0.0,1.0,11.06532986713336,11.435545364546744,10.695114369719976,10.868795714185516,9102600.0
2008-11-04,11.95,12.1,11.56,11.86,15691200.0,0.0,1.0,10.923642454543053,11.0607593054369,10.567138642219055,10.841372344006745,15691200.0
2008-11-05,11.76,12.0,10.95,10.98,17738200.0,0.0,1.0,10.749961110077516,10.96934807150767,10.009530115250747,10.036953485429517,17738200.0
2008-11-06,12.12,12.42,11.82,12.01,15250700.0,0.0,1.0,11.079041552222744,11.353275254010438,10.804807850435054,10.978489194900591,15250700.0
2008-11-07,12.12,12.32,11.88,12.26,8672700.0,0.0,1.0,11.079041552222744,11.261864020081207,10.859654590792593,11.207017279723669,8672700.0
2008-11-10,12.57,12.83,12.14,12.25,7292800.0,0.0,1.0,11.490392104904283,11.728061313120282,11.097323799008592,11.197876156330745,7292800.0
2008-11-11,12.59,12.63,12.01,12.21,6992400.0,0.0,1.0,11.508674351690129,11.545238845261823,10.978489194900591,11.161311662759054,6992400.0
2008-11-12,12.0,12.06,11.05,11.18,9448200.0,0.0,1.0,10.96934807150767,11.024194811865208,10.10094134917998,10.219775953287979,9448200.0
2008-11-13,11.49,12.6,10.55,12.57,11985300.0,0.0,1.0,10.503150778468592,11.517815475083053,9.643885179533827,11.490392104904283,11985300.0
2008-11-14,11.54,11.58,10.58,10.61,17890900.0,0.0,1.0,10.548856395433207,10.5854208890049,9.671308549712595,9.698731919891364,17890900.0
2008-11-17,10.5,10.8,10.34,10.47,10223300.0,0.0,1.0,9.59817956256921,9.872413264356902,9.451921588282442,9.57075619239044,10223300.0
2008-11-18,10.85,10.96,9.73,10.11,12554700.0,0.0,1.0,9.918118881321517,10.018671238643671,8.894313061314135,9.24167575024521,12554700.0
2008-11-19,10.12,10.23,9.35,9.37,12629500.0,0.0,1.0,9.250816873638133,9.351369230960287,8.546950372383058,8.565232619168905,12629500.0
2008-11-20,9.25,10.32,9.22,9.34,17450300.0,0.0,1.0,8.455539138453828,9.433639341496596,8.42811576827506,8.537809248990136,17450300.0
2008-11-21,9.51,10.3,9.42,10.3,12605500.0,0.0,1.0,8.693208346669827,9.41535709471075,8.61093823613352,9.41535709471075,12605500.0
2008-11-24,10.87,11.0,10.48,11.0,9498800.0,0.0,1.0,9.936401128107363,10.055235732215364,9.579897315783365,10.055235732215364,9498800.0
2008-11-25,11.18,11.3,10.33,10.9,10230700.0,0.0,1.0,10.219775953287979,10.329469434003055,9.442780464889518,9.963824498286133,10230700.0
2008-11-26,11.0,12.15,10.73,12.02,10923900.0,0.0,1.0,10.055235732215364,11.106464922401514,9.80842540060644,10.987630318293515,10923900.0
2008-11-28,11.77,11.8,11.31,11.7,4803600.0,0.0,1.0,10.759102233470438,10.786525603649208,10.338610557395977,10.695114369719976,4803600.0
2008-12-01,11.48,11.7,10.523,10.53,10524100.0,0.0,1.0,10.49400965507567,10.695114369719976,9.619204146372933,9.625602932747979,10524100.0
2008-12-02,10.65,11.13,10.41,10.74,10192300.0,0.0,1.0,9.735296413463056,10.174070336323364,9.515909452032902,9.817566523999364,10192300.0
2008-12-03,10.68,11.06,10.41,10.8,10884800.0,0.0,1.0,9.762719783641826,10.110082472572902,9.515909452032902,9.872413264356902,10884800.0
2008-12-04,10.59,10.91,9.86,10.0,9511300.0,0.0,1.0,9.680449673105517,9.972965621679055,9.013147665422133,9.141123392923058,9511300.0
2008-12-05,9.95,10.37,9.5,10.36,14969900.0,0.0,1.0,9.095417775958442,9.47934495846121,8.684067223276905,9.470203835068286,14969900.0
2008-12-08,10.66,11.58,10.27,11.04,12243200.0,0.0,1.0,9.74443753685598,10.5854208890049,9.38793372453198,10.091800225787054,12243200.0
2008-12-09,10.6201,11.01,10.01,10.09,16183800.0,0.0,1.0,9.707964454518217,10.064376855608286,9.15026451631598,9.223393503459365,16183800.0
2008-12-10,9.77,10.03,9.6,9.97,22254300.0,0.0,1.0,8.930877554885827,9.168546763101826,8.775478457206134,9.113700022744288,22254300.0
2008-12-11,9.9,10.1,9.47,9.6,15462200.0,0.0,1.0,9.049712158993827,9.232534626852287,8.656643853098135,8.775478457206134,15462200.0
2008-12-12,9.4,9.6,9.0,9.33,21248700.0,0.0,1.0,8.592655989347675,8.775478457206134,8.227011053630752,8.528668125597212,21248700.0
2008-12-15,9.48,9.59,8.99,9.2,15649700.0,0.0,1.0,8.665784976491059,8.766337333813212,8.217869930237828,8.409833521489212,15649700.0
2008-12-16,9.5,9.62,9.21,9.56,14722700.0,0.0,1.0,8.684067223276905,8.79376070399198,8.418974644882137,8.738913963634444,14722700.0
2008-12-17,9.53,9.8,9.4,9.72,11568100.0,0.0,1.0,8.711490593455673,8.958300925064597,8.592655989347675,8.885171937921212,11568100.0
2008-12-18,9.57,9.76,9.17,9.23,12036300.0,0.0,1.0,8.748055087027366,8.921736431492905,8.382410151310443,8.437256891667982,12036300.0
2008-12-19,9.48,9.58,9.23,9.5,18319500.0,0.0,1.0,8.665784976491059,8.75719621042029,8.437256891667982,8.684067223276905,18319500.0
2008-12-22,9.572,9.572,8.8,9.04,9207700.0,0.0,1.0,8.74988331170595,8.74988331170595,8.044188585772291,8.263575547202443,9207700.0
2008-12-23,9.26,9.45,8.88,8.97,6310200.0,0.0,1.0,8.46468026184675,8.638361606312289,8.117317572915676,8.199587683451982,6310200.0
2008-12-24,8.94,9.09,8.89,9.01,2313900.0,0.0,1.0,8.172164313273212,8.309281164167059,8.126458696308598,8.236152177023675,2313900.0
2008-12-26,9.06,9.254,8.74,8.86,3415200.0,0.0,1.0,8.28185779398829,8.459195587810997,7.989341845414752,8.099035326129828,3415200.0
2008-12-29,9.0099,9.0099,8.4,8.55,10689200.0,0.0,1.0,8.236060765789745,8.236060765789745,7.678543650055368,7.815660500949215,10689200.0
2008-12-30,8.51,8.54,8.28,8.54,9518200.0,0.0,1.0,7.779096007377522,7.80651937755629,7.5688501693402905,7.80651937755629,9518200.0
2008-12-31,8.56,8.78,8.47,8.64,7354300.0,0.0,1.0,7.824801624342138,8.025906338986443,7.74253151380583,7.897930611485522,7354300.0
2009-01-02,8.78,9.16,8.51,9.12,8077100.0,0.0,1.0,8.025906338986443,8.373269027917521,7.779096007377522,8.336704534345827,8077100.0
2009-01-05,9.0,9.07,8.62,8.75,8074400.0,0.0,1.0,8.227011053630752,8.290998917381213,7.8796483646996744,7.998482968807675,8074400.0
2009-01-06,8.81,8.89,8.14,8.18,24157500.0,0.0,1.0,8.053329709165213,8.126458696308598,7.4408744418393695,7.477438935411061,24157500.0
2009-01-07,8.2,9.42,8.18,9.08,44055500.0,0.0,1.0,7.495721182196906,8.61093823613352,7.477438935411061,8.300140040774137,44055500.0
2009-01-08,9.25,9.62,8.86,9.26,22458800.0,0.0,1.0,8.455539138453828,8.79376070399198,8.099035326129828,8.46468026184675,22458800.0
2009-01-09,9.25,9.46,9.06,9.26,11596200.0,0.0,1.0,8.455539138453828,8.647502729705213,8.28185779398829,8.46468026184675,11596200.0
2009-01-12,9.54,9.55,9.0,9.1,7049800.0,0.0,1.0,8.720631716848596,8.72977284024152,8.227011053630752,8.318422287559981,7049800.0
2009-01-13,9.1,9.27,8.82,9.16,13059000.0,0.0,1.0,8.318422287559981,8.473821385239674,8.062470832558137,8.373269027917521,13059000.0
2009-01-14,9.19,9.25,8.8,9.06,13515100.0,0.0,1.0,8.40069239809629,8.455539138453828,8.044188585772291,8.28185779398829,13515100.0
2009-01-15,9.06,9.33,8.96,9.16,15711300.0,0.0,1.0,8.28185779398829,8.528668125597212,8.19044656005906,8.373269027917521,15711300.0
2009-01-16,9.46,9.7,9.18,9.57,18771000.0,0.0,1.0,8.647502729705213,8.866889691135365,8.391551274703366,8.748055087027366,18771000.0
2009-01-20,9.38,9.44,8.97,9.04,13708400.0,0.0,1.0,8.574373742561828,8.629220482919365,8.199587683451982,8.263575547202443,13708400.0
2009-01-21,9.13,9.59,9.09,9.54,10937000.0,0.0,1.0,8.345845657738751,8.766337333813212,8.309281164167059,8.720631716848596,10937000.0
2009-01-22,9.1,9.62,9.05,9.36,12125700.0,0.0,1.0,8.318422287559981,8.79376070399198,8.272716670595367,8.55609149577598,12125700.0
2009-01-23,9.16,9.69,9.02,9.37,12031100.0,0.0,1.0,8.373269027917521,8.857748567742442,8.245293300416597,8.565232619168905,12031100.0
2009-01-26,9.48,9.59,9.19,9.35,7541600.0,0.0,1.0,8.665784976491059,8.766337333813212,8.40069239809629,8.546950372383058,7541600.0
2009-01-27,9.3049,9.48,9.1888,9.41,4922800.0,0.0,1.0,8.505723905880975,8.665784976491059,8.39959546328914,8.601797112740597,4922800.0
2009-01-28,9.52,9.54,9.11,9.42,10959000.0,0.0,1.0,8.70234947006275,8.720631716848596,8.327563410952905,8.61093823613352,10959000.0
2009-01-29,9.16,9.35,8.95,9.0,20895700.0,0.0,1.0,8.373269027917521,8.546950372383058,8.181305436666136,8.227011053630752,20895700.0
2009-01-30,9.02,9.09,8.69,8.76,19263500.0,0.0,1.0,8.245293300416597,8.309281164167059,7.943636228450137,8.007624092200597,19263500.0
2009-02-02,8.6701,9.02,8.6701,8.96,15885700.0,0.0,1.0,7.92544539289822,8.245293300416597,7.92544539289822,8.19044656005906,15885700.0
2009-02-03,9.0,9.27,8.71,9.17,11545900.0,0.0,1.0,8.227011053630752,8.473821385239674,7.961918475235984,8.382410151310443,11545900.0
2009-02-04,9.23,9.61,8.99,9.51,25821500.0,0.0,1.0,8.437256891667982,8.784619580599058,8.217869930237828,8.693208346669827,25821500.0
2009-02-05,9.38,9.91,9.3,9.73,16807100.0,0.0,1.0,8.574373742561828,9.05885328238675,8.501244755418444,8.894313061314135,16807100.0
2009-02-06,9.72,10.03,9.7,9.96,8866100.0,0.0,1.0,8.885171937921212,9.168546763101826,8.866889691135365,9.104558899351366,8866100.0
2009-02-09,10.0,10.18,9.79,9.84,10025100.0,0.0,1.0,9.141123392923058,9.305663613995671,8.949159801671673,8.994865418636289,10025100.0
2009-02-10,9.84,10.0,9.51,9.62,11761800.0,0.0,1.0,8.994865418636289,9.141123392923058,8.693208346669827,8.79376070399198,11761800.0
2009-02-11,9.8,9.92,9.23,9.48,22823000.0,0.0,1.0,8.958300925064597,9.067994405779674,8.437256891667982,8.665784976491059,22823000.0
2009-02-12,8.92,9.56,8.83,9.26,46313200.0,0.0,1.0,8.153882066487368,8.738913963634444,8.07161195595106,8.46468026184675,46313200.0
2009-02-13,9.21,9.79,9.21,9.7,17829400.0,0.0,1.0,8.418974644882137,8.949159801671673,8.418974644882137,8.866889691135365,17829400.0
2009-02-17,9.36,9.73,9.31,9.4,23451900.0,0.0,1.0,8.55609149577598,8.894313061314135,8.510385878811366,8.592655989347675,23451900.0
2009-02-18,9.47,9.81,9.31,9.59,14199000.0,0.0,1.0,8.656643853098135,8.967442048457519,8.510385878811366,8.766337333813212,14199000.0
2009-02-19,9.8,9.92,9.37,9.38,13151100.0,0.0,1.0,8.958300925064597,9.067994405779674,8.565232619168905,8.574373742561828,13151100.0
2009-02-20,9.3,9.55,9.25,9.4,11861400.0,0.0,1.0,8.501244755418444,8.72977284024152,8.455539138453828,8.592655989347675,11861400.0
2009-02-23,9.41,9.57,9.32,9.43,18724500.0,0.0,1.0,8.601797112740597,8.748055087027366,8.51952700220429,8.620079359526443,18724500.0
2009-02-24,9.3,10.2,9.3,10.1,21577100.0,0.0,1.0,8.501244755418444,9.323945860781517,8.501244755418444,9.232534626852287,21577100.0
2009-02-25,9.99,10.08,9.74,9.89,14441000.0,0.0,1.0,9.131982269530134,9.214252380066442,8.903454184707059,9.040571035600903,14441000.0
2009-02-26,9.87,10.26,9.77,9.95,17897500.0,0.0,1.0,9.022288788815057,9.378792601139057,8.930877554885827,9.095417775958442,17897500.0
2009-02-27,9.79,10.23,9.73,10.03,11304600.0,0.0,1.0,8.949159801671673,9.351369230960287,8.894313061314135,9.168546763101826,11304600.0
2009-03-02,9.83,10.15,9.81,9.9,15061400.0,0.0,1.0,8.985724295243365,9.278240243816903,8.967442048457519,9.049712158993827,15061400.0
2009-03-03,9.93,10.05,9.76,9.87,13062500.0,0.0,1.0,9.077135529172596,9.186829009887672,8.921736431492905,9.022288788815057,13062500.0
2009-03-04,10.01,10.24,9.95,10.07,17435600.0,0.0,1.0,9.15026451631598,9.360510354353211,9.095417775958442,9.205111256673518,17435600.0
2009-03-05,9.965,10.2499,9.92,10.04,15969700.0,0.0,1.0,9.109129461047827,9.369560066512205,9.067994405779674,9.177687886494748,15969700.0
2009-03-06,10.07,10.33,9.98,10.33,20618900.0,0.0,1.0,9.205111256673518,9.442780464889518,9.122841146137212,9.442780464889518,20618900.0
2009-03-09,10.24,10.5,10.07,10.18,18098900.0,0.0,1.0,9.360510354353211,9.59817956256921,9.205111256673518,9.305663613995671,18098900.0
2009-03-10,10.35,10.59,10.24,10.46,21220000.0,0.0,1.0,9.461062711675364,9.680449673105517,9.360510354353211,9.561615068997519,21220000.0
2009-03-11,10.54,10.6,10.22,10.42,17447300.0,0.0,1.0,9.634744056140901,9.68959079649844,9.342228107567365,9.525050575425826,17447300.0
2009-03-12,10.3,10.3,9.43,9.99,50324900.0,0.0,1.0,9.41535709471075,9.41535709471075,8.620079359526443,9.131982269530134,50324900.0
2009-03-13,10.01,10.05,9.39,9.88,34961100.0,0.0,1.0,9.15026451631598,9.186829009887672,8.58351486595475,9.031429912207981,34961100.0
2009-03-16,9.92,9.95,9.44,9.48,16439100.0,0.0,1.0,9.067994405779674,9.095417775958442,8.629220482919365,8.665784976491059,16439100.0
2009-03-17,9.51,9.63,9.34,9.57,19927100.0,0.0,1.0,8.693208346669827,8.802901827384906,8.537809248990136,8.748055087027366,19927100.0
2009-03-18,9.48,9.72,9.26,9.68,19713200.0,0.0,1.0,8.665784976491059,8.885171937921212,8.46468026184675,8.848607444349518,19713200.0
2009-03-19,9.8,9.93,9.7,9.9,12849100.0,0.0,1.0,8.958300925064597,9.077135529172596,8.866889691135365,9.049712158993827,12849100.0
2009-03-20,10.2,10.47,9.9,9.99,20098700.0,0.0,1.0,9.323945860781517,9.57075619239044,9.049712158993827,9.131982269530134,20098700.0
2009-03-23,10.14,10.46,10.13,10.45,13957500.0,0.0,1.0,9.26909912042398,9.561615068997519,9.259957997031059,9.552473945604595,13957500.0
2009-03-24,10.44,10.44,10.06,10.21,11942100.0,0.0,1.0,9.54333282221167,9.54333282221167,9.195970133280596,9.333086984174443,11942100.0
2009-03-25,10.35,10.5,9.96,10.26,10653700.0,0.0,1.0,9.461062711675364,9.59817956256921,9.104558899351366,9.378792601139057,10653700.0
2009-03-26,10.34,10.92,10.32,10.92,15246200.0,0.0,1.0,9.451921588282442,9.98210674507198,9.433639341496596,9.98210674507198,15246200.0
2009-03-27,10.67,10.99,10.56,10.66,15043200.0,0.0,1.0,9.753578660248902,10.04609460882244,9.65302630292675,9.74443753685598,15043200.0
2009-03-30,10.46,10.53,10.07,10.23,9937600.0,0.0,1.0,9.561615068997519,9.625602932747979,9.205111256673518,9.351369230960287,9937600.0
2009-03-31,10.39,10.65,10.24,10.46,9782000.0,0.0,1.0,9.497627205247056,9.735296413463056,9.360510354353211,9.561615068997519,9782000.0
2009-04-01,10.32,10.6,10.25,10.49,10112300.0,0.0,1.0,9.433639341496596,9.68959079649844,9.369651477746133,9.589038439176287,10112300.0
2009-04-02,10.58,11.2,10.46,10.91,16221700.0,0.0,1.0,9.671308549712595,10.238058200073823,9.561615068997519,9.972965621679055,16221700.0
2009-04-03,10.98,11.28,10.72,11.11,10730600.0,0.0,1.0,10.036953485429517,10.311187187217207,9.799284277213518,10.155788089537516,10730600.0
2009-04-06,11.01,11.11,10.68,10.83,7802800.0,0.0,1.0,10.064376855608286,10.155788089537516,9.762719783641826,9.89983663453567,7802800.0
2009-04-07,10.72,10.77,10.321,10.42,10171500.0,0.0,1.0,9.799284277213518,9.844989894178132,9.434553453835887,9.525050575425826,10171500.0
2009-04-08,10.61,10.95,10.38,10.5,12057200.0,0.0,1.0,9.698731919891364,10.009530115250747,9.488486081854134,9.59817956256921,12057200.0
2009-04-09,10.8,10.8,10.47,10.69,12086000.0,0.0,1.0,9.872413264356902,9.872413264356902,9.57075619239044,9.771860907034748,12086000.0
2009-04-13,10.64,10.76,10.45,10.65,7638900.0,0.0,1.0,9.726155290070134,9.83584877078521,9.552473945604595,9.735296413463056,7638900.0
2009-04-14,10.62,10.75,10.02,10.07,20825700.0,0.0,1.0,9.707873043284286,9.826707647392286,9.159405639708902,9.205111256673518,20825700.0
2009-04-15,10.075,10.3,9.85,10.03,16020700.0,0.0,1.0,9.20968181836998,9.41535709471075,9.004006542029211,9.168546763101826,16020700.0
2009-04-16,10.79,10.86,9.99,10.13,36441300.0,0.0,1.0,9.863272140963979,9.927260004714439,9.131982269530134,9.259957997031059,36441300.0
2009-04-17,10.13,10.73,10.01,10.57,17564400.0,0.0,1.0,9.259957997031059,9.80842540060644,9.15026451631598,9.662167426319671,17564400.0
2009-04-20,10.57,10.57,9.99,10.02,11924900.0,0.0,1.0,9.662167426319671,9.662167426319671,9.131982269530134,9.159405639708902,11924900.0
2009-04-21,10.0,10.2925,9.91,10.22,10659600.0,0.0,1.0,9.141123392923058,9.408501252166056,9.05885328238675,9.342228107567365,10659600.0
2009-04-22,10.11,10.43,10.0,10.06,10182400.0,0.0,1.0,9.24167575024521,9.534191698818749,9.141123392923058,9.195970133280596,10182400.0
2009-04-23,10.02,10.15,9.88,10.0,9515500.0,0.0,1.0,9.159405639708902,9.278240243816903,9.031429912207981,9.141123392923058,9515500.0
2009-04-24,10.13,10.48,10.01,10.4,11667600.0,0.0,1.0,9.259957997031059,9.579897315783365,9.15026451631598,9.50676832863998,11667600.0
2009-04-27,10.25,10.73,10.22,10.54,9008500.0,0.0,1.0,9.369651477746133,9.80842540060644,9.342228107567365,9.634744056140901,9008500.0
2009-04-28,10.42,10.58,10.25,10.25,7409900.0,0.0,1.0,9.525050575425826,9.671308549712595,9.369651477746133,9.369651477746133,7409900.0
2009-04-29,10.78,11.17,10.64,10.73,15359200.0,0.0,1.0,9.854131017571055,10.210634829895055,9.726155290070134,9.80842540060644,15359200.0
2009-04-30,10.97,11.03,10.6,10.77,9208900.0,0.0,1.0,10.027812362036595,10.082659102394132,9.68959079649844,9.844989894178132,9208900.0
2009-05-01,10.88,10.96,10.7,10.84,7420900.0,0.0,1.0,9.945542251500287,10.018671238643671,9.78100203042767,9.908977757928595,7420900.0
2009-05-04,10.99,11.135,10.84,11.05,8338400.0,0.0,1.0,10.04609460882244,10.178640898019824,9.908977757928595,10.10094134917998,8338400.0
2009-05-05,11.05,11.28,10.74,10.97,9959200.0,0.0,1.0,10.10094134917998,10.311187187217207,9.817566523999364,10.027812362036595,9959200.0
2009-05-06,11.03,11.14,10.71,10.97,9525200.0,0.0,1.0,10.082659102394132,10.183211459716286,9.790143153820596,10.027812362036595,9525200.0
2009-05-07,11.09,11.2,10.7,11.0,15277400.0,0.0,1.0,10.13750584275167,10.238058200073823,9.78100203042767,10.055235732215364,15277400.0
2009-05-08,11.4,12.11,11.36,11.81,24636700.0,0.0,1.0,10.420880667932286,11.069900428829822,10.384316174360592,10.79566672704213,24636700.0
2009-05-11,11.73,11.74,11.5,11.5,13933500.0,0.0,1.0,10.722537739898746,10.73167886329167,10.512291901861516,10.512291901861516,13933500.0
2009-05-12,11.64,11.64,11.275,11.4,12269100.0,0.0,1.0,10.64026762936244,10.64026762936244,10.306616625520748,10.420880667932286,12269100.0
2009-05-13,11.38,11.4,11.18,11.31,11092700.0,0.0,1.0,10.40259842114644,10.420880667932286,10.219775953287979,10.338610557395977,11092700.0
2009-05-14,11.33,11.61,11.22,11.51,11830300.0,0.0,1.0,10.356892804181824,10.61284425918367,10.25634044685967,10.521433025254439,11830300.0
2009-05-15,11.55,11.75,11.47,11.6,19128100.0,0.0,1.0,10.557997518826133,10.740819986684592,10.484868531682748,10.603703135790747,19128100.0
2009-05-18,11.8,11.8,11.6,11.69,14788900.0,0.0,1.0,10.786525603649208,10.786525603649208,10.603703135790747,10.685973246327054,14788900.0
2009-05-19,11.55,11.63,11.31,11.43,15881400.0,0.0,1.0,10.557997518826133,10.631126505969517,10.338610557395977,10.448304038111054,15881400.0
2009-05-20,11.48,11.67,11.37,11.41,12601900.0,0.0,1.0,10.49400965507567,10.667690999541207,10.393457297753516,10.430021791325208,12601900.0
2009-05-21,11.08,11.18,10.85,11.14,15076900.0,0.0,1.0,10.128364719358748,10.219775953287979,9.918118881321517,10.183211459716286,15076900.0
2009-05-22,11.02,11.25,10.99,11.14,9437700.0,0.0,1.0,10.073517979001208,10.28376381703844,10.04609460882244,10.183211459716286,9437700.0
2009-05-26,10.83,11.5,10.83,11.47,9171100.0,0.0,1.0,9.89983663453567,10.512291901861516,9.89983663453567,10.484868531682748,9171100.0
2009-05-27,11.53,11.74,11.4,11.44,8370400.0,0.0,1.0,10.539715272040285,10.73167886329167,10.420880667932286,10.457445161503976,8370400.0
2009-05-28,11.57,11.81,11.4,11.77,8744700.0,0.0,1.0,10.576279765611977,10.79566672704213,10.420880667932286,10.759102233470438,8744700.0
2009-05-29,11.88,12.0829,11.6,12.08,12929200.0,0.0,1.0,10.859654590792593,11.045127984435002,10.603703135790747,11.042477058651054,12929200.0
2009-06-01,12.3585,12.3585,12.065,12.13,10081400.0,0.0,1.0,11.29705734514396,11.29705734514396,11.028765373561669,11.08818267561567,10081400.0
2009-06-02,12.15,12.43,12.04,12.31,15752300.0,0.0,1.0,11.106464922401514,11.36241637740336,11.00591256507936,11.252722896688285,15752300.0
2009-06-03,12.22,12.31,11.98,12.22,8543500.0,0.0,1.0,11.170452786151976,11.252722896688285,10.951065824721823,11.170452786151976,8543500.0
2009-06-04,12.3,12.78,12.25,12.76,13484600.0,0.0,1.0,11.243581773295361,11.682355696155666,11.197876156330745,11.664073449369821,13484600.0
2009-06-05,12.784,12.97,12.4899,12.78,13240900.0,0.0,1.0,11.686012145512837,11.856037040621207,11.41717170652697,11.682355696155666,13240900.0
2009-06-08,12.71,12.8,12.46,12.76,7653600.0,0.0,1.0,11.618367832405207,11.700637942941514,11.38983974758213,11.664073449369821,7653600.0
2009-06-09,12.9,12.93,12.68,12.74,8629000.0,0.0,1.0,11.792049176870744,11.819472547049513,11.590944462226437,11.645791202583975,8629000.0
2009-06-10,12.91,12.93,12.32,12.81,13930700.0,0.0,1.0,11.801190300263666,11.819472547049513,11.261864020081207,11.709779066334438,13930700.0
2009-06-11,12.76,13.14,12.76,13.01,15158600.0,0.0,1.0,11.664073449369821,12.011436138300898,11.664073449369821,11.892601534192897,15158600.0
2009-06-12,13.0,13.0,12.58,12.97,6275400.0,0.0,1.0,11.883460410799975,11.883460410799975,11.499533228297206,11.856037040621207,6275400.0
2009-06-15,12.93,12.95,12.2701,12.39,12988100.0,0.0,1.0,11.819472547049513,11.837754793835359,11.21624981435052,11.32585188383167,12988100.0
2009-06-16,12.47,12.64,12.3,12.3,10693400.0,0.0,1.0,11.398980870975054,11.554379968654745,11.243581773295361,11.243581773295361,10693400.0
2009-06-17,12.37,12.86,12.33,12.71,10624300.0,0.0,1.0,11.307569637045821,11.755484683299052,11.27100514347413,11.618367832405207,10624300.0
2009-06-18,12.68,12.75,12.4,12.56,6985100.0,0.0,1.0,11.590944462226437,11.654932325976898,11.334993007224591,11.48125098151136,6985100.0
2009-06-19,12.7457,13.0101,12.64,12.88,9841200.0,0.0,1.0,11.65100164291794,11.892692945426827,11.554379968654745,11.773766930084898,9841200.0
2009-06-22,12.74,12.79,12.33,12.33,9397400.0,0.0,1.0,11.645791202583975,11.69149681954859,11.27100514347413,11.27100514347413,9397400.0
2009-06-23,12.43,12.45,12.07,12.24,8667600.0,0.0,1.0,11.36241637740336,11.380698624189206,11.03333593525813,11.188735032937823,8667600.0
2009-06-24,12.36,12.57,12.25,12.43,9641500.0,0.0,1.0,11.298428513652897,11.490392104904283,11.197876156330745,11.36241637740336,9641500.0
2009-06-25,12.4,12.67,12.33,12.64,7426700.0,0.0,1.0,11.334993007224591,11.581803338833513,11.27100514347413,11.554379968654745,7426700.0
2009-06-26,12.77,12.83,12.55,12.66,17236600.0,0.0,1.0,11.673214572762744,11.728061313120282,11.472109858118438,11.572662215440591,17236600.0
2009-06-29,12.75,12.84,12.64,12.71,7526200.0,0.0,1.0,11.654932325976898,11.737202436513206,11.554379968654745,11.618367832405207,7526200.0
2009-06-30,12.71,12.84,12.54,12.63,9728900.0,0.0,1.0,11.618367832405207,11.737202436513206,11.462968734725512,11.545238845261823,9728900.0
2009-07-01,12.72,12.99,12.49,12.75,8186500.0,0.0,1.0,11.62750895579813,11.874319287407051,11.417263117760898,11.654932325976898,8186500.0
2009-07-02,12.7,12.75,12.28,12.42,6607900.0,0.0,1.0,11.609226709012281,11.654932325976898,11.225299526509513,11.353275254010438,6607900.0
2009-07-06,12.355,12.36,12.05,12.19,7410600.0,0.0,1.0,11.293857951956438,11.298428513652897,11.015053688472285,11.143029415973206,7410600.0
2009-07-07,12.23,12.3,11.76,11.78,9245600.0,0.0,1.0,11.179593909544899,11.243581773295361,10.749961110077516,10.76824335686336,9245600.0
2009-07-08,11.75,11.835,11.34,11.48,19444100.0,0.0,1.0,10.740819986684592,10.81851953552444,10.366033927574748,10.49400965507567,19444100.0
2009-07-09,11.62,11.67,11.41,11.55,15244000.0,0.0,1.0,10.621985382576591,10.667690999541207,10.430021791325208,10.557997518826133,15244000.0
2009-07-10,11.4,11.62,11.22,11.29,13135800.0,0.0,1.0,10.420880667932286,10.621985382576591,10.25634044685967,10.320328310610131,13135800.0
2009-07-13,11.41,11.41,10.97,11.34,15561500.0,0.0,1.0,10.430021791325208,10.430021791325208,10.027812362036595,10.366033927574748,15561500.0
2009-07-14,11.3,11.39,11.12,11.35,15086400.0,0.0,1.0,10.329469434003055,10.411739544539364,10.164929212930438,10.37517505096767,15086400.0
2009-07-15,11.54,11.67,11.4,11.56,11223300.0,0.0,1.0,10.548856395433207,10.667690999541207,10.420880667932286,10.567138642219055,11223300.0
2009-07-16,11.57,11.61,11.445,11.56,15447100.0,0.0,1.0,10.576279765611977,10.61284425918367,10.46201572320044,10.567138642219055,15447100.0
2009-07-17,11.6,11.79,11.52,11.7,14121700.0,0.0,1.0,10.603703135790747,10.777384480256284,10.530574148647363,10.695114369719976,14121700.0
2009-07-20,11.77,12.01,11.75,11.98,13864300.0,0.0,1.0,10.759102233470438,10.978489194900591,10.740819986684592,10.951065824721823,13864300.0
2009-07-21,11.96,12.05,11.81,11.94,12531900.0,0.0,1.0,10.932783577935977,11.015053688472285,10.79566672704213,10.914501331150129,12531900.0
2009-07-22,11.75,11.86,11.542,11.71,12062500.0,0.0,1.0,10.740819986684592,10.841372344006745,10.550684620111793,10.704255493112901,12062500.0
2009-07-23,11.61,11.77,11.48,11.71,15685900.0,0.0,1.0,10.61284425918367,10.759102233470438,10.49400965507567,10.704255493112901,15685900.0
2009-07-24,11.52,11.6,11.23,11.54,14627000.0,0.0,1.0,10.530574148647363,10.603703135790747,10.265481570252593,10.548856395433207,14627000.0
2009-07-27,11.55,11.68,11.15,11.25,16625700.0,0.0,1.0,10.557997518826133,10.676832122934131,10.192352583109209,10.28376381703844,16625700.0
2009-07-28,11.1,11.4,10.79,11.38,28924000.0,0.0,1.0,10.146646966144594,10.420880667932286,9.863272140963979,10.40259842114644,28924000.0
2009-07-29,11.35,11.66,11.26,11.37,20460400.0,0.0,1.0,10.37517505096767,10.658549876148285,10.292904940431363,10.393457297753516,20460400.0
2009-07-30,11.52,11.74,11.37,11.4,10678900.0,0.0,1.0,10.530574148647363,10.73167886329167,10.393457297753516,10.420880667932286,10678900.0
2009-07-31,11.35,11.58,11.35,11.45,9148700.0,0.0,1.0,10.37517505096767,10.5854208890049,10.37517505096767,10.4665862848969,9148700.0
2009-08-03,11.645,11.7,11.37,11.46,16137900.0,0.0,1.0,10.6448381910589,10.695114369719976,10.393457297753516,10.475727408289824,16137900.0
2009-08-04,11.48,11.98,11.42,11.83,16128500.0,0.0,1.0,10.49400965507567,10.951065824721823,10.439162914718132,10.813948973827976,16128500.0
2009-08-05,11.975,11.99,11.44,11.55,22076200.0,0.0,1.0,10.94649526302536,10.960206948114745,10.457445161503976,10.557997518826133,22076200.0
2009-08-06,12.02,12.95,11.95,12.78,37459500.0,0.0,1.0,10.987630318293515,11.837754793835359,10.923642454543053,11.682355696155666,37459500.0
2009-08-07,12.9,13.0,12.43,12.46,19593900.0,0.0,1.0,11.792049176870744,11.883460410799975,11.36241637740336,11.38983974758213,19593900.0
2009-08-10,12.47,12.51,12.24,12.35,11425600.0,0.0,1.0,11.398980870975054,11.435545364546744,11.188735032937823,11.289287390259975,11425600.0
2009-08-11,12.3576,12.41,12.08,12.13,10015100.0,0.0,1.0,11.296234644038597,11.344134130617514,11.042477058651054,11.08818267561567,10015100.0
2009-08-12,12.115,12.6,12.05,12.41,13849200.0,0.0,1.0,11.074470990526285,11.517815475083053,11.015053688472285,11.344134130617514,13849200.0
2009-08-13,12.46,12.53,12.33,12.35,10042100.0,0.0,1.0,11.38983974758213,11.45382761133259,11.27100514347413,11.289287390259975,10042100.0
2009-08-14,12.22,12.71,12.16,12.69,14891200.0,0.0,1.0,11.170452786151976,11.618367832405207,11.115606045794438,11.60008558561936,14891200.0
2009-08-17,12.35,12.44,12.0,12.03,18083900.0,0.0,1.0,11.289287390259975,11.371557500796284,10.96934807150767,10.996771441686437,18083900.0
2009-08-18,12.07,12.22,12.06,12.21,13219400.0,0.0,1.0,11.03333593525813,11.170452786151976,11.024194811865208,11.161311662759054,13219400.0
2009-08-19,12.19,12.31,11.98,12.05,24980300.0,0.0,1.0,11.143029415973206,11.252722896688285,10.951065824721823,11.015053688472285,24980300.0
2009-08-20,12.03,12.15,12.0,12.08,20094500.0,0.0,1.0,10.996771441686437,11.106464922401514,10.96934807150767,11.042477058651054,20094500.0
2009-08-21,12.1,12.3,12.1,12.21,14187000.0,0.0,1.0,11.0607593054369,11.243581773295361,11.0607593054369,11.161311662759054,14187000.0
2009-08-24,12.59,12.59,12.05,12.16,11486700.0,0.0,1.0,11.508674351690129,11.508674351690129,11.015053688472285,11.115606045794438,11486700.0
2009-08-25,12.16,12.2756,11.8,11.87,15266200.0,0.0,1.0,11.115606045794438,11.22127743221663,10.786525603649208,10.850513467399669,15266200.0
2009-08-26,11.81,11.84,11.59,11.77,19103600.0,0.0,1.0,10.79566672704213,10.8230900972209,10.594562012397823,10.759102233470438,19103600.0
2009-08-27,11.86,11.95,11.6,11.63,19621400.0,0.0,1.0,10.841372344006745,10.923642454543053,10.603703135790747,10.631126505969517,19621400.0
2009-08-28,11.73,11.91,11.585,11.69,12839500.0,0.0,1.0,10.722537739898746,10.88707796097136,10.589991450701362,10.685973246327054,12839500.0
2009-08-31,11.94,11.94,11.47,11.61,19175100.0,0.0,1.0,10.914501331150129,10.914501331150129,10.484868531682748,10.61284425918367,19175100.0
2009-09-01,11.64,11.77,11.25,11.42,14026400.0,0.0,1.0,10.64026762936244,10.759102233470438,10.28376381703844,10.439162914718132,14026400.0
2009-09-02,11.49,11.74,11.38,11.64,13473200.0,0.0,1.0,10.503150778468592,10.73167886329167,10.40259842114644,10.64026762936244,13473200.0
2009-09-03,11.74,11.76,11.4,11.55,12469200.0,0.0,1.0,10.73167886329167,10.749961110077516,10.420880667932286,10.557997518826133,12469200.0
2009-09-04,11.58,11.74,11.5,11.71,10401200.0,0.0,1.0,10.5854208890049,10.73167886329167,10.512291901861516,10.704255493112901,10401200.0
2009-09-08,11.83,11.97,11.77,11.94,12860200.0,0.0,1.0,10.813948973827976,10.941924701328901,10.759102233470438,10.914501331150129,12860200.0
2009-09-09,11.96,11.9699,11.58,11.66,14362200.0,0.0,1.0,10.932783577935977,10.941833290094971,10.5854208890049,10.658549876148285,14362200.0
2009-09-10,11.74,11.81,11.5,11.59,18180400.0,0.0,1.0,10.73167886329167,10.79566672704213,10.512291901861516,10.594562012397823,18180400.0
2009-09-11,11.66,11.9,11.6,11.83,21774800.0,0.0,1.0,10.658549876148285,10.877936837578439,10.603703135790747,10.813948973827976,21774800.0
2009-09-14,11.8,11.97,11.69,11.74,11963800.0,0.0,1.0,10.786525603649208,10.941924701328901,10.685973246327054,10.73167886329167,11963800.0
2009-09-15,11.79,11.79,11.39,11.54,15359600.0,0.0,1.0,10.777384480256284,10.777384480256284,10.411739544539364,10.548856395433207,15359600.0
2009-09-16,11.63,11.8,11.4,11.77,19950400.0,0.0,1.0,10.631126505969517,10.786525603649208,10.420880667932286,10.759102233470438,19950400.0
2009-09-17,11.83,12.15,11.645,12.03,16797600.0,0.0,1.0,10.813948973827976,11.106464922401514,10.6448381910589,10.996771441686437,16797600.0
2009-09-18,12.11,12.18,11.79,11.79,16755600.0,0.0,1.0,11.069900428829822,11.133888292580284,10.777384480256284,10.777384480256284,16755600.0
2009-09-21,11.63,12.34,11.63,12.29,20993900.0,0.0,1.0,10.631126505969517,11.280146266867053,10.631126505969517,11.234440649902437,20993900.0
2009-09-22,12.39,12.48,12.08,12.36,13196500.0,0.0,1.0,11.32585188383167,11.408121994367976,11.042477058651054,11.298428513652897,13196500.0
2009-09-23,12.46,12.715,12.4,12.51,16251400.0,0.0,1.0,11.38983974758213,11.622938394101666,11.334993007224591,11.435545364546744,16251400.0
2009-09-24,12.53,12.6201,12.15,12.28,9665900.0,0.0,1.0,11.45382761133259,11.536189133102829,11.106464922401514,11.225299526509513,9665900.0
2009-09-25,12.29,12.46,12.17,12.37,11034000.0,0.0,1.0,11.234440649902437,11.38983974758213,11.12474716918736,11.307569637045821,11034000.0
2009-09-28,12.47,12.63,12.345,12.41,12670800.0,0.0,1.0,11.398980870975054,11.545238845261823,11.284716828563514,11.344134130617514,12670800.0
2009-09-29,12.37,12.67,12.35,12.42,14076800.0,0.0,1.0,11.307569637045821,11.581803338833513,11.289287390259975,11.353275254010438,14076800.0
2009-09-30,12.54,12.58,12.28,12.39,15953800.0,0.0,1.0,11.462968734725512,11.499533228297206,11.225299526509513,11.32585188383167,15953800.0
2009-10-01,12.25,12.31,11.85,12.03,19192600.0,0.0,1.0,11.197876156330745,11.252722896688285,10.832231220613822,10.996771441686437,19192600.0
2009-10-02,11.86,12.1,11.85,11.87,12248800.0,0.0,1.0,10.841372344006745,11.0607593054369,10.832231220613822,10.850513467399669,12248800.0
2009-10-05,11.93,12.05,11.835,11.88,11083900.0,0.0,1.0,10.905360207757207,11.015053688472285,10.81851953552444,10.859654590792593,11083900.0
2009-10-06,12.0,12.28,11.95,12.21,12297300.0,0.0,1.0,10.96934807150767,11.225299526509513,10.923642454543053,11.161311662759054,12297300.0
2009-10-07,12.24,12.6,12.23,12.58,12472100.0,0.0,1.0,11.188735032937823,11.517815475083053,11.179593909544899,11.499533228297206,12472100.0
2009-10-08,12.7,12.96,12.56,12.89,17274600.0,0.0,1.0,11.609226709012281,11.846895917228283,11.48125098151136,11.782908053477822,17274600.0
2009-10-09,12.89,12.89,12.6,12.66,10230600.0,0.0,1.0,11.782908053477822,11.782908053477822,11.517815475083053,11.572662215440591,10230600.0
2009-10-12,12.65,12.84,12.27,12.4,18358500.0,0.0,1.0,11.563521092047667,11.737202436513206,11.21615840311659,11.334993007224591,18358500.0
2009-10-13,12.49,12.64,12.31,12.49,9995800.0,0.0,1.0,11.417263117760898,11.554379968654745,11.252722896688285,11.417263117760898,9995800.0
2009-10-14,12.53,12.75,12.47,12.71,8406000.0,0.0,1.0,11.45382761133259,11.654932325976898,11.398980870975054,11.618367832405207,8406000.0
2009-10-15,12.62,12.75,12.43,12.51,13636400.0,0.0,1.0,11.536097721868897,11.654932325976898,11.36241637740336,11.435545364546744,13636400.0
2009-10-16,12.46,12.46,12.17,12.34,11659600.0,0.0,1.0,11.38983974758213,11.38983974758213,11.12474716918736,11.280146266867053,11659600.0
2009-10-19,12.45,12.57,12.34,12.53,9746800.0,0.0,1.0,11.380698624189206,11.490392104904283,11.280146266867053,11.45382761133259,9746800.0
2009-10-20,12.4,12.57,12.32,12.46,10129200.0,0.0,1.0,11.334993007224591,11.490392104904283,11.261864020081207,11.38983974758213,10129200.0
2009-10-21,12.46,12.69,12.32,12.33,8334600.0,0.0,1.0,11.38983974758213,11.60008558561936,11.261864020081207,11.27100514347413,8334600.0
2009-10-22,12.3,12.48,12.225,12.4,7927600.0,0.0,1.0,11.243581773295361,11.408121994367976,11.175023347848438,11.334993007224591,7927600.0
2009-10-23,12.5,12.65,12.12,12.2,14066300.0,0.0,1.0,11.426404241153822,11.563521092047667,11.079041552222744,11.152170539366129,14066300.0
2009-10-26,12.2,12.35,11.97,12.04,10042300.0,0.0,1.0,11.152170539366129,11.289287390259975,10.941924701328901,11.00591256507936,10042300.0
2009-10-27,12.045,12.17,11.61,11.69,19215300.0,0.0,1.0,11.010483126775823,11.12474716918736,10.61284425918367,10.685973246327054,19215300.0
2009-10-28,11.71,11.74,11.35,11.39,17980300.0,0.0,1.0,10.704255493112901,10.73167886329167,10.37517505096767,10.411739544539364,17980300.0
2009-10-29,11.14,11.19,10.85,11.09,36724000.0,0.0,1.0,10.183211459716286,10.2289170766809,9.918118881321517,10.13750584275167,36724000.0
2009-10-30,11.17,11.19,10.8,10.83,20667700.0,0.0,1.0,10.210634829895055,10.2289170766809,9.872413264356902,9.89983663453567,20667700.0
2009-11-02,10.81,10.88,10.33,10.37,32723300.0,0.0,1.0,9.881554387749825,9.945542251500287,9.442780464889518,9.47934495846121,32723300.0
2009-11-03,10.325,10.66,10.25,10.62,28803200.0,0.0,1.0,9.438209903193057,9.74443753685598,9.369651477746133,9.707873043284286,28803200.0
2009-11-04,10.7,10.805,10.61,10.68,15113900.0,0.0,1.0,9.78100203042767,9.876983826053364,9.698731919891364,9.762719783641826,15113900.0
2009-11-05,10.94,11.02,10.765,10.87,22044300.0,0.0,1.0,10.000388991857823,10.073517979001208,9.840419332481671,9.936401128107363,22044300.0
2009-11-06,11.3,11.44,11.13,11.25,26718800.0,0.0,1.0,10.329469434003055,10.457445161503976,10.174070336323364,10.28376381703844,26718800.0
2009-11-09,11.53,11.59,11.39,11.54,21920200.0,0.0,1.0,10.539715272040285,10.594562012397823,10.411739544539364,10.548856395433207,21920200.0
2009-11-10,11.75,11.77,11.35,11.42,20421100.0,0.0,1.0,10.740819986684592,10.759102233470438,10.37517505096767,10.439162914718132,20421100.0
2009-11-11,11.52,11.59,11.05,11.38,29941600.0,0.0,1.0,10.530574148647363,10.594562012397823,10.10094134917998,10.40259842114644,29941600.0
2009-11-12,11.5216,11.7,11.34,11.44,31591400.0,0.0,1.0,10.53203672839023,10.695114369719976,10.366033927574748,10.457445161503976,31591400.0
2009-11-13,11.63,11.73,11.5,11.69,21007800.0,0.0,1.0,10.631126505969517,10.722537739898746,10.512291901861516,10.685973246327054,21007800.0
2009-11-16,11.73,11.91,11.64,11.72,15689000.0,0.0,1.0,10.722537739898746,10.88707796097136,10.64026762936244,10.713396616505824,15689000.0
2009-11-17,11.68,11.7,11.47,11.69,10174500.0,0.0,1.0,10.676832122934131,10.695114369719976,10.484868531682748,10.685973246327054,10174500.0
2009-11-18,11.82,11.9,11.6298,11.87,17288500.0,0.0,1.0,10.804807850435054,10.877936837578439,10.630943683501657,10.850513467399669,17288500.0
2009-11-19,11.77,11.81,11.47,11.57,21078300.0,0.0,1.0,10.759102233470438,10.79566672704213,10.484868531682748,10.576279765611977,21078300.0
2009-11-20,11.41,11.56,11.32,11.38,12281200.0,0.0,1.0,10.430021791325208,10.567138642219055,10.347751680788901,10.40259842114644,12281200.0
2009-11-23,11.55,11.5716,11.36,11.45,13700900.0,0.0,1.0,10.557997518826133,10.577742345354846,10.384316174360592,10.4665862848969,13700900.0
2009-11-24,11.45,11.53,11.31,11.4,9540900.0,0.0,1.0,10.4665862848969,10.539715272040285,10.338610557395977,10.420880667932286,9540900.0
2009-11-25,11.4,11.67,11.39,11.56,8590000.0,0.0,1.0,10.420880667932286,10.667690999541207,10.411739544539364,10.567138642219055,8590000.0
2009-11-27,11.44,11.77,11.31,11.584,10214800.0,0.0,1.0,10.457445161503976,10.759102233470438,10.338610557395977,10.589077338362069,10214800.0
2009-11-30,11.46,11.57,11.3,11.39,11816200.0,0.0,1.0,10.475727408289824,10.576279765611977,10.329469434003055,10.411739544539364,11816200.0
2009-12-01,11.46,11.75,11.46,11.66,13330900.0,0.0,1.0,10.475727408289824,10.740819986684592,10.475727408289824,10.658549876148285,13330900.0
2009-12-02,11.64,11.66,11.32,11.34,16945500.0,0.0,1.0,10.64026762936244,10.658549876148285,10.347751680788901,10.366033927574748,16945500.0
2009-12-03,11.4,11.5,11.28,11.3,13569900.0,0.0,1.0,10.420880667932286,10.512291901861516,10.311187187217207,10.329469434003055,13569900.0
2009-12-04,11.32,11.36,10.85,11.03,26214400.0,0.0,1.0,10.347751680788901,10.384316174360592,9.918118881321517,10.082659102394132,26214400.0
2009-12-07,11.05,11.11,10.9,10.93,12914000.0,0.0,1.0,10.10094134917998,10.155788089537516,9.963824498286133,9.991247868464901,12914000.0
2009-12-08,10.72,10.9,10.63,10.74,14472300.0,0.0,1.0,9.799284277213518,9.963824498286133,9.717014166677211,9.817566523999364,14472300.0
2009-12-09,10.78,10.89,10.62,10.79,11356700.0,0.0,1.0,9.854131017571055,9.954683374893209,9.707873043284286,9.863272140963979,11356700.0
2009-12-10,10.82,10.88,10.61,10.76,12302200.0,0.0,1.0,9.890695511142749,9.945542251500287,9.698731919891364,9.83584877078521,12302200.0
2009-12-11,10.91,10.95,10.73,10.75,12700800.0,0.0,1.0,9.972965621679055,10.009530115250747,9.80842540060644,9.826707647392286,12700800.0
2009-12-14,10.84,11.0052,10.79,10.83,9178700.0,0.0,1.0,9.908977757928595,10.059989116379683,9.863272140963979,9.89983663453567,9178700.0
2009-12-15,10.8,10.96,10.65,10.79,8146100.0,0.0,1.0,9.872413264356902,10.018671238643671,9.735296413463056,9.863272140963979,8146100.0
2009-12-16,10.81,10.98,10.81,10.9,9475000.0,0.0,1.0,9.881554387749825,10.036953485429517,9.881554387749825,9.963824498286133,9475000.0
2009-12-17,10.88,10.88,10.68,10.76,7650900.0,0.0,1.0,9.945542251500287,9.945542251500287,9.762719783641826,9.83584877078521,7650900.0
2009-12-18,10.88,11.08,10.8,11.06,12153800.0,0.0,1.0,9.945542251500287,10.128364719358748,9.872413264356902,10.110082472572902,12153800.0
2009-12-21,11.08,11.15,10.9,10.98,7773900.0,0.0,1.0,10.128364719358748,10.192352583109209,9.963824498286133,10.036953485429517,7773900.0
2009-12-22,11.04,11.07,10.8,10.87,10692500.0,0.0,1.0,10.091800225787054,10.119223595965824,9.872413264356902,9.936401128107363,10692500.0
2009-12-23,10.85,11.4,10.82,11.36,15861800.0,0.0,1.0,9.918118881321517,10.420880667932286,9.890695511142749,10.384316174360592,15861800.0
2009-12-24,11.45,11.47,11.3,11.44,3320500.0,0.0,1.0,10.4665862848969,10.484868531682748,10.329469434003055,10.457445161503976,3320500.0
2009-12-28,11.49,11.49,11.31,11.38,5373400.0,0.0,1.0,10.503150778468592,10.503150778468592,10.338610557395977,10.40259842114644,5373400.0
2009-12-29,11.42,11.44,11.28,11.29,4790300.0,0.0,1.0,10.439162914718132,10.457445161503976,10.311187187217207,10.320328310610131,4790300.0
2009-12-30,11.29,11.42,11.22,11.39,6929300.0,0.0,1.0,10.320328310610131,10.439162914718132,10.25634044685967,10.411739544539364,6929300.0
2009-12-31,11.35,11.37,11.1,11.11,5931900.0,0.0,1.0,10.37517505096767,10.393457297753516,10.146646966144594,10.155788089537516,5931900.0
2010-01-04,11.23,11.45,11.15,11.3,9306600.0,0.0,1.0,10.265481570252593,10.4665862848969,10.192352583109209,10.329469434003055,9306600.0
2010-01-05,11.2419,11.36,11.21,11.32,11366100.0,0.0,1.0,10.276359507090172,10.384316174360592,10.247199323466749,10.347751680788901,11366100.0
2010-01-06,11.26,11.38,11.21,11.26,6537800.0,0.0,1.0,10.292904940431363,10.40259842114644,10.247199323466749,10.292904940431363,6537800.0
2010-01-07,11.1,11.19,10.9319,10.99,15390800.0,0.0,1.0,10.146646966144594,10.2289170766809,9.992984681909558,10.04609460882244,15390800.0
2010-01-08,10.97,11.05,10.88,10.9,11002500.0,0.0,1.0,10.027812362036595,10.10094134917998,9.945542251500287,9.963824498286133,11002500.0
2010-01-11,10.91,10.98,10.83,10.89,8778400.0,0.0,1.0,9.972965621679055,10.036953485429517,9.89983663453567,9.954683374893209,8778400.0
2010-01-12,10.7,10.84,10.62,10.77,21501800.0,0.0,1.0,9.78100203042767,9.908977757928595,9.707873043284286,9.844989894178132,21501800.0
2010-01-13,10.9,10.975,10.805,10.91,14237000.0,0.0,1.0,9.963824498286133,10.032382923733055,9.876983826053364,9.972965621679055,14237000.0
2010-01-14,10.79,10.95,10.79,10.86,10650200.0,0.0,1.0,9.863272140963979,10.009530115250747,9.863272140963979,9.927260004714439,10650200.0
2010-01-15,11.02,11.07,10.8,10.89,22440700.0,0.0,1.0,10.073517979001208,10.119223595965824,9.872413264356902,9.954683374893209,22440700.0
2010-01-19,10.9,10.95,10.75,10.84,16891000.0,0.0,1.0,9.963824498286133,10.009530115250747,9.826707647392286,9.908977757928595,16891000.0
2010-01-20,10.78,10.85,10.62,10.82,24022200.0,0.0,1.0,9.854131017571055,9.918118881321517,9.707873043284286,9.890695511142749,24022200.0
2010-01-21,10.83,10.94,10.47,10.59,19218100.0,0.0,1.0,9.89983663453567,10.000388991857823,9.57075619239044,9.680449673105517,19218100.0
2010-01-22,10.56,10.64,10.3,10.365,12608200.0,0.0,1.0,9.65302630292675,9.726155290070134,9.41535709471075,9.474774396764749,12608200.0
2010-01-25,10.38,10.49,10.11,10.12,30554200.0,0.0,1.0,9.488486081854134,9.589038439176287,9.24167575024521,9.250816873638133,30554200.0
2010-01-26,10.11,10.17,9.93,10.01,42123300.0,0.0,1.0,9.24167575024521,9.296522490602749,9.077135529172596,9.15026451631598,42123300.0
2010-01-27,9.97,10.39,9.95,10.36,23699200.0,0.0,1.0,9.113700022744288,9.497627205247056,9.095417775958442,9.470203835068286,23699200.0
2010-01-28,10.34,10.41,10.17,10.25,18687500.0,0.0,1.0,9.451921588282442,9.515909452032902,9.296522490602749,9.369651477746133,18687500.0
2010-01-29,10.31,10.4,10.1,10.16,13777800.0,0.0,1.0,9.424498218103672,9.50676832863998,9.232534626852287,9.287381367209827,13777800.0
2010-02-01,10.12,10.16,10.03,10.08,13970400.0,0.0,1.0,9.250816873638133,9.287381367209827,9.168546763101826,9.214252380066442,13970400.0
2010-02-02,10.08,10.26,10.05,10.25,15094300.0,0.0,1.0,9.214252380066442,9.378792601139057,9.186829009887672,9.369651477746133,15094300.0
2010-02-03,10.31,10.56,10.26,10.46,21304300.0,0.0,1.0,9.424498218103672,9.65302630292675,9.378792601139057,9.561615068997519,21304300.0
2010-02-04,10.42,10.43,10.12,10.16,12453700.0,0.0,1.0,9.525050575425826,9.534191698818749,9.250816873638133,9.287381367209827,12453700.0
2010-02-05,10.22,10.33,10.01,10.21,15281000.0,0.0,1.0,9.342228107567365,9.442780464889518,9.15026451631598,9.333086984174443,15281000.0
2010-02-08,10.15,10.32,10.07,10.16,10408700.0,0.0,1.0,9.278240243816903,9.433639341496596,9.205111256673518,9.287381367209827,10408700.0
2010-02-09,10.1,10.21,10.02,10.05,20451700.0,0.0,1.0,9.232534626852287,9.333086984174443,9.159405639708902,9.186829009887672,20451700.0
2010-02-10,10.15,10.3,10.09,10.099,42206400.0,0.0,1.0,9.278240243816903,9.41535709471075,9.223393503459365,9.231620514512995,42206400.0
2010-02-11,10.7,11.19,10.65,11.07,56354800.0,0.0,1.0,9.78100203042767,10.2289170766809,9.735296413463056,10.119223595965824,56354800.0
2010-02-12,10.9719,11.15,10.817,11.11,19642600.0,0.0,1.0,10.029549175481248,10.192352583109209,9.88795317412487,10.155788089537516,19642600.0
2010-02-16,11.12,11.15,10.975,11.01,14720100.0,0.0,1.0,10.164929212930438,10.192352583109209,10.032382923733055,10.064376855608286,14720100.0
2010-02-17,11.03,11.21,10.99,11.15,19776400.0,0.0,1.0,10.082659102394132,10.247199323466749,10.04609460882244,10.192352583109209,19776400.0
2010-02-18,11.07,11.08,10.76,10.85,21827100.0,0.15,1.0,10.259120696370882,10.268388194741588,9.971828246879014,10.055235732215362,21827100.0
2010-02-19,10.8,11.03,10.77,10.79,20025000.0,0.0,1.0,10.008898240361837,10.22205070288806,9.98109574524972,9.99963074199113,20025000.0
2010-02-22,10.8,10.83,10.62,10.63,15143600.0,0.0,1.0,10.008898240361837,10.036700735473952,9.842083269689137,9.851350768059845,15143600.0
2010-02-23,10.63,10.77,10.5,10.55,13031000.0,0.0,1.0,9.851350768059845,9.98109574524972,9.730873289240673,9.777210781094201,13031000.0
2010-02-24,10.5701,10.8,10.57,10.71,11102600.0,0.0,1.0,9.79583845281932,10.008898240361837,9.795745777835611,9.925490755025487,11102600.0
2010-02-25,10.59,10.75,10.47,10.72,15238300.0,0.0,1.0,9.814280774577023,9.96256074850831,9.703070794128559,9.934758253396193,15238300.0
2010-02-26,10.65,10.81,10.61,10.63,12834200.0,0.0,1.0,9.869885764801255,10.018165738732542,9.832815771318433,9.851350768059845,12834200.0
2010-03-01,10.74,10.945,10.7,10.94,15566100.0,0.0,1.0,9.953293250137603,10.143276966737064,9.916223256654781,10.138643217551712,15566100.0
2010-03-02,10.74,10.95,10.74,10.81,19310800.0,0.0,1.0,9.953293250137603,10.147910715922416,9.953293250137603,10.018165738732542,19310800.0
2010-03-03,10.8,11.09,10.78,10.97,19886400.0,0.0,1.0,10.008898240361837,10.277655693112292,9.990363243620425,10.166445712663828,19886400.0
2010-03-04,11.01,11.03,10.83,11.03,14591300.0,0.0,1.0,10.20351570614665,10.22205070288806,10.036700735473952,10.22205070288806,14591300.0
2010-03-05,11.09,11.09,10.94,11.03,13499000.0,0.0,1.0,10.277655693112292,10.277655693112292,10.138643217551712,10.22205070288806,13499000.0
2010-03-08,11.03,11.12,10.95,11.11,9033300.0,0.0,1.0,10.22205070288806,10.305458188224408,10.147910715922416,10.296190689853702,9033300.0
2010-03-09,11.09,11.21,11.05,11.11,9534800.0,0.0,1.0,10.277655693112292,10.388865673560758,10.240585699629472,10.296190689853702,9534800.0
2010-03-10,11.13,11.27,11.1,11.18,11958800.0,0.0,1.0,10.314725686595114,10.44447066378499,10.286923191482998,10.36106317844864,11958800.0
2010-03-11,11.21,11.55,11.155,11.51,18543900.0,0.0,1.0,10.388865673560758,10.703960618164741,10.337894432521876,10.666890624681919,18543900.0
2010-03-12,11.51,11.58,11.35,11.47,18231500.0,0.0,1.0,10.666890624681919,10.731763113276857,10.518610650750633,10.629820631199099,18231500.0
2010-03-15,11.46,11.57,11.35,11.54,10987000.0,0.0,1.0,10.620553132828393,10.722495614906153,10.518610650750633,10.694693119794035,10987000.0
2010-03-16,11.52,11.66,11.465,11.64,16616600.0,0.0,1.0,10.676158123052625,10.805903100242501,10.625186882013745,10.787368103501091,16616600.0
2010-03-17,11.58,11.85,11.57,11.79,15791600.0,0.0,1.0,10.731763113276857,10.981985569285904,10.722495614906153,10.92638057906167,15791600.0
2010-03-18,11.76,12.18,11.72,11.96,26671300.0,0.0,1.0,10.898578083949555,11.287813015519182,10.861508090466733,11.083928051363664,26671300.0
2010-03-19,12.0,12.08,11.68,11.82,15778700.0,0.0,1.0,11.120998044846484,11.195138031812128,10.824438096983911,10.954183074173788,15778700.0
2010-03-22,11.85,12.03,11.77,11.96,10229200.0,0.0,1.0,10.981985569285904,11.1488005399586,10.90784558232026,11.083928051363664,10229200.0
2010-03-23,11.93,12.07,11.88,11.97,10699700.0,0.0,1.0,11.056125556251546,11.185870533441422,11.00978806439802,11.09319554973437,10699700.0
2010-03-24,12.05,12.05,11.85,11.93,10483100.0,0.0,1.0,11.167335536700012,11.167335536700012,10.981985569285904,11.056125556251546,10483100.0
2010-03-25,12.0,12.1,11.81,11.81,15387700.0,0.0,1.0,11.120998044846484,11.213673028553538,10.944915575803082,10.944915575803082,15387700.0
2010-03-26,11.84,12.05,11.8,11.97,7051500.0,0.0,1.0,10.972718070915198,11.167335536700012,10.935648077432377,11.09319554973437,7051500.0
2010-03-29,12.0,12.07,11.88,11.9,6948000.0,0.0,1.0,11.120998044846484,11.185870533441422,11.00978806439802,11.028323061139432,6948000.0
2010-03-30,11.93,12.08,11.85,12.03,8867700.0,0.0,1.0,11.056125556251546,11.195138031812128,10.981985569285904,11.1488005399586,8867700.0
2010-03-31,12.0,12.11,11.9,12.05,7404800.0,0.0,1.0,11.120998044846484,11.222940526924244,11.028323061139432,11.167335536700012,7404800.0
2010-04-01,12.08,12.24,11.83,11.92,12729800.0,0.0,1.0,11.195138031812128,11.343418005743414,10.963450572544494,11.046858057880842,12729800.0
2010-04-05,11.9999,12.09,11.95,12.03,9001700.0,0.0,1.0,11.120905369862777,11.204405530182832,11.074660552992956,11.1488005399586,9001700.0
2010-04-06,12.0,12.18,11.98,12.07,11981500.0,0.0,1.0,11.120998044846484,11.287813015519182,11.102463048105074,11.185870533441422,11981500.0
2010-04-07,12.01,12.14,11.94,12.11,12221600.0,0.0,1.0,11.13026554321719,11.25074302203636,11.065393054622252,11.222940526924244,12221600.0
2010-04-08,12.06,12.22,11.96,12.12,10864800.0,0.0,1.0,11.176603035070718,11.324883009002004,11.083928051363664,11.232208025294948,10864800.0
2010-04-09,12.16,12.5,12.16,12.48,12125700.0,0.0,1.0,11.26927801877777,11.584372963381755,11.26927801877777,11.565837966640345,12125700.0
2010-04-12,12.5,12.56,12.4,12.5,11925400.0,0.0,1.0,11.584372963381755,11.639977953605987,11.4916979796747,11.584372963381755,11925400.0
2010-04-13,12.5,12.58,12.18,12.27,19151100.0,0.0,1.0,11.584372963381755,11.658512950347397,11.287813015519182,11.37122050085553,19151100.0
2010-04-14,12.28,12.34,11.89,11.9,28888600.0,0.0,1.0,11.380487999226235,11.436092989450469,11.019055562768726,11.028323061139432,28888600.0
2010-04-15,11.81,11.95,11.54,11.67,37007900.0,0.0,1.0,10.944915575803082,11.074660552992956,10.694693119794035,10.815170598613205,37007900.0
2010-04-16,11.77,11.92,11.6,11.79,24392800.0,0.0,1.0,10.90784558232026,11.046858057880842,10.750298110018267,10.92638057906167,24392800.0
2010-04-19,11.67,11.77,11.53,11.69,13600100.0,0.0,1.0,10.815170598613205,10.90784558232026,10.68542562142333,10.833705595354617,13600100.0
2010-04-20,11.71,11.95,11.6393,11.87,14101900.0,0.0,1.0,10.85224059209603,11.074660552992956,10.78671937861514,11.000520566027314,14101900.0
2010-04-21,11.85,11.9,11.71,11.75,9762000.0,0.0,1.0,10.981985569285904,11.028323061139432,10.85224059209603,10.88931058557885,9762000.0
2010-04-22,11.74,11.76,11.52,11.59,18943000.0,0.0,1.0,10.880043087208144,10.898578083949555,10.676158123052625,10.741030611647563,18943000.0
2010-04-23,11.63,11.64,11.48,11.6,15415200.0,0.0,1.0,10.778100605130385,10.787368103501091,10.639088129569803,10.750298110018267,15415200.0
2010-04-26,11.59,11.62,11.39,11.58,15499500.0,0.0,1.0,10.741030611647563,10.76883310675968,10.555680644233455,10.731763113276857,15499500.0
2010-04-27,11.58,11.61,11.33,11.44,17469300.0,0.0,1.0,10.731763113276857,10.759565608388973,10.500075654009223,10.602018136086981,17469300.0
2010-04-28,11.43,11.47,10.77,10.93,43544000.0,0.0,1.0,10.592750637716277,10.629820631199099,9.98109574524972,10.129375719181006,43544000.0
2010-04-29,11.2,11.3,11.1,11.26,20128400.0,0.0,1.0,10.379598175190052,10.472273158897107,10.286923191482998,10.435203165414284,20128400.0
2010-04-30,11.23,11.23,11.0,11.08,14704600.0,0.0,1.0,10.407400670302168,10.407400670302168,10.194248207775944,10.268388194741588,14704600.0
2010-05-03,11.11,11.17,10.97,11.15,13356500.0,0.0,1.0,10.296190689853702,10.351795680077936,10.166445712663828,10.333260683336526,13356500.0
2010-05-04,11.13,11.14,10.83,10.95,15407000.0,0.0,1.0,10.314725686595114,10.32399318496582,10.036700735473952,10.147910715922416,15407000.0
2010-05-05,10.82,10.93,10.61,10.75,24726500.0,0.0,1.0,10.027433237103248,10.129375719181006,9.832815771318433,9.96256074850831,24726500.0
2010-05-06,10.75,10.83,9.99,10.49,21402900.0,0.0,1.0,9.96256074850831,10.036700735473952,9.258230872334698,9.721605790869969,21402900.0
2010-05-07,10.89,11.18,10.435,10.56,41308800.0,0.0,1.0,10.092305725698186,10.36106317844864,9.670634549831089,9.786478279464907,41308800.0
2010-05-10,11.01,11.15,10.83,10.89,13416100.0,0.0,1.0,10.20351570614665,10.333260683336526,10.036700735473952,10.092305725698186,13416100.0
2010-05-11,10.9,11.03,10.75,10.9,13524600.0,0.0,1.0,10.10157322406889,10.22205070288806,9.96256074850831,10.10157322406889,13524600.0
2010-05-12,10.88,11.17,10.79,11.12,15856400.0,0.0,1.0,10.08303822732748,10.351795680077936,9.99963074199113,10.305458188224408,15856400.0
2010-05-13,11.1,11.15,10.92,10.96,10498300.0,0.0,1.0,10.286923191482998,10.333260683336526,10.1201082208103,10.157178214293124,10498300.0
2010-05-14,10.89,10.89,10.57,10.69,14041800.0,0.0,1.0,10.092305725698186,10.092305725698186,9.795745777835611,9.906955758284075,14041800.0
2010-05-17,10.66,10.76,10.48,10.75,11719400.0,0.0,1.0,9.879153263171961,9.971828246879014,9.712338292499263,9.96256074850831,11719400.0
2010-05-18,10.75,10.87,10.57,10.63,14347700.0,0.0,1.0,9.96256074850831,10.073770728956774,9.795745777835611,9.851350768059845,14347700.0
2010-05-19,10.57,10.68,10.46,10.51,11167600.0,0.0,1.0,9.795745777835611,9.897688259913371,9.693803295757853,9.740140787611379,11167600.0
2010-05-20,10.37,10.53,10.29,10.36,16172100.0,0.0,1.0,9.610395810421503,9.75867578435279,9.536255823455859,9.601128312050797,16172100.0
2010-05-21,10.1,10.4,10.01,10.2425,14324900.0,0.0,1.0,9.360173354412458,9.63819830553362,9.276765869076108,9.49223520619501,14324900.0
2010-05-24,10.21,10.4099,10.21,10.25,11794000.0,0.0,1.0,9.462115836490218,9.647373128920618,9.462115836490218,9.499185829973039,11794000.0
2010-05-25,10.03,10.32,10.02,10.28,18986400.0,0.0,1.0,9.29530086581752,9.564058318567977,9.286033367446814,9.526988325085155,18986400.0
2010-05-26,10.29,10.59,10.11,10.52,18214900.0,0.0,1.0,9.536255823455859,9.814280774577023,9.369440852783162,9.749408285982085,18214900.0
2010-05-27,10.66,10.81,10.6,10.74,14898400.0,0.0,1.0,9.879153263171961,10.018165738732542,9.823548272947727,9.953293250137603,14898400.0
2010-05-28,10.77,10.85,10.62,10.75,9435900.0,0.0,1.0,9.98109574524972,10.055235732215362,9.842083269689137,9.96256074850831,9435900.0
2010-06-01,10.75,10.84,10.56,10.57,8156400.0,0.0,1.0,9.96256074850831,10.045968233844658,9.786478279464907,9.795745777835611,8156400.0
2010-06-02,10.63,10.82,10.55,10.81,9826100.0,0.0,1.0,9.851350768059845,10.027433237103248,9.777210781094201,10.018165738732542,9826100.0
2010-06-03,10.85,11.05,10.81,11.0,10171700.0,0.0,1.0,10.055235732215362,10.240585699629472,10.018165738732542,10.194248207775944,10171700.0
2010-06-04,10.82,10.95,10.66,10.7,14654300.0,0.0,1.0,10.027433237103248,10.147910715922416,9.879153263171961,9.916223256654781,14654300.0
2010-06-07,10.71,10.9,10.57,10.6,11924300.0,0.0,1.0,9.925490755025487,10.10157322406889,9.795745777835611,9.823548272947727,11924300.0
2010-06-08,10.65,10.71,10.41,10.5325,9075700.0,0.0,1.0,9.869885764801255,9.925490755025487,9.647465803904325,9.760992658945467,9075700.0
2010-06-09,10.56,10.63,10.37,10.39,8695000.0,0.0,1.0,9.786478279464907,9.851350768059845,9.610395810421503,9.628930807162915,8695000.0
2010-06-10,10.48,10.69,10.48,10.69,8137100.0,0.0,1.0,9.712338292499263,9.906955758284075,9.712338292499263,9.906955758284075,8137100.0
2010-06-11,10.6,10.88,10.55,10.86,9002000.0,0.0,1.0,9.823548272947727,10.08303822732748,9.777210781094201,10.064503230586068,9002000.0
2010-06-14,10.97,11.17,10.93,10.94,9878000.0,0.0,1.0,10.166445712663828,10.351795680077936,10.129375719181006,10.138643217551712,9878000.0
2010-06-15,11.04,11.36,10.99,11.34,13529000.0,0.0,1.0,10.231318201258764,10.527878149121339,10.184980709405238,10.509343152379929,13529000.0
2010-06-16,11.2,11.3,11.09,11.15,11254000.0,0.0,1.0,10.379598175190052,10.472273158897107,10.277655693112292,10.333260683336526,11254000.0
2010-06-17,11.19,11.545,11.16,11.36,18223500.0,0.0,1.0,10.370330676819346,10.699326868979389,10.34252818170723,10.527878149121339,18223500.0
2010-06-18,11.34,11.585,11.3,11.47,13824300.0,0.0,1.0,10.509343152379929,10.736396862462211,10.472273158897107,10.629820631199099,13824300.0
2010-06-21,11.61,11.6495,11.35,11.54,17698000.0,0.0,1.0,10.759565608388973,10.79617222695326,10.518610650750633,10.694693119794035,17698000.0
2010-06-22,11.54,11.6,11.16,11.2,13707200.0,0.0,1.0,10.694693119794035,10.750298110018267,10.34252818170723,10.379598175190052,13707200.0
2010-06-23,11.17,11.26,11.09,11.21,11675300.0,0.0,1.0,10.351795680077936,10.435203165414284,10.277655693112292,10.388865673560758,11675300.0
2010-06-24,11.17,11.25,11.0,11.02,6774100.0,0.0,1.0,10.351795680077936,10.425935667043579,10.194248207775944,10.212783204517354,6774100.0
2010-06-25,11.09,11.15,10.93,11.0,12790100.0,0.0,1.0,10.277655693112292,10.333260683336526,10.129375719181006,10.194248207775944,12790100.0
2010-06-28,11.08,11.08,10.89,11.02,7098600.0,0.0,1.0,10.268388194741588,10.268388194741588,10.092305725698186,10.212783204517354,7098600.0
2010-06-29,10.81,10.88,10.54,10.6,10879400.0,0.0,1.0,10.018165738732542,10.08303822732748,9.767943282723495,9.823548272947727,10879400.0
2010-06-30,10.63,10.81,10.4701,10.49,13219500.0,0.0,1.0,9.851350768059845,10.018165738732542,9.703163469112265,9.721605790869969,13219500.0
2010-07-01,10.48,10.66,10.32,10.5,9840700.0,0.0,1.0,9.712338292499263,9.879153263171961,9.564058318567977,9.730873289240673,9840700.0
2010-07-02,10.5,10.69,10.35,10.64,8597500.0,0.0,1.0,9.730873289240673,9.906955758284075,9.591860813680093,9.86061826643055,8597500.0
2010-07-06,10.78,10.82,10.41,10.54,9297800.0,0.0,1.0,9.990363243620425,10.027433237103248,9.647465803904325,9.767943282723495,9297800.0
2010-07-07,10.54,10.99,10.53,10.98,12254700.0,0.0,1.0,9.767943282723495,10.184980709405238,9.75867578435279,10.175713211034534,12254700.0
2010-07-08,11.0,11.1,10.87,11.07,10224100.0,0.0,1.0,10.194248207775944,10.286923191482998,10.073770728956774,10.259120696370882,10224100.0
2010-07-09,11.08,11.13,10.99,11.09,4053700.0,0.0,1.0,10.268388194741588,10.314725686595114,10.184980709405238,10.277655693112292,4053700.0
2010-07-12,11.05,11.13,10.93,11.12,9768200.0,0.0,1.0,10.240585699629472,10.314725686595114,10.129375719181006,10.305458188224408,9768200.0
2010-07-13,11.22,11.44,11.11,11.41,12004900.0,0.0,1.0,10.398133171931464,10.602018136086981,10.296190689853702,10.574215640974867,12004900.0
2010-07-14,11.43,11.54,11.2,11.3,8141900.0,0.0,1.0,10.592750637716277,10.694693119794035,10.379598175190052,10.472273158897107,8141900.0
2010-07-15,11.32,11.42,11.19,11.33,7269300.0,0.0,1.0,10.490808155638517,10.58348313934557,10.370330676819346,10.500075654009223,7269300.0
2010-07-16,11.36,11.39,11.08,11.12,9854100.0,0.0,1.0,10.527878149121339,10.555680644233455,10.268388194741588,10.305458188224408,9854100.0
2010-07-19,11.18,11.475,11.12,11.38,11866500.0,0.0,1.0,10.36106317844864,10.634454380384451,10.305458188224408,10.54641314586275,11866500.0
2010-07-20,11.2,11.465,11.16,11.46,5556600.0,0.0,1.0,10.379598175190052,10.625186882013745,10.34252818170723,10.620553132828393,5556600.0
2010-07-21,11.48,11.5,11.21,11.24,8037900.0,0.0,1.0,10.639088129569803,10.657623126311215,10.388865673560758,10.416668168672874,8037900.0
2010-07-22,11.34,11.78,11.34,11.62,21110100.0,0.0,1.0,10.509343152379929,10.917113080690966,10.509343152379929,10.76883310675968,21110100.0
2010-07-23,11.63,11.85,11.57,11.73,10134000.0,0.0,1.0,10.778100605130385,10.981985569285904,10.722495614906153,10.87077558883744,10134000.0
2010-07-26,11.77,12.04,11.7,11.91,11466200.0,0.0,1.0,10.90784558232026,11.158068038329306,10.842973093725321,11.037590559510136,11466200.0
2010-07-27,12.02,12.04,11.77,11.94,17841500.0,0.0,1.0,11.139533041587894,11.158068038329306,10.90784558232026,11.065393054622252,17841500.0
2010-07-28,11.97,11.99,11.725,11.86,9976900.0,0.0,1.0,11.09319554973437,11.11173054647578,10.866141839652085,10.991253067656608,9976900.0
2010-07-29,11.92,11.94,11.57,11.78,8134800.0,0.0,1.0,11.046858057880842,11.065393054622252,10.722495614906153,10.917113080690966,8134800.0
2010-07-30,11.65,11.95,11.6,11.88,5960800.0,0.0,1.0,10.796635601871795,11.074660552992956,10.750298110018267,11.00978806439802,5960800.0
2010-08-02,11.92,12.09,11.85,11.95,13797200.0,0.0,1.0,11.046858057880842,11.204405530182832,10.981985569285904,11.074660552992956,13797200.0
2010-08-03,11.85,11.85,11.44,11.53,21343000.0,0.0,1.0,10.981985569285904,10.981985569285904,10.602018136086981,10.68542562142333,21343000.0
2010-08-04,11.62,11.84,11.56,11.81,17643400.0,0.0,1.0,10.76883310675968,10.972718070915198,10.713228116535447,10.944915575803082,17643400.0
2010-08-05,11.81,11.91,11.68,11.75,12934500.0,0.0,1.0,10.944915575803082,11.037590559510136,10.824438096983911,10.88931058557885,12934500.0
2010-08-06,10.91,11.21,10.88,10.99,33973500.0,0.0,1.0,10.110840722439596,10.388865673560758,10.08303822732748,10.184980709405238,33973500.0
2010-08-09,11.08,11.12,10.95,10.98,19478400.0,0.0,1.0,10.268388194741588,10.305458188224408,10.147910715922416,10.175713211034534,19478400.0
2010-08-10,10.9,11.16,10.78,11.055,17922300.0,0.0,1.0,10.10157322406889,10.34252818170723,9.990363243620425,10.245219448814824,17922300.0
2010-08-11,10.88,11.08,10.84,10.97,17087600.0,0.0,1.0,10.08303822732748,10.268388194741588,10.045968233844658,10.166445712663828,17087600.0
2010-08-12,10.84,10.97,10.76,10.83,13796400.0,0.0,1.0,10.045968233844658,10.166445712663828,9.971828246879014,10.036700735473952,13796400.0
2010-08-13,10.75,10.94,10.75,10.87,12748900.0,0.0,1.0,9.96256074850831,10.138643217551712,9.96256074850831,10.073770728956774,12748900.0
2010-08-16,10.86,11.02,10.8,10.88,9488600.0,0.0,1.0,10.064503230586068,10.212783204517354,10.008898240361837,10.08303822732748,9488600.0
2010-08-17,10.92,11.075,10.86,10.91,11162600.0,0.0,1.0,10.1201082208103,10.263754445556234,10.064503230586068,10.110840722439596,11162600.0
2010-08-18,10.88,11.15,10.86,11.0,10295600.0,0.0,1.0,10.08303822732748,10.333260683336526,10.064503230586068,10.194248207775944,10295600.0
2010-08-19,10.98,11.105,10.91,11.01,9907100.0,0.0,1.0,10.175713211034534,10.291556940668352,10.110840722439596,10.20351570614665,9907100.0
2010-08-20,10.98,11.0925,10.94,11.06,7001700.0,0.0,1.0,10.175713211034534,10.279972567704968,10.138643217551712,10.249853198000176,7001700.0
2010-08-23,11.09,11.145,10.775,10.89,13582100.0,0.0,1.0,10.277655693112292,10.328626934151172,9.985729494435073,10.092305725698186,13582100.0
2010-08-24,10.8,10.87,10.63,10.75,15084100.0,0.0,1.0,10.008898240361837,10.073770728956774,9.851350768059845,9.96256074850831,15084100.0
2010-08-25,10.66,11.0,10.65,10.99,10442200.0,0.0,1.0,9.879153263171961,10.194248207775944,9.869885764801255,10.184980709405238,10442200.0
2010-08-26,10.985,11.09,10.75,10.78,10516600.0,0.0,1.0,10.180346960219886,10.277655693112292,9.96256074850831,9.990363243620425,10516600.0
2010-08-27,10.81,10.87,10.64,10.75,13278000.0,0.0,1.0,10.018165738732542,10.073770728956774,9.86061826643055,9.96256074850831,13278000.0
2010-08-30,10.69,10.79,10.6,10.6,10946900.0,0.0,1.0,9.906955758284075,9.99963074199113,9.823548272947727,9.823548272947727,10946900.0
2010-08-31,10.55,10.75,10.52,10.675,13491800.0,0.0,1.0,9.777210781094201,9.96256074850831,9.749408285982085,9.89305451072802,13491800.0
2010-09-01,10.82,10.94,10.8001,10.91,10233200.0,0.0,1.0,10.027433237103248,10.138643217551712,10.008990915345544,10.110840722439596,10233200.0
2010-09-02,10.86,11.01,10.81,11.01,9372800.0,0.0,1.0,10.064503230586068,10.20351570614665,10.018165738732542,10.20351570614665,9372800.0
2010-09-03,11.14,11.22,11.04,11.21,6527400.0,0.0,1.0,10.32399318496582,10.398133171931464,10.231318201258764,10.388865673560758,6527400.0
2010-09-07,11.11,11.19,11.0,11.03,5432400.0,0.0,1.0,10.296190689853702,10.370330676819346,10.194248207775944,10.22205070288806,5432400.0
2010-09-08,11.08,11.22,11.025,11.12,5915000.0,0.0,1.0,10.268388194741588,10.398133171931464,10.217416953702708,10.305458188224408,5915000.0
2010-09-09,11.16,11.25,11.09,11.21,5226100.0,0.0,1.0,10.34252818170723,10.425935667043579,10.277655693112292,10.388865673560758,5226100.0
2010-09-10,11.15,11.25,11.05,11.13,5613700.0,0.0,1.0,10.333260683336526,10.425935667043579,10.240585699629472,10.314725686595114,5613700.0
2010-09-13,11.17,11.28,11.11,11.2425,6875800.0,0.0,1.0,10.351795680077936,10.453738162155695,10.296190689853702,10.41898504326555,6875800.0
2010-09-14,11.22,11.39,11.14,11.35,8665400.0,0.0,1.0,10.398133171931464,10.555680644233455,10.32399318496582,10.518610650750633,8665400.0
2010-09-15,11.27,11.35,11.1715,11.29,6495800.0,0.0,1.0,10.44447066378499,10.518610650750633,10.353185804833542,10.4630056605264,6495800.0
2010-09-16,11.25,11.3,10.69,10.75,34842300.0,0.0,1.0,10.425935667043579,10.472273158897107,9.906955758284075,9.96256074850831,34842300.0
2010-09-17,10.83,10.9,10.74,10.82,14468800.0,0.0,1.0,10.036700735473952,10.10157322406889,9.953293250137603,10.027433237103248,14468800.0
2010-09-20,10.89,10.975,10.81,10.931,9806400.0,0.0,1.0,10.092305725698186,10.17107946184918,10.018165738732542,10.130302469018076,9806400.0
2010-09-21,10.93,11.03,10.87,10.94,6692000.0,0.0,1.0,10.129375719181006,10.22205070288806,10.073770728956774,10.138643217551712,6692000.0
2010-09-22,10.95,11.13,10.95,11.02,6073300.0,0.0,1.0,10.147910715922416,10.314725686595114,10.147910715922416,10.212783204517354,6073300.0
2010-09-23,10.94,11.05,10.89,10.9,5510600.0,0.0,1.0,10.138643217551712,10.240585699629472,10.092305725698186,10.10157322406889,5510600.0
2010-09-24,11.0,11.0,10.79,10.8,9830700.0,0.0,1.0,10.194248207775944,10.194248207775944,9.99963074199113,10.008898240361837,9830700.0
2010-09-27,10.88,10.96,10.82,10.82,7999700.0,0.0,1.0,10.08303822732748,10.157178214293124,10.027433237103248,10.027433237103248,7999700.0
2010-09-28,10.93,11.2,10.84,11.155,11121400.0,0.0,1.0,10.129375719181006,10.379598175190052,10.045968233844658,10.337894432521876,11121400.0
2010-09-29,11.12,11.16,10.95,11.0,8097200.0,0.0,1.0,10.305458188224408,10.34252818170723,10.147910715922416,10.194248207775944,8097200.0
2010-09-30,11.1,11.15,10.78,10.82,18906600.0,0.0,1.0,10.286923191482998,10.333260683336526,9.990363243620425,10.027433237103248,18906600.0
2010-10-01,10.82,10.93,10.78,10.87,8072400.0,0.0,1.0,10.027433237103248,10.129375719181006,9.990363243620425,10.073770728956774,8072400.0
2010-10-04,10.89,11.0901,10.89,10.99,7607500.0,0.0,1.0,10.092305725698186,10.277748368095999,10.092305725698186,10.184980709405238,7607500.0
2010-10-05,11.1,11.35,11.07,11.35,13208000.0,0.0,1.0,10.286923191482998,10.518610650750633,10.259120696370882,10.518610650750633,13208000.0
2010-10-06,11.35,11.35,11.03,11.1,7963500.0,0.0,1.0,10.518610650750633,10.518610650750633,10.22205070288806,10.286923191482998,7963500.0
2010-10-07,11.15,11.25,11.01,11.02,10392000.0,0.0,1.0,10.333260683336526,10.425935667043579,10.20351570614665,10.212783204517354,10392000.0
2010-10-08,11.01,11.14,10.95,11.11,8185100.0,0.0,1.0,10.20351570614665,10.32399318496582,10.147910715922416,10.296190689853702,8185100.0
2010-10-11,11.1,11.21,11.0675,11.13,5046800.0,0.0,1.0,10.286923191482998,10.388865673560758,10.256803821778206,10.314725686595114,5046800.0
2010-10-12,11.13,11.27,10.99,11.25,7038700.0,0.0,1.0,10.314725686595114,10.44447066378499,10.184980709405238,10.425935667043579,7038700.0
2010-10-13,11.27,11.5,11.26,11.3,9008200.0,0.0,1.0,10.44447066378499,10.657623126311215,10.435203165414284,10.472273158897107,9008200.0
2010-10-14,11.5,11.55,11.26,11.48,6694500.0,0.0,1.0,10.657623126311215,10.703960618164741,10.435203165414284,10.639088129569803,6694500.0
2010-10-15,11.48,11.61,11.21,11.37,6835500.0,0.0,1.0,10.639088129569803,10.759565608388973,10.388865673560758,10.537145647492043,6835500.0
2010-10-18,11.34,11.36,11.15,11.25,5691200.0,0.0,1.0,10.509343152379929,10.527878149121339,10.333260683336526,10.425935667043579,5691200.0
2010-10-19,11.14,11.23,11.05,11.17,6112500.0,0.0,1.0,10.32399318496582,10.407400670302168,10.240585699629472,10.351795680077936,6112500.0
2010-10-20,11.2,11.25,11.07,11.08,5874800.0,0.0,1.0,10.379598175190052,10.425935667043579,10.259120696370882,10.268388194741588,5874800.0
2010-10-21,11.12,11.25,10.9,11.25,15502800.0,0.0,1.0,10.305458188224408,10.425935667043579,10.10157322406889,10.425935667043579,15502800.0
2010-10-22,11.22,11.24,11.12,11.19,4420400.0,0.0,1.0,10.398133171931464,10.416668168672874,10.305458188224408,10.370330676819346,4420400.0
2010-10-25,11.28,11.39,11.23,11.33,5740700.0,0.0,1.0,10.453738162155695,10.555680644233455,10.407400670302168,10.500075654009223,5740700.0
2010-10-26,11.2,11.43,11.2,11.29,5048000.0,0.0,1.0,10.379598175190052,10.592750637716277,10.379598175190052,10.4630056605264,5048000.0
2010-10-27,11.22,11.34,11.17,11.32,5967700.0,0.0,1.0,10.398133171931464,10.509343152379929,10.351795680077936,10.490808155638517,5967700.0
2010-10-28,11.35,11.39,11.2,11.345,3857200.0,0.0,1.0,10.518610650750633,10.555680644233455,10.379598175190052,10.51397690156528,3857200.0
2010-10-29,11.32,11.51,11.32,11.46,5168200.0,0.0,1.0,10.490808155638517,10.666890624681919,10.490808155638517,10.620553132828393,5168200.0
2010-11-01,11.46,11.59,11.35,11.39,7400300.0,0.0,1.0,10.620553132828393,10.741030611647563,10.518610650750633,10.555680644233455,7400300.0
2010-11-02,11.5,11.57,11.405,11.475,5712900.0,0.0,1.0,10.657623126311215,10.722495614906153,10.569581891789513,10.634454380384451,5712900.0
2010-11-03,11.54,11.6,11.34,11.45,7571800.0,0.0,1.0,10.694693119794035,10.750298110018267,10.509343152379929,10.611285634457687,7571800.0
2010-11-04,11.55,11.6969,11.48,11.63,10605700.0,0.0,1.0,10.703960618164741,10.840100169230404,10.639088129569803,10.778100605130385,10605700.0
2010-11-05,11.75,11.92,11.18,11.3,22237300.0,0.0,1.0,10.88931058557885,11.046858057880842,10.36106317844864,10.472273158897107,22237300.0
2010-11-08,11.33,11.94,11.32,11.88,22897800.0,0.0,1.0,10.500075654009223,11.065393054622252,10.490808155638517,11.00978806439802,22897800.0
2010-11-09,11.97,11.97,11.66,11.77,14223500.0,0.0,1.0,11.09319554973437,11.09319554973437,10.805903100242501,10.90784558232026,14223500.0
2010-11-10,11.8,11.86,11.67,11.82,14500400.0,0.0,1.0,10.935648077432377,10.991253067656608,10.815170598613205,10.954183074173788,14500400.0
2010-11-11,11.73,11.9,11.5,11.8875,10162200.0,0.0,1.0,10.87077558883744,11.028323061139432,10.657623126311215,11.016738688176048,10162200.0
2010-11-12,11.77,11.84,11.42,11.5,21064700.0,0.0,1.0,10.90784558232026,10.972718070915198,10.58348313934557,10.657623126311215,21064700.0
2010-11-15,11.6,11.73,11.5,11.575,11920600.0,0.0,1.0,10.750298110018267,10.87077558883744,10.657623126311215,10.727129364091503,11920600.0
2010-11-16,11.5,11.55,11.35,11.48,8442300.0,0.0,1.0,10.657623126311215,10.703960618164741,10.518610650750633,10.639088129569803,8442300.0
2010-11-17,11.52,11.73,11.47,11.62,12158100.0,0.0,1.0,10.676158123052625,10.87077558883744,10.629820631199099,10.76883310675968,12158100.0
2010-11-18,11.67,11.83,11.65,11.72,8366400.0,0.0,1.0,10.815170598613205,10.963450572544494,10.796635601871795,10.861508090466733,8366400.0
2010-11-19,11.71,11.75,11.5,11.6775,8916200.0,0.0,1.0,10.85224059209603,10.88931058557885,10.657623126311215,10.822121222391235,8916200.0
2010-11-22,11.68,11.84,11.57,11.79,5547200.0,0.0,1.0,10.824438096983911,10.972718070915198,10.722495614906153,10.92638057906167,5547200.0
2010-11-23,11.7,11.72,11.47,11.59,8138700.0,0.0,1.0,10.842973093725321,10.861508090466733,10.629820631199099,10.741030611647563,8138700.0
2010-11-24,11.66,11.86,11.66,11.74,7415400.0,0.0,1.0,10.805903100242501,10.991253067656608,10.805903100242501,10.880043087208144,7415400.0
2010-11-26,11.75,11.85,11.71,11.76,2956900.0,0.0,1.0,10.88931058557885,10.981985569285904,10.85224059209603,10.898578083949555,2956900.0
2010-11-29,11.75,11.81,11.51,11.74,7805000.0,0.0,1.0,10.88931058557885,10.944915575803082,10.666890624681919,10.880043087208144,7805000.0
2010-11-30,11.69,11.83,11.53,11.74,10015600.0,0.0,1.0,10.833705595354617,10.963450572544494,10.68542562142333,10.880043087208144,10015600.0
2010-12-01,11.87,12.1,11.82,11.97,9386000.0,0.0,1.0,11.000520566027314,11.213673028553538,10.954183074173788,11.09319554973437,9386000.0
2010-12-02,11.97,12.17,11.95,12.08,6746100.0,0.0,1.0,11.09319554973437,11.278545517148476,11.074660552992956,11.195138031812128,6746100.0
2010-12-03,11.9719,12.35,11.9719,12.3,9014300.0,0.0,1.0,11.094956374424802,11.445360487821173,11.094956374424802,11.399022995967647,9014300.0
2010-12-06,12.32,12.36,12.1,12.15,8949400.0,0.0,1.0,11.417557992709058,11.454627986191879,11.213673028553538,11.260010520407066,8949400.0
2010-12-07,12.3,12.33,11.99,12.01,11366800.0,0.0,1.0,11.399022995967647,11.426825491079763,11.11173054647578,11.13026554321719,11366800.0
2010-12-08,12.01,12.0512,11.81,11.99,13284500.0,0.0,1.0,11.13026554321719,11.168447636504496,10.944915575803082,11.11173054647578,13284500.0
2010-12-09,12.04,12.2,12.02,12.17,5345400.0,0.0,1.0,11.158068038329306,11.306348012260592,11.139533041587894,11.278545517148476,5345400.0
2010-12-10,12.22,12.345,12.1,12.24,7676100.0,0.0,1.0,11.324883009002004,11.44072673863582,11.213673028553538,11.343418005743414,7676100.0
2010-12-13,12.32,12.33,11.99,12.02,9129700.0,0.0,1.0,11.417557992709058,11.426825491079763,11.11173054647578,11.139533041587894,9129700.0
2010-12-14,12.07,12.19,11.99,12.0,7977500.0,0.0,1.0,11.185870533441422,11.297080513889886,11.11173054647578,11.120998044846484,7977500.0
2010-12-15,11.98,12.06,11.87,12.03,8713000.0,0.0,1.0,11.102463048105074,11.176603035070718,11.000520566027314,11.1488005399586,8713000.0
2010-12-16,12.07,12.41,12.03,12.22,13045000.0,0.0,1.0,11.185870533441422,11.500965478045407,11.1488005399586,11.324883009002004,13045000.0
2010-12-17,12.19,12.265,12.13,12.15,8783700.0,0.0,1.0,11.297080513889886,11.366586751670178,11.241475523665656,11.260010520407066,8783700.0
2010-12-20,12.2,12.32,12.115,12.21,7583100.0,0.0,1.0,11.306348012260592,11.417557992709058,11.227574276109596,11.315615510631298,7583100.0
2010-12-21,12.23,12.5,12.19,12.23,9871900.0,0.0,1.0,11.334150507372708,11.584372963381755,11.297080513889886,11.334150507372708,9871900.0
2010-12-22,12.24,12.65,12.22,12.535,12143900.0,0.0,1.0,11.343418005743414,11.723385438942335,11.324883009002004,11.616809207679223,12143900.0
2010-12-23,12.55,12.572,12.41,12.45,4729600.0,0.0,1.0,11.630710455235283,11.651098951650832,11.500965478045407,11.538035471528227,4729600.0
2010-12-27,12.44,12.58,12.31,12.55,3027500.0,0.0,1.0,11.528767973157521,11.658512950347397,11.408290494338353,11.630710455235283,3027500.0
2010-12-28,12.54,12.58,12.41,12.47,2569000.0,0.0,1.0,11.621442956864575,11.658512950347397,11.500965478045407,11.556570468269639,2569000.0
2010-12-29,12.53,12.64,12.5,12.55,3344800.0,0.0,1.0,11.612175458493871,11.714117940571631,11.584372963381755,11.630710455235283,3344800.0
2010-12-30,12.55,12.61,12.46,12.57,2680700.0,0.0,1.0,11.630710455235283,11.686315445459513,11.547302969898935,11.649245451976693,2680700.0
2010-12-31,12.57,12.58,12.29,12.44,7091600.0,0.0,1.0,11.649245451976693,11.658512950347397,11.38975549759694,11.528767973157521,7091600.0
2011-01-03,12.57,12.6,12.42,12.515,11721500.0,0.0,1.0,11.649245451976693,11.677047947088809,11.51023297641611,11.598274210937813,11721500.0
2011-01-04,12.55,12.6419,12.4,12.53,8107400.0,0.0,1.0,11.630710455235283,11.715878765262064,11.4916979796747,11.612175458493871,8107400.0
2011-01-05,12.4,12.46,12.19,12.29,11162000.0,0.0,1.0,11.4916979796747,11.547302969898935,11.297080513889886,11.38975549759694,11162000.0
2011-01-06,12.31,12.34,12.14,12.26,4386600.0,0.0,1.0,11.408290494338353,11.436092989450469,11.25074302203636,11.361953002484825,4386600.0
2011-01-07,12.29,12.29,12.07,12.1,7033600.0,0.0,1.0,11.38975549759694,11.38975549759694,11.185870533441422,11.213673028553538,7033600.0
2011-01-10,12.02,12.07,11.93,11.97,11085100.0,0.0,1.0,11.139533041587894,11.185870533441422,11.056125556251546,11.09319554973437,11085100.0
2011-01-11,12.02,12.03,11.81,11.94,10558200.0,0.0,1.0,11.139533041587894,11.1488005399586,10.944915575803082,11.065393054622252,10558200.0
2011-01-12,11.99,11.99,11.8,11.96,8548500.0,0.0,1.0,11.11173054647578,11.11173054647578,10.935648077432377,11.083928051363664,8548500.0
2011-01-13,12.0,12.14,11.93,12.04,9628100.0,0.0,1.0,11.120998044846484,11.25074302203636,11.056125556251546,11.158068038329306,9628100.0
2011-01-14,12.0,12.05,11.67,11.76,14824800.0,0.0,1.0,11.120998044846484,11.167335536700012,10.815170598613205,10.898578083949555,14824800.0
2011-01-18,11.75,11.92,11.63,11.68,10226600.0,0.0,1.0,10.88931058557885,11.046858057880842,10.778100605130385,10.824438096983911,10226600.0
2011-01-19,11.62,11.69,11.5,11.51,8273100.0,0.0,1.0,10.76883310675968,10.833705595354617,10.657623126311215,10.666890624681919,8273100.0
2011-01-20,11.51,11.57,11.35,11.535,7202200.0,0.0,1.0,10.666890624681919,10.722495614906153,10.518610650750633,10.690059370608683,7202200.0
2011-01-21,11.59,11.61,11.18,11.245,13320800.0,0.0,1.0,10.741030611647563,10.759565608388973,10.36106317844864,10.421301917858226,13320800.0
2011-01-24,11.28,11.5,11.25,11.37,17893300.0,0.0,1.0,10.453738162155695,10.657623126311215,10.425935667043579,10.537145647492043,17893300.0
2011-01-25,11.3,11.43,11.25,11.43,7985500.0,0.0,1.0,10.472273158897107,10.592750637716277,10.425935667043579,10.592750637716277,7985500.0
2011-01-26,11.46,11.54,11.31,11.35,8668400.0,0.0,1.0,10.620553132828393,10.694693119794035,10.481540657267812,10.518610650750633,8668400.0
2011-01-27,11.35,11.42,11.21,11.23,8272100.0,0.0,1.0,10.518610650750633,10.58348313934557,10.388865673560758,10.407400670302168,8272100.0
2011-01-28,11.2,11.42,11.08,11.21,8191000.0,0.0,1.0,10.379598175190052,10.58348313934557,10.268388194741588,10.388865673560758,8191000.0
2011-01-31,11.2,11.4,11.2,11.29,9243000.0,0.0,1.0,10.379598175190052,10.56494814260416,10.379598175190052,10.4630056605264,9243000.0
2011-02-01,11.29,11.73,11.29,11.65,14879700.0,0.0,1.0,10.4630056605264,10.87077558883744,10.4630056605264,10.796635601871795,14879700.0
2011-02-02,11.59,11.83,11.4,11.69,12264800.0,0.0,1.0,10.741030611647563,10.963450572544494,10.56494814260416,10.833705595354617,12264800.0
2011-02-03,11.66,11.73,11.42,11.64,15146000.0,0.0,1.0,10.805903100242501,10.87077558883744,10.58348313934557,10.787368103501091,15146000.0
2011-02-04,11.67,11.77,11.56,11.74,11292600.0,0.0,1.0,10.815170598613205,10.90784558232026,10.713228116535447,10.880043087208144,11292600.0
2011-02-07,11.8,11.84,11.68,11.8,6561100.0,0.0,1.0,10.935648077432377,10.972718070915198,10.824438096983911,10.935648077432377,6561100.0
2011-02-08,11.81,11.91,11.71,11.88,8110800.0,0.0,1.0,10.944915575803082,11.037590559510136,10.85224059209603,11.00978806439802,8110800.0
2011-02-09,11.9,11.96,11.63,11.69,15858000.0,0.0,1.0,11.028323061139432,11.083928051363664,10.778100605130385,10.833705595354617,15858000.0
2011-02-10,10.8993,10.99,10.4,10.75,49040600.0,0.0,1.0,10.100924499182941,10.184980709405238,9.63819830553362,9.96256074850831,49040600.0
2011-02-11,10.69,10.94,10.6,10.78,17570500.0,0.0,1.0,9.906955758284075,10.138643217551712,9.823548272947727,9.990363243620425,17570500.0
2011-02-14,10.82,10.98,10.78,10.95,11135600.0,0.0,1.0,10.027433237103248,10.175713211034534,9.990363243620425,10.147910715922416,11135600.0
2011-02-15,10.98,11.0,10.83,10.94,9607200.0,0.0,1.0,10.175713211034534,10.194248207775944,10.036700735473952,10.138643217551712,9607200.0
2011-02-16,10.93,11.1,10.9,10.95,12136600.0,0.0,1.0,10.129375719181006,10.286923191482998,10.10157322406889,10.147910715922416,12136600.0
2011-02-17,10.96,11.089,10.91,11.03,6954300.0,0.0,1.0,10.157178214293124,10.276728943275222,10.110840722439596,10.22205070288806,6954300.0
2011-02-18,11.02,11.17,10.96,11.07,9850200.0,0.0,1.0,10.212783204517354,10.351795680077936,10.157178214293124,10.259120696370882,9850200.0
2011-02-22,10.96,11.1,10.9,10.96,9212600.0,0.0,1.0,10.157178214293124,10.286923191482998,10.10157322406889,10.157178214293124,9212600.0
2011-02-23,10.94,10.96,10.71,10.79,16617000.0,0.0,1.0,10.138643217551712,10.157178214293124,9.925490755025487,9.99963074199113,16617000.0
2011-02-24,10.77,10.98,10.69,10.78,12785600.0,0.0,1.0,9.98109574524972,10.175713211034534,9.906955758284075,9.990363243620425,12785600.0
2011-02-25,10.9,11.135,10.79,11.11,13528700.0,0.0,1.0,10.10157322406889,10.319359435780466,9.99963074199113,10.296190689853702,13528700.0
2011-02-28,11.16,11.18,10.96,11.12,7682200.0,0.0,1.0,10.34252818170723,10.36106317844864,10.157178214293124,10.305458188224408,7682200.0
2011-03-01,11.16,11.17,10.94,10.95,6940200.0,0.0,1.0,10.34252818170723,10.351795680077936,10.138643217551712,10.147910715922416,6940200.0
2011-03-02,10.97,11.09,10.87,11.0,10546500.0,0.0,1.0,10.166445712663828,10.277655693112292,10.073770728956774,10.194248207775944,10546500.0
2011-03-03,11.08,11.23,11.07,11.21,7879400.0,0.0,1.0,10.268388194741588,10.407400670302168,10.259120696370882,10.388865673560758,7879400.0
2011-03-04,11.22,11.27,11.16,11.27,6573900.0,0.0,1.0,10.398133171931464,10.44447066378499,10.34252818170723,10.44447066378499,6573900.0
2011-03-07,11.3,11.3125,10.85,10.91,10485400.0,0.0,1.0,10.472273158897107,10.483857531860489,10.055235732215362,10.110840722439596,10485400.0
2011-03-08,10.94,11.19,10.94,11.11,5601300.0,0.0,1.0,10.138643217551712,10.370330676819346,10.138643217551712,10.296190689853702,5601300.0
2011-03-09,11.09,11.15,11.0,11.11,6757900.0,0.0,1.0,10.277655693112292,10.333260683336526,10.194248207775944,10.296190689853702,6757900.0
2011-03-10,10.99,11.15,10.94,11.04,13408600.0,0.0,1.0,10.184980709405238,10.333260683336526,10.138643217551712,10.231318201258764,13408600.0
2011-03-11,10.97,11.05,10.9,11.05,8266700.0,0.0,1.0,10.166445712663828,10.240585699629472,10.10157322406889,10.240585699629472,8266700.0
2011-03-14,10.81,10.95,10.71,10.89,19790600.0,0.165,1.0,10.169956128713338,10.301666938890937,10.07587697858648,10.245219448814824,19790600.0
2011-03-15,10.55,10.96,10.53,10.84,13095900.0,0.0,1.0,9.925350338383508,10.311074853903625,9.906534508358135,10.198179873751394,13095900.0
2011-03-16,10.75,10.82,10.47,10.4775,13330400.0,0.0,1.0,10.113508638637223,10.179364043726023,9.850087018282021,9.857142954541533,13330400.0
2011-03-17,10.61,10.6897,10.41,10.45,8363000.0,0.0,1.0,9.981797828459621,10.056778911110728,9.793639528205906,9.831271188256649,8363000.0
2011-03-18,10.6,10.745,10.53,10.61,10856400.0,0.0,1.0,9.972389913446936,10.108804681130879,9.906534508358135,9.981797828459621,10856400.0
2011-03-21,10.7,10.92,10.65,10.75,4826300.0,0.0,1.0,10.066469063573793,10.27344319385288,10.019429488510365,10.113508638637223,4826300.0
2011-03-22,10.73,10.84,10.63,10.74,5228100.0,0.0,1.0,10.094692808611851,10.198179873751394,10.000613658484994,10.104100723624537,5228100.0
2011-03-23,10.69,10.89,10.59,10.84,10834600.0,0.0,1.0,10.057061148561107,10.245219448814824,9.96298199843425,10.198179873751394,10834600.0
2011-03-24,10.86,11.0701,10.85,10.96,8643900.0,0.0,1.0,10.216995703776766,10.414655998193295,10.20758778876408,10.311074853903625,8643900.0
2011-03-25,11.04,11.11,10.97,10.98,5674700.0,0.0,1.0,10.38633817400511,10.45219357909391,10.32048276891631,10.329890683928996,5674700.0
2011-03-28,10.98,11.02,10.87,10.97,6614900.0,0.0,1.0,10.329890683928996,10.367522343979738,10.226403618789451,10.32048276891631,6614900.0
2011-03-29,10.97,11.07,10.88,10.96,6726100.0,0.0,1.0,10.32048276891631,10.414561919043168,10.235811533802138,10.311074853903625,6726100.0
2011-03-30,11.05,11.06,10.91,10.97,7176700.0,0.0,1.0,10.395746089017797,10.405154004030482,10.264035278840195,10.32048276891631,7176700.0
2011-03-31,10.97,11.09,10.93,10.97,7539800.0,0.0,1.0,10.32048276891631,10.433377749068539,10.282851108865566,10.32048276891631,7539800.0
2011-04-01,11.0,11.05,10.91,11.01,7814400.0,0.0,1.0,10.348706513954367,10.395746089017797,10.264035278840195,10.358114428967053,7814400.0
2011-04-04,11.01,11.05,10.99,11.01,4151400.0,0.0,1.0,10.358114428967053,10.395746089017797,10.339298598941681,10.358114428967053,4151400.0
2011-04-05,11.0,11.04,10.92,10.97,8435900.0,0.0,1.0,10.348706513954367,10.38633817400511,10.27344319385288,10.32048276891631,8435900.0
2011-04-06,11.06,11.445,11.04,11.35,13619400.0,0.0,1.0,10.405154004030482,10.767358732018884,10.38633817400511,10.677983539398369,13619400.0
2011-04-07,11.32,11.34,11.07,11.08,13810300.0,0.0,1.0,10.649759794360312,10.668575624385683,10.414561919043168,10.423969834055853,13810300.0
2011-04-08,11.09,11.31,11.08,11.14,13013900.0,0.0,1.0,10.433377749068539,10.640351879347627,10.423969834055853,10.480417324131968,13013900.0
2011-04-11,11.17,11.19,11.07,11.13,5716700.0,0.0,1.0,10.508641069170025,10.527456899195396,10.414561919043168,10.471009409119283,5716700.0
2011-04-12,11.05,11.12,10.98,11.02,6397600.0,0.0,1.0,10.395746089017797,10.461601494106596,10.329890683928996,10.367522343979738,6397600.0
2011-04-13,11.03,11.24,11.02,11.1325,6094700.0,0.0,1.0,10.376930258992424,10.574496474258826,10.367522343979738,10.473361387872453,6094700.0
2011-04-14,11.04,11.24,10.97,11.21,7624700.0,0.0,1.0,10.38633817400511,10.574496474258826,10.32048276891631,10.54627272922077,7624700.0
2011-04-15,11.3,11.34,11.1,11.23,8303800.0,0.0,1.0,10.630943964334941,10.668575624385683,10.442785664081224,10.56508855924614,8303800.0
2011-04-18,11.12,11.21,10.99,11.15,5653500.0,0.0,1.0,10.461601494106596,10.54627272922077,10.339298598941681,10.489825239144654,5653500.0
2011-04-19,11.18,11.34,11.16,11.22,8509600.0,0.0,1.0,10.51804898418271,10.668575624385683,10.49923315415734,10.555680644233455,8509600.0
2011-04-20,11.35,11.43,11.28,11.29,7506800.0,0.0,1.0,10.677983539398369,10.753246859499855,10.612128134309568,10.621536049322254,7506800.0
2011-04-21,11.28,11.38,11.27,11.32,4830900.0,0.0,1.0,10.612128134309568,10.706207284436427,10.602720219296883,10.649759794360312,4830900.0
2011-04-25,11.32,11.39,11.23,11.25,4405700.0,0.0,1.0,10.649759794360312,10.715615199449113,10.56508855924614,10.583904389271511,4405700.0
2011-04-26,11.26,11.45,11.26,11.41,6300000.0,0.0,1.0,10.593312304284197,10.772062689525226,10.593312304284197,10.734431029474484,6300000.0
2011-04-27,11.42,11.59,11.39,11.59,4898900.0,0.0,1.0,10.74383894448717,10.903773499702828,10.715615199449113,10.903773499702828,4898900.0
2011-04-28,11.54,11.615,11.49,11.57,4300000.0,0.0,1.0,10.856733924639398,10.927293287234543,10.80969434957597,10.884957669677457,4300000.0
2011-04-29,11.55,11.59,11.37,11.38,8734000.0,0.0,1.0,10.866141839652085,10.903773499702828,10.69679936942374,10.706207284436427,8734000.0
2011-05-02,11.42,11.51,11.27,11.43,7806400.0,0.0,1.0,10.74383894448717,10.828510179601341,10.602720219296883,10.753246859499855,7806400.0
2011-05-03,11.42,11.5,11.32,11.46,4396300.0,0.0,1.0,10.74383894448717,10.819102264588656,10.649759794360312,10.781470604537914,4396300.0
2011-05-04,11.42,11.47,11.23,11.32,5125300.0,0.0,1.0,10.74383894448717,10.7908785195506,10.56508855924614,10.649759794360312,5125300.0
2011-05-05,11.22,11.35,11.13,11.26,6400000.0,0.0,1.0,10.555680644233455,10.677983539398369,10.471009409119283,10.593312304284197,6400000.0
2011-05-06,11.34,11.51,11.27,11.44,6602500.0,0.0,1.0,10.668575624385683,10.828510179601341,10.602720219296883,10.76265477451254,6602500.0
2011-05-09,11.4,11.6,11.33,11.53,9057500.0,0.0,1.0,10.725023114461798,10.913181414715513,10.659167709372998,10.847326009626713,9057500.0
2011-05-10,11.243,11.66,11.1,11.61,19552200.0,0.0,1.0,10.577318848762632,10.969628904791628,10.442785664081224,10.922589329728199,19552200.0
2011-05-11,11.65,11.75,11.44,11.54,9400000.0,0.0,1.0,10.960220989778943,11.0543001399058,10.76265477451254,10.856733924639398,9400000.0
2011-05-12,11.55,11.8,11.49,11.7,8000000.0,0.0,1.0,10.866141839652085,11.10133971496923,10.80969434957597,11.00726056484237,8000000.0
2011-05-13,11.69,11.8,11.51,11.51,7316900.0,0.0,1.0,10.997852649829685,11.10133971496923,10.828510179601341,10.828510179601341,7316900.0
2011-05-16,11.5,11.5,11.28,11.29,7352200.0,0.0,1.0,10.819102264588656,10.819102264588656,10.612128134309568,10.621536049322254,7352200.0
2011-05-17,11.29,11.395,11.23,11.36,6079500.0,0.0,1.0,10.621536049322254,10.720319156955455,10.56508855924614,10.687391454411054,6079500.0
2011-05-18,11.33,11.57,11.26,11.53,5938600.0,0.0,1.0,10.659167709372998,10.884957669677457,10.593312304284197,10.847326009626713,5938600.0
2011-05-19,11.61,11.75,11.57,11.7,5555100.0,0.0,1.0,10.922589329728199,11.0543001399058,10.884957669677457,11.00726056484237,5555100.0
2011-05-20,11.67,11.75,11.57,11.6,4951600.0,0.0,1.0,10.979036819804314,11.0543001399058,10.884957669677457,10.913181414715513,4951600.0
2011-05-23,11.52,11.54,11.29,11.47,8000000.0,0.0,1.0,10.837918094614027,10.856733924639398,10.621536049322254,10.7908785195506,8000000.0
2011-05-24,11.47,11.52,11.23,11.25,7627800.0,0.0,1.0,10.7908785195506,10.837918094614027,10.56508855924614,10.583904389271511,7627800.0
2011-05-25,11.25,11.45,11.2,11.38,6713900.0,0.0,1.0,10.583904389271511,10.772062689525226,10.536864814208082,10.706207284436427,6713900.0
2011-05-26,11.36,11.51,11.29,11.48,4783100.0,0.0,1.0,10.687391454411054,10.828510179601341,10.621536049322254,10.800286434563285,4783100.0
2011-05-27,11.45,11.56,11.39,11.45,3940100.0,0.0,1.0,10.772062689525226,10.875549754664771,10.715615199449113,10.772062689525226,3940100.0
2011-05-31,11.53,11.99,11.525,11.99,11130800.0,0.0,1.0,10.847326009626713,11.28009010021026,10.84262205212037,11.28009010021026,11130800.0
2011-06-01,11.96,12.06,11.87,11.93,17011600.0,0.0,1.0,11.251866355172202,11.345945505299062,11.167195120058029,11.223642610134144,17011600.0
2011-06-02,11.94,12.0,11.88,11.95,11108100.0,0.0,1.0,11.23305052514683,11.289498015222946,11.176603035070716,11.242458440159515,11108100.0
2011-06-03,11.85,12.03,11.77,11.84,7049200.0,0.0,1.0,11.148379290032658,11.317721760261003,11.073115969931171,11.138971375019972,7049200.0
2011-06-06,11.815,11.88,11.65,11.7,6164400.0,0.0,1.0,11.115451587488257,11.176603035070716,10.960220989778943,11.00726056484237,6164400.0
2011-06-07,11.72,11.73,11.545,11.57,7330000.0,0.0,1.0,11.026076394867744,11.03548430988043,10.861437882145742,10.884957669677457,7330000.0
2011-06-08,11.58,11.62,11.31,11.37,11915900.0,0.0,1.0,10.894365584690142,10.931997244740884,10.640351879347627,10.69679936942374,11915900.0
2011-06-09,11.33,11.46,11.28,11.33,6036700.0,0.0,1.0,10.659167709372998,10.781470604537914,10.612128134309568,10.659167709372998,6036700.0
2011-06-10,11.32,11.58,11.26,11.46,8224200.0,0.0,1.0,10.649759794360312,10.894365584690142,10.593312304284197,10.781470604537914,8224200.0
2011-06-13,11.45,11.54,11.4,11.46,5264900.0,0.0,1.0,10.772062689525226,10.856733924639398,10.725023114461798,10.781470604537914,5264900.0
2011-06-14,11.54,11.58,11.43,11.47,6207200.0,0.0,1.0,10.856733924639398,10.894365584690142,10.753246859499855,10.7908785195506,6207200.0
2011-06-15,11.41,11.41,11.14,11.16,8160000.0,0.0,1.0,10.734431029474484,10.734431029474484,10.480417324131968,10.49923315415734,8160000.0
2011-06-16,11.15,11.295,11.03,11.1,5421800.0,0.0,1.0,10.489825239144654,10.626240006828597,10.376930258992424,10.442785664081224,5421800.0
2011-06-17,11.15,11.32,10.85,10.87,17973700.0,0.0,1.0,10.489825239144654,10.649759794360312,10.20758778876408,10.226403618789451,17973700.0
2011-06-20,10.86,11.04,10.85,10.98,6230000.0,0.0,1.0,10.216995703776766,10.38633817400511,10.20758778876408,10.329890683928996,6230000.0
2011-06-21,11.06,11.28,10.92,11.19,16131400.0,0.0,1.0,10.405154004030482,10.612128134309568,10.27344319385288,10.527456899195396,16131400.0
2011-06-22,11.17,11.38,11.14,11.31,7623800.0,0.0,1.0,10.508641069170025,10.706207284436427,10.480417324131968,10.640351879347627,7623800.0
2011-06-23,11.24,11.41,11.16,11.38,9608100.0,0.0,1.0,10.574496474258826,10.734431029474484,10.49923315415734,10.706207284436427,9608100.0
2011-06-24,11.49,11.49,11.25,11.29,16441800.0,0.0,1.0,10.80969434957597,10.80969434957597,10.583904389271511,10.621536049322254,16441800.0
2011-06-27,11.27,11.49,11.21,11.38,4798600.0,0.0,1.0,10.602720219296883,10.80969434957597,10.54627272922077,10.706207284436427,4798600.0
2011-06-28,11.39,11.6,11.33,11.59,6695400.0,0.0,1.0,10.715615199449113,10.913181414715513,10.659167709372998,10.903773499702828,6695400.0
2011-06-29,11.62,11.76,11.5,11.69,6435300.0,0.0,1.0,10.931997244740884,11.063708054918486,10.819102264588656,10.997852649829685,6435300.0
2011-06-30,11.74,11.79,11.67,11.68,6501800.0,0.0,1.0,11.044892224893115,11.091931799956543,10.979036819804314,10.988444734817,6501800.0
2011-07-01,11.71,11.88,11.64,11.84,3530600.0,0.0,1.0,11.016668479855058,11.176603035070716,10.950813074766257,11.138971375019972,3530600.0
2011-07-05,11.83,11.84,11.7,11.8,2994700.0,0.0,1.0,11.129563460007287,11.138971375019972,11.00726056484237,11.10133971496923,2994700.0
2011-07-06,11.81,11.97,11.75,11.96,6093900.0,0.0,1.0,11.110747629981915,11.261274270184888,11.0543001399058,11.251866355172202,6093900.0
2011-07-07,11.99,12.1,11.9,12.04,7370700.0,0.0,1.0,11.28009010021026,11.383577165349804,11.195418865096087,11.327129675273689,7370700.0
2011-07-08,11.96,12.12,11.85,12.07,8736400.0,0.0,1.0,11.251866355172202,11.402392995375175,11.148379290032658,11.355353420311747,8736400.0
2011-07-11,11.97,12.0,11.75,11.85,4422900.0,0.0,1.0,11.261274270184888,11.289498015222946,11.0543001399058,11.148379290032658,4422900.0
2011-07-12,11.85,11.95,11.76,11.83,5444400.0,0.0,1.0,11.148379290032658,11.242458440159515,11.063708054918486,11.129563460007287,5444400.0
2011-07-13,11.9,12.02,11.84,11.9,5551100.0,0.0,1.0,11.195418865096087,11.308313845248318,11.138971375019972,11.195418865096087,5551100.0
2011-07-14,11.89,11.97,11.75,11.84,5789100.0,0.0,1.0,11.186010950083402,11.261274270184888,11.0543001399058,11.138971375019972,5789100.0
2011-07-15,11.87,11.98,11.8,11.91,5698600.0,0.0,1.0,11.167195120058029,11.270682185197574,11.10133971496923,11.204826780108773,5698600.0
2011-07-18,11.83,11.9,11.55,11.7,4657300.0,0.0,1.0,11.129563460007287,11.195418865096087,10.866141839652085,11.00726056484237,4657300.0
2011-07-19,11.8,11.97,11.76,11.89,5747200.0,0.0,1.0,11.10133971496923,11.261274270184888,11.063708054918486,11.186010950083402,5747200.0
2011-07-20,11.85,11.98,11.72,11.9,5332600.0,0.0,1.0,11.148379290032658,11.270682185197574,11.026076394867744,11.195418865096087,5332600.0
2011-07-21,11.91,12.07,11.83,11.92,7098900.0,0.0,1.0,11.204826780108773,11.355353420311747,11.129563460007287,11.214234695121458,7098900.0
2011-07-22,11.9,12.05,11.86,11.99,6203200.0,0.0,1.0,11.195418865096087,11.336537590286376,11.157787205045343,11.28009010021026,6203200.0
2011-07-25,11.93,12.23,11.88,12.17,8500300.0,0.0,1.0,11.223642610134144,11.50588006051472,11.176603035070716,11.449432570438605,8500300.0
2011-07-26,12.15,12.3,12.09,12.14,6944600.0,0.0,1.0,11.430616740413234,11.57173546560352,11.374169250337118,11.421208825400548,6944600.0
2011-07-27,12.1,12.24,11.86,11.915,8286700.0,0.0,1.0,11.383577165349804,11.515287975527405,11.157787205045343,11.209530737615115,8286700.0
2011-07-28,11.97,12.08,11.82,11.87,6222400.0,0.0,1.0,11.261274270184888,11.364761335324433,11.120155544994601,11.167195120058029,6222400.0
2011-07-29,11.8,12.0,11.68,11.84,7142100.0,0.0,1.0,11.10133971496923,11.289498015222946,10.988444734817,11.138971375019972,7142100.0
2011-08-01,11.99,12.06,11.68,11.85,5640000.0,0.0,1.0,11.28009010021026,11.345945505299062,10.988444734817,11.148379290032658,5640000.0
2011-08-02,11.77,12.01,11.65,11.69,10076000.0,0.0,1.0,11.073115969931171,11.298905930235632,10.960220989778943,10.997852649829685,10076000.0
2011-08-03,11.73,11.95,11.51,11.82,13565200.0,0.0,1.0,11.03548430988043,11.242458440159515,10.828510179601341,11.120155544994601,13565200.0
2011-08-04,12.01,12.1,11.56,11.56,16327500.0,0.0,1.0,11.298905930235632,11.383577165349804,10.875549754664771,10.875549754664771,16327500.0
2011-08-05,11.64,11.77,11.2,11.43,13301200.0,0.0,1.0,10.950813074766257,11.073115969931171,10.536864814208082,10.753246859499855,13301200.0
2011-08-08,11.1,11.29,10.79,10.9,19740900.0,0.0,1.0,10.442785664081224,10.621536049322254,10.151140298687965,10.25462736382751,19740900.0
2011-08-09,10.94,11.03,10.46,10.96,20705700.0,0.0,1.0,10.292259023878252,10.376930258992424,9.840679103269336,10.311074853903625,20705700.0
2011-08-10,10.8,10.94,10.4,10.43,13062800.0,0.0,1.0,10.160548213700652,10.292259023878252,9.784231613193219,9.812455358231277,13062800.0
2011-08-11,10.4,10.77,10.4,10.65,13245600.0,0.0,1.0,9.784231613193219,10.132324468662594,9.784231613193219,10.019429488510365,13245600.0
2011-08-12,10.71,10.77,10.51,10.71,7353400.0,0.0,1.0,10.07587697858648,10.132324468662594,9.887718678332764,10.07587697858648,7353400.0
2011-08-15,10.76,11.0,10.76,10.995,7370100.0,0.0,1.0,10.122916553649908,10.348706513954367,10.122916553649908,10.344002556448023,7370100.0
2011-08-16,10.94,10.99,10.72,10.85,9993600.0,0.0,1.0,10.292259023878252,10.339298598941681,10.085284893599166,10.20758778876408,9993600.0
2011-08-17,10.9,11.1,10.87,11.03,10108100.0,0.0,1.0,10.25462736382751,10.442785664081224,10.226403618789451,10.376930258992424,10108100.0
2011-08-18,10.75,10.87,10.58,10.71,12105600.0,0.0,1.0,10.113508638637223,10.226403618789451,9.953574083421564,10.07587697858648,12105600.0
2011-08-19,10.6,10.87,10.6,10.67,9627600.0,0.0,1.0,9.972389913446936,10.226403618789451,9.972389913446936,10.038245318535736,9627600.0
2011-08-22,10.93,11.045,10.82,10.98,8537600.0,0.0,1.0,10.282851108865566,10.391042131511453,10.179364043726023,10.329890683928996,8537600.0
2011-08-23,11.05,11.26,10.93,11.26,6964800.0,0.0,1.0,10.395746089017797,10.593312304284197,10.282851108865566,10.593312304284197,6964800.0
2011-08-24,11.24,11.3495,10.99,11.23,6632500.0,0.0,1.0,10.574496474258826,10.677513143647737,10.339298598941681,10.56508855924614,6632500.0
2011-08-25,11.22,11.25,11.06,11.11,6358900.0,0.0,1.0,10.555680644233455,10.583904389271511,10.405154004030482,10.45219357909391,6358900.0
2011-08-26,11.08,11.3,10.94,11.28,6534900.0,0.0,1.0,10.423969834055853,10.630943964334941,10.292259023878252,10.612128134309568,6534900.0
2011-08-29,11.39,11.65,11.28,11.61,7581300.0,0.0,1.0,10.715615199449113,10.960220989778943,10.612128134309568,10.922589329728199,7581300.0
2011-08-30,11.55,11.9,11.52,11.82,9505400.0,0.0,1.0,10.866141839652085,11.195418865096087,10.837918094614027,11.120155544994601,9505400.0
2011-08-31,11.9,11.975,11.72,11.85,5694500.0,0.0,1.0,11.195418865096087,11.26597822769123,11.026076394867744,11.148379290032658,5694500.0
2011-09-01,11.87,11.93,11.57,11.57,11912000.0,0.0,1.0,11.167195120058029,11.223642610134144,10.884957669677457,10.884957669677457,11912000.0
2011-09-02,11.4,11.5,11.25,11.33,5627400.0,0.0,1.0,10.725023114461798,10.819102264588656,10.583904389271511,10.659167709372998,5627400.0
2011-09-06,11.26,11.56,11.13,11.535,8862800.0,0.0,1.0,10.593312304284197,10.875549754664771,10.471009409119283,10.852029967133056,8862800.0
2011-09-07,11.66,11.79,11.6,11.77,8048300.0,0.0,1.0,10.969628904791628,11.091931799956543,10.913181414715513,11.073115969931171,8048300.0
2011-09-08,11.74,11.81,11.51,11.59,5622600.0,0.0,1.0,11.044892224893115,11.110747629981915,10.828510179601341,10.903773499702828,5622600.0
2011-09-09,11.52,11.62,11.31,11.42,5308300.0,0.0,1.0,10.837918094614027,10.931997244740884,10.640351879347627,10.74383894448717,5308300.0
2011-09-12,11.3601,11.505,11.3,11.49,6074700.0,0.0,1.0,10.687485533561182,10.823806222095,10.630943964334941,10.80969434957597,6074700.0
2011-09-13,11.51,11.78,11.46,11.77,9088100.0,0.0,1.0,10.828510179601341,11.082523884943857,10.781470604537914,11.073115969931171,9088100.0
2011-09-14,11.8,12.1289,11.71,11.99,9310800.0,0.0,1.0,11.10133971496923,11.410766039736465,11.016668479855058,11.28009010021026,9310800.0
2011-09-15,12.09,12.2,11.88,12.07,5333100.0,0.0,1.0,11.374169250337118,11.477656315476661,11.176603035070716,11.355353420311747,5333100.0
2011-09-16,12.1,12.24,12.02,12.14,5385600.0,0.0,1.0,11.383577165349804,11.515287975527405,11.308313845248318,11.421208825400548,5385600.0
2011-09-19,11.99,12.1,11.86,12.04,5452500.0,0.0,1.0,11.28009010021026,11.383577165349804,11.157787205045343,11.327129675273689,5452500.0
2011-09-20,12.07,12.23,12.05,12.08,4214000.0,0.0,1.0,11.355353420311747,11.50588006051472,11.336537590286376,11.364761335324433,4214000.0
2011-09-21,12.09,12.28,11.91,11.91,4509800.0,0.0,1.0,11.374169250337118,11.552919635578148,11.204826780108773,11.204826780108773,4509800.0
2011-09-22,11.69,11.76,11.385,11.55,7733900.0,0.0,1.0,10.997852649829685,11.063708054918486,10.71091124194277,10.866141839652085,7733900.0
2011-09-23,11.45,11.8,11.25,11.72,7623300.0,0.0,1.0,10.772062689525226,11.10133971496923,10.583904389271511,11.026076394867744,7623300.0
2011-09-26,11.75,12.12,11.66,12.08,8736800.0,0.0,1.0,11.0543001399058,11.402392995375175,10.969628904791628,11.364761335324433,8736800.0
2011-09-27,12.22,12.26,12.02,12.18,9073700.0,0.0,1.0,11.496472145502034,11.534103805552776,11.308313845248318,11.45884048545129,9073700.0
2011-09-28,12.24,12.3,12.0,12.03,5497700.0,0.0,1.0,11.515287975527405,11.57173546560352,11.289498015222946,11.317721760261003,5497700.0
2011-09-29,12.22,12.27,11.7,11.98,7138700.0,0.0,1.0,11.496472145502034,11.543511720565462,11.00726056484237,11.270682185197574,7138700.0
2011-09-30,11.82,12.03,11.73,11.9,7985900.0,0.0,1.0,11.120155544994601,11.317721760261003,11.03548430988043,11.195418865096087,7985900.0
2011-10-03,11.86,12.11,11.83,11.95,10995900.0,0.0,1.0,11.157787205045343,11.39298508036249,11.129563460007287,11.242458440159515,10995900.0
2011-10-04,11.82,12.12,11.61,12.11,11411800.0,0.0,1.0,11.120155544994601,11.402392995375175,10.922589329728199,11.39298508036249,11411800.0
2011-10-05,12.11,12.17,11.84,12.15,6734100.0,0.0,1.0,11.39298508036249,11.449432570438605,11.138971375019972,11.430616740413234,6734100.0
2011-10-06,12.15,12.58,12.06,12.57,9094900.0,0.0,1.0,11.430616740413234,11.835157085958722,11.345945505299062,11.825749170946036,9094900.0
2011-10-07,12.6,12.64,12.39,12.52,10623100.0,0.0,1.0,11.853972915984093,11.891604576034837,11.656406700717692,11.778709595882606,10623100.0
2011-10-10,12.64,12.97,12.57,12.97,6426400.0,0.0,1.0,11.891604576034837,12.202065771453467,11.825749170946036,12.202065771453467,6426400.0
2011-10-11,12.94,13.05,12.86,12.93,8453800.0,0.0,1.0,12.173842026415409,12.277329091554954,12.098578706313923,12.164434111402723,8453800.0
2011-10-12,13.1,13.11,12.71,12.75,11436800.0,0.0,1.0,12.324368666618382,12.333776581631067,11.957459981123638,11.99509164117438,11436800.0
2011-10-13,12.74,13.05,12.7,12.92,7862000.0,0.0,1.0,11.985683726161694,12.277329091554954,11.94805206611095,12.155026196390038,7862000.0
2011-10-14,12.79,13.0,12.79,12.92,5681200.0,0.0,1.0,12.032723301225122,12.230289516491524,12.032723301225122,12.155026196390038,5681200.0
2011-10-17,13.09,13.22,12.84,12.91,5632600.0,0.0,1.0,12.314960751605696,12.437263646770612,12.079762876288552,12.145618281377352,5632600.0
2011-10-18,13.02,13.05,12.83,13.01,8769900.0,0.0,1.0,12.249105346516895,12.277329091554954,12.070354961275866,12.23969743150421,8769900.0
2011-10-19,13.01,13.09,12.84,12.89,5623000.0,0.0,1.0,12.23969743150421,12.314960751605696,12.079762876288552,12.126802451351981,5623000.0
2011-10-20,12.95,13.3,12.92,13.27,14891000.0,0.0,1.0,12.183249941428095,12.512526966872098,12.155026196390038,12.48430322183404,14891000.0
2011-10-21,13.35,13.5,13.28,13.49,8840100.0,0.0,1.0,12.559566541935526,12.700685267125813,12.493711136846725,12.691277352113127,8840100.0
2011-10-24,13.5,13.63,13.35,13.62,11634700.0,0.0,1.0,12.700685267125813,12.822988162290729,12.559566541935526,12.813580247278043,11634700.0
2011-10-25,13.59,13.64,13.4,13.53,10716100.0,0.0,1.0,12.785356502239985,12.832396077303416,12.606606116998956,12.72890901216387,10716100.0
2011-10-26,13.56,13.58,13.26,13.5,10709800.0,0.0,1.0,12.757132757201928,12.7759485872273,12.474895306821354,12.700685267125813,10709800.0
2011-10-27,13.6,13.65,13.29,13.42,16933200.0,0.0,1.0,12.794764417252672,12.841803992316102,12.50311905185941,12.625421947024327,16933200.0
2011-10-28,13.41,13.51,13.34,13.46,6052600.0,0.0,1.0,12.616014032011641,12.710093182138499,12.55015862692284,12.66305360707507,6052600.0
2011-10-31,13.4,13.49,13.29,13.39,7929800.0,0.0,1.0,12.606606116998956,12.691277352113127,12.50311905185941,12.59719820198627,7929800.0
2011-11-01,13.16,13.34,13.01,13.25,7557500.0,0.0,1.0,12.380816156694497,12.55015862692284,12.23969743150421,12.465487391808669,7557500.0
2011-11-02,13.36,13.4,13.15,13.29,6972400.0,0.0,1.0,12.568974456948212,12.606606116998956,12.371408241681811,12.50311905185941,6972400.0
2011-11-03,13.28,13.5,13.22,13.38,12456300.0,0.0,1.0,12.493711136846725,12.700685267125813,12.437263646770612,12.587790286973584,12456300.0
2011-11-04,13.33,13.65,13.31,13.56,9695600.0,0.0,1.0,12.540750711910155,12.841803992316102,12.521934881884784,12.757132757201928,9695600.0
2011-11-07,13.6,13.75,13.45,13.74,9940800.0,0.0,1.0,12.794764417252672,12.93588314244296,12.653645692062383,12.926475227430274,9940800.0
2011-11-08,14.26,14.4,13.76,13.93,26650000.0,0.0,1.0,13.415686808089934,13.547397618267535,12.945291057455645,13.105225612671303,26650000.0
2011-11-09,13.42,13.51,12.9,13.02,25290800.0,0.0,1.0,12.625421947024327,12.710093182138499,12.136210366364667,12.249105346516895,25290800.0
2011-11-10,13.15,13.2,12.8,12.98,14213800.0,0.0,1.0,12.371408241681811,12.418447816745239,12.04213121623781,12.211473686466153,14213800.0
2011-11-11,13.17,13.18,12.69,12.71,15104100.0,0.0,1.0,12.390224071707182,12.399631986719868,11.938644151098265,11.957459981123638,15104100.0
2011-11-14,12.77,12.95,12.71,12.8,16403100.0,0.0,1.0,12.01390747119975,12.183249941428095,11.957459981123638,12.04213121623781,16403100.0
2011-11-15,12.18,12.425,12.11,12.22,39436400.0,0.0,1.0,11.45884048545129,11.689334403262093,11.39298508036249,11.496472145502034,39436400.0
2011-11-16,12.11,12.45,12.1,12.28,14679400.0,0.0,1.0,11.39298508036249,11.712854190793806,11.383577165349804,11.552919635578148,14679400.0
2011-11-17,12.23,12.385,12.05,12.13,14703500.0,0.0,1.0,11.50588006051472,11.651702743211349,11.336537590286376,11.411800910387862,14703500.0
2011-11-18,12.14,12.2,11.96,12.05,11120900.0,0.0,1.0,11.421208825400548,11.477656315476661,11.251866355172202,11.336537590286376,11120900.0
2011-11-21,11.87,11.96,11.775,11.88,13803700.0,0.0,1.0,11.167195120058029,11.251866355172202,11.077819927437515,11.176603035070716,13803700.0
2011-11-22,11.87,12.01,11.6,11.9,18589200.0,0.0,1.0,11.167195120058029,11.298905930235632,10.913181414715513,11.195418865096087,18589200.0
2011-11-23,11.83,12.0,11.75,11.75,12543100.0,0.0,1.0,11.129563460007287,11.289498015222946,11.0543001399058,11.0543001399058,12543100.0
2011-11-25,11.69,12.03,11.69,11.75,5187800.0,0.0,1.0,10.997852649829685,11.317721760261003,10.997852649829685,11.0543001399058,5187800.0
2011-11-28,12.03,12.18,11.92,12.16,14166600.0,0.0,1.0,11.317721760261003,11.45884048545129,11.214234695121458,11.440024655425919,14166600.0
2011-11-29,12.09,12.24,11.94,12.09,7555500.0,0.0,1.0,11.374169250337118,11.515287975527405,11.23305052514683,11.374169250337118,7555500.0
2011-11-30,12.3,12.43,12.22,12.42,11788100.0,0.0,1.0,11.57173546560352,11.694038360768435,11.496472145502034,11.684630445755749,11788100.0
2011-12-01,12.36,12.48,12.25,12.41,9519500.0,0.0,1.0,11.628182955679634,11.741077935831864,11.524695890540091,11.675222530743063,9519500.0
2011-12-02,12.51,12.545,12.25,12.27,8867100.0,0.0,1.0,11.769301680869921,11.802229383414321,11.524695890540091,11.543511720565462,8867100.0
2011-12-05,12.39,12.59,12.35,12.44,9878600.0,0.0,1.0,11.656406700717692,11.844565000971407,11.618775040666948,11.70344627578112,9878600.0
2011-12-06,12.4899,12.52,12.35,12.38,10028800.0,0.0,1.0,11.750391771694423,11.778709595882606,11.618775040666948,11.646998785705007,10028800.0
2011-12-07,12.32,12.3801,12.21,12.27,10342600.0,0.0,1.0,11.590551295628892,11.647092864855132,11.487064230489349,11.543511720565462,10342600.0
2011-12-08,12.15,12.28,11.92,11.93,10323100.0,0.0,1.0,11.430616740413234,11.552919635578148,11.214234695121458,11.223642610134144,10323100.0
2011-12-09,11.99,12.305,11.97,12.24,10545500.0,0.0,1.0,11.28009010021026,11.576439423109862,11.261274270184888,11.515287975527405,10545500.0
2011-12-12,12.2,12.238,11.97,12.12,6555500.0,0.0,1.0,11.477656315476661,11.513406392524868,11.261274270184888,11.402392995375175,6555500.0
2011-12-13,12.23,12.3,11.93,11.98,8336200.0,0.0,1.0,11.50588006051472,11.57173546560352,11.223642610134144,11.270682185197574,8336200.0
2011-12-14,12.0,12.0,11.73,11.76,10361900.0,0.0,1.0,11.289498015222946,11.289498015222946,11.03548430988043,11.063708054918486,10361900.0
2011-12-15,11.83,11.94,11.76,11.86,8127100.0,0.0,1.0,11.129563460007287,11.23305052514683,11.063708054918486,11.157787205045343,8127100.0
2011-12-16,11.93,12.0399,11.78,11.88,10388100.0,0.0,1.0,11.223642610134144,11.327035596123562,11.082523884943857,11.176603035070716,10388100.0
2011-12-19,11.92,11.965,11.62,11.65,8952800.0,0.0,1.0,11.214234695121458,11.256570312678544,10.931997244740884,10.960220989778943,8952800.0
2011-12-20,11.78,12.0,11.78,11.865,9781600.0,0.0,1.0,11.082523884943857,11.289498015222946,11.082523884943857,11.162491162551687,9781600.0
2011-12-21,11.85,11.96,11.721,11.93,9022900.0,0.0,1.0,11.148379290032658,11.251866355172202,11.027017186369012,11.223642610134144,9022900.0
2011-12-22,11.95,12.0,11.8,11.9,8600200.0,0.0,1.0,11.242458440159515,11.289498015222946,11.10133971496923,11.195418865096087,8600200.0
2011-12-23,11.91,12.22,11.9,12.2,5621400.0,0.0,1.0,11.204826780108773,11.496472145502034,11.195418865096087,11.477656315476661,5621400.0
2011-12-27,12.19,12.19,12.02,12.17,5480200.0,0.0,1.0,11.468248400463976,11.468248400463976,11.308313845248318,11.449432570438605,5480200.0
2011-12-28,12.18,12.25,12.11,12.13,5061900.0,0.0,1.0,11.45884048545129,11.524695890540091,11.39298508036249,11.411800910387862,5061900.0
2011-12-29,12.14,12.35,12.1,12.3,4062200.0,0.0,1.0,11.421208825400548,11.618775040666948,11.383577165349804,11.57173546560352,4062200.0
2011-12-30,12.27,12.39,12.25,12.32,3054100.0,0.0,1.0,11.543511720565462,11.656406700717692,11.524695890540091,11.590551295628892,3054100.0
2012-01-03,12.46,12.49,12.19,12.2,10330200.0,0.0,1.0,11.722262105806493,11.75048585084455,11.468248400463976,11.477656315476661,10330200.0
2012-01-04,12.21,12.27,12.07,12.105,8551600.0,0.0,1.0,11.487064230489349,11.543511720565462,11.355353420311747,11.388281122856148,8551600.0
2012-01-05,12.12,12.21,11.94,12.11,8809800.0,0.0,1.0,11.402392995375175,11.487064230489349,11.23305052514683,11.39298508036249,8809800.0
2012-01-06,12.09,12.305,11.98,12.24,9625000.0,0.0,1.0,11.374169250337118,11.576439423109862,11.270682185197574,11.515287975527405,9625000.0
2012-01-09,12.23,12.24,12.03,12.2,5827500.0,0.0,1.0,11.50588006051472,11.515287975527405,11.317721760261003,11.477656315476661,5827500.0
2012-01-10,12.28,12.55,12.21,12.45,6011300.0,0.0,1.0,11.552919635578148,11.806933340920665,11.487064230489349,11.712854190793806,6011300.0
2012-01-11,12.46,12.695,12.44,12.61,9253000.0,0.0,1.0,11.722262105806493,11.943348108604608,11.70344627578112,11.863380830996778,9253000.0
2012-01-12,12.62,12.67,12.51,12.56,5077000.0,0.0,1.0,11.872788746009464,11.919828321072893,11.769301680869921,11.81634125593335,5077000.0
2012-01-13,12.5,12.53,12.17,12.24,10131400.0,0.0,1.0,11.759893765857235,11.788117510895292,11.449432570438605,11.515287975527405,10131400.0
2012-01-17,12.37,12.38,11.96,11.99,15108700.0,0.0,1.0,11.63759087069232,11.646998785705007,11.251866355172202,11.28009010021026,15108700.0
2012-01-18,12.02,12.265,11.87,12.21,8262000.0,0.0,1.0,11.308313845248318,11.53880776305912,11.167195120058029,11.487064230489349,8262000.0
2012-01-19,12.22,12.45,12.19,12.34,6772800.0,0.0,1.0,11.496472145502034,11.712854190793806,11.468248400463976,11.609367125654263,6772800.0
2012-01-20,12.32,12.34,12.06,12.22,14941400.0,0.0,1.0,11.590551295628892,11.609367125654263,11.345945505299062,11.496472145502034,14941400.0
2012-01-23,12.25,12.3,12.04,12.07,7630600.0,0.0,1.0,11.524695890540091,11.57173546560352,11.327129675273689,11.355353420311747,7630600.0
2012-01-24,12.08,12.37,12.06,12.28,10181500.0,0.0,1.0,11.364761335324433,11.63759087069232,11.345945505299062,11.552919635578148,10181500.0
2012-01-25,12.2,12.24,11.9,11.95,10855700.0,0.0,1.0,11.477656315476661,11.515287975527405,11.195418865096087,11.242458440159515,10855700.0
2012-01-26,12.07,12.13,11.87,11.95,7560400.0,0.0,1.0,11.355353420311747,11.411800910387862,11.167195120058029,11.242458440159515,7560400.0
2012-01-27,12.02,12.2,11.98,12.15,5363900.0,0.0,1.0,11.308313845248318,11.477656315476661,11.270682185197574,11.430616740413234,5363900.0
2012-01-30,12.04,12.23,11.93,12.17,9336000.0,0.0,1.0,11.327129675273689,11.50588006051472,11.223642610134144,11.449432570438605,9336000.0
2012-01-31,12.19,12.35,12.18,12.34,7502400.0,0.0,1.0,11.468248400463976,11.618775040666948,11.45884048545129,11.609367125654263,7502400.0
2012-02-01,12.29,12.41,12.13,12.16,8991000.0,0.0,1.0,11.562327550590833,11.675222530743063,11.411800910387862,11.440024655425919,8991000.0
2012-02-02,12.23,12.36,11.99,12.18,11529000.0,0.0,1.0,11.50588006051472,11.628182955679634,11.28009010021026,11.45884048545129,11529000.0
2012-02-03,12.27,12.475,12.25,12.28,9518500.0,0.0,1.0,11.543511720565462,11.73637397832552,11.524695890540091,11.552919635578148,9518500.0
2012-02-06,12.29,12.4,12.17,12.32,7099900.0,0.0,1.0,11.562327550590833,11.665814615730378,11.449432570438605,11.590551295628892,7099900.0
2012-02-07,12.36,12.5,12.3,12.44,5737600.0,0.0,1.0,11.628182955679634,11.759893765857235,11.57173546560352,11.70344627578112,5737600.0
2012-02-08,12.48,12.595,12.44,12.55,7435400.0,0.0,1.0,11.741077935831864,11.84926895847775,11.70344627578112,11.806933340920665,7435400.0
2012-02-09,12.81,12.82,12.375,12.66,14879300.0,0.0,1.0,12.051539131250495,12.06094704626318,11.642294828198663,11.910420406060208,14879300.0
2012-02-10,12.63,12.73,12.28,12.325,23187400.0,0.0,1.0,11.882196661022151,11.976275811149009,11.552919635578148,11.595255253135234,23187400.0
2012-02-13,12.39,12.4,12.13,12.25,13062500.0,0.0,1.0,11.656406700717692,11.665814615730378,11.411800910387862,11.524695890540091,13062500.0
2012-02-14,12.25,12.49,12.23,12.48,10611400.0,0.0,1.0,11.524695890540091,11.75048585084455,11.50588006051472,11.741077935831864,10611400.0
2012-02-15,12.52,12.52,12.34,12.4,12346900.0,0.0,1.0,11.778709595882606,11.778709595882606,11.609367125654263,11.665814615730378,12346900.0
2012-02-16,12.47,12.55,12.33,12.52,8758700.0,0.0,1.0,11.731670020819179,11.806933340920665,11.599959210641577,11.778709595882606,8758700.0
2012-02-17,12.5,12.55,12.21,12.23,7397200.0,0.0,1.0,11.759893765857235,11.806933340920665,11.487064230489349,11.50588006051472,7397200.0
2012-02-21,12.24,12.26,11.91,12.02,11798300.0,0.0,1.0,11.515287975527405,11.534103805552776,11.204826780108773,11.308313845248318,11798300.0
2012-02-22,12.02,12.14,12.0,12.1,6634000.0,0.0,1.0,11.308313845248318,11.421208825400548,11.289498015222946,11.383577165349804,6634000.0
2012-02-23,12.1,12.2,12.06,12.165,6702600.0,0.0,1.0,11.383577165349804,11.477656315476661,11.345945505299062,11.444728612932261,6702600.0
2012-02-24,12.22,12.29,11.97,12.115,10545900.0,0.0,1.0,11.496472145502034,11.562327550590833,11.261274270184888,11.397689037868833,10545900.0
2012-02-27,12.09,12.09,11.89,11.91,12587100.0,0.0,1.0,11.374169250337118,11.374169250337118,11.186010950083402,11.204826780108773,12587100.0
2012-02-28,11.94,12.1,11.87,12.06,13595400.0,0.0,1.0,11.23305052514683,11.383577165349804,11.167195120058029,11.345945505299062,13595400.0
2012-02-29,12.03,12.14,11.89,11.95,17231100.0,0.0,1.0,11.317721760261003,11.421208825400548,11.186010950083402,11.242458440159515,17231100.0
2012-03-01,12.0,12.0,11.54,11.68,26602900.0,0.0,1.0,11.289498015222946,11.289498015222946,10.856733924639398,10.988444734817,26602900.0
2012-03-02,11.68,11.73,11.58,11.67,12544800.0,0.0,1.0,10.988444734817,11.03548430988043,10.894365584690142,10.979036819804314,12544800.0
2012-03-05,11.71,11.82,11.6,11.71,12564100.0,0.0,1.0,11.016668479855058,11.120155544994601,10.913181414715513,11.016668479855058,12564100.0
2012-03-06,11.62,11.82,11.62,11.73,13670200.0,0.0,1.0,10.931997244740884,11.120155544994601,10.931997244740884,11.03548430988043,13670200.0
2012-03-07,11.76,11.875,11.7,11.8,8818000.0,0.0,1.0,11.063708054918486,11.171899077564373,11.00726056484237,11.10133971496923,8818000.0
2012-03-08,11.87,12.05,11.8,12.005,12047100.0,0.0,1.0,11.167195120058029,11.336537590286376,11.10133971496923,11.294201972729288,12047100.0
2012-03-09,11.94,12.16,11.76,11.91,17707600.0,0.0,1.0,11.23305052514683,11.440024655425919,11.063708054918486,11.204826780108773,17707600.0
2012-03-12,11.87,12.08,11.87,11.94,12017200.0,0.0,1.0,11.167195120058029,11.364761335324433,11.167195120058029,11.23305052514683,12017200.0
2012-03-13,11.99,12.09,11.905,12.02,10427100.0,0.0,1.0,11.28009010021026,11.374169250337118,11.20012282260243,11.308313845248318,10427100.0
2012-03-14,12.0,12.33,11.99,12.33,20617200.0,0.0,1.0,11.289498015222946,11.599959210641577,11.28009010021026,11.599959210641577,20617200.0
2012-03-15,12.28,12.54,12.23,12.46,14892900.0,0.0,1.0,11.552919635578148,11.797525425907978,11.50588006051472,11.722262105806493,14892900.0
2012-03-16,12.44,12.71,12.44,12.65,12248100.0,0.0,1.0,11.70344627578112,11.957459981123638,11.70344627578112,11.901012491047522,12248100.0
2012-03-19,12.45,12.63,12.335,12.52,14165600.0,0.18,1.0,11.881249858073588,12.053026964455377,11.771503373440781,11.94805206611095,14165600.0
2012-03-20,12.46,12.56,12.26,12.52,10756400.0,0.0,1.0,11.890793030650356,11.986224756418014,11.699929579115036,11.94805206611095,10756400.0
2012-03-21,12.51,12.59,12.44,12.53,6021000.0,0.0,1.0,11.938508893534184,12.01485427414831,11.871706685496822,11.957595238687716,6021000.0
2012-03-22,12.5,12.95,12.5,12.73,15532200.0,0.0,1.0,11.928965720957418,12.358408486911884,11.928965720957418,12.148458690223036,15532200.0
2012-03-23,12.73,12.86,12.66,12.705,13140000.0,0.0,1.0,12.148458690223036,12.272519933720991,12.081656482185673,12.12460075878112,13140000.0
2012-03-26,12.81,12.83,12.63,12.77,9750000.0,0.0,1.0,12.224804070837163,12.243890415990695,12.053026964455377,12.186631380530098,9750000.0
2012-03-27,12.78,12.92,12.76,12.86,12966100.0,0.0,1.0,12.196174553106864,12.329778969181588,12.177088207953332,12.272519933720991,12966100.0
2012-03-28,12.86,12.88,12.625,12.69,8064700.0,0.0,1.0,12.272519933720991,12.291606278874525,12.048255378166992,12.110285999915972,8064700.0
2012-03-29,12.66,12.77,12.58,12.77,11343500.0,0.0,1.0,12.081656482185673,12.186631380530098,12.005311101571547,12.186631380530098,11343500.0
2012-03-30,12.84,12.88,12.7,12.82,9029100.0,0.0,1.0,12.25343358856746,12.291606278874525,12.119829172492736,12.234347243413929,9029100.0
2012-04-02,12.78,12.83,12.7,12.82,8648600.0,0.0,1.0,12.196174553106864,12.243890415990695,12.119829172492736,12.234347243413929,8648600.0
2012-04-03,12.75,12.905,12.7,12.83,15571100.0,0.0,1.0,12.167545035376566,12.315464210316438,12.119829172492736,12.243890415990695,15571100.0
2012-04-04,12.79,12.9299,12.73,12.81,10161300.0,0.0,1.0,12.20571772568363,12.339226710032586,12.148458690223036,12.224804070837163,10161300.0
2012-04-05,12.76,12.8,12.57,12.69,5776100.0,0.0,1.0,12.177088207953332,12.215260898260397,11.99576792899478,12.110285999915972,5776100.0
2012-04-09,12.55,12.765,12.53,12.72,6937200.0,0.0,1.0,11.976681583841248,12.181859794241717,11.957595238687716,12.13891551764627,6937200.0
2012-04-10,12.75,12.85,12.35,12.37,11062300.0,0.0,1.0,12.167545035376566,12.262976761144225,11.785818132305929,11.804904477459461,11062300.0
2012-04-11,12.41,12.49,12.32,12.37,9199200.0,0.0,1.0,11.843077167766525,11.919422548380652,11.757188614575632,11.804904477459461,9199200.0
2012-04-12,12.4,12.522,12.38,12.48,6652200.0,0.0,1.0,11.83353399518976,11.949960700626304,11.814447650036229,11.909879375803888,6652200.0
2012-04-13,12.48,12.51,12.38,12.42,8462300.0,0.0,1.0,11.909879375803888,11.938508893534184,11.814447650036229,11.852620340343291,8462300.0
2012-04-16,12.44,12.48,12.23,12.26,6887200.0,0.0,1.0,11.871706685496822,11.909879375803888,11.67130006138474,11.699929579115036,6887200.0
2012-04-17,12.27,12.43,12.24,12.27,8556200.0,0.0,1.0,11.709472751691802,11.862163512920057,11.680843233961504,11.709472751691802,8556200.0
2012-04-18,12.26,12.375,12.21,12.25,7681900.0,0.0,1.0,11.699929579115036,11.809676063747844,11.652213716231207,11.69038640653827,7681900.0
2012-04-19,12.18,12.43,12.15,12.25,7814100.0,0.0,1.0,11.623584198500907,11.862163512920057,11.594954680770611,11.69038640653827,7814100.0
2012-04-20,12.31,12.39,12.18,12.2,6499400.0,0.0,1.0,11.747645441998866,11.823990822612993,11.623584198500907,11.64267054365444,6499400.0
2012-04-23,12.15,12.39,11.99,12.36,13198200.0,0.0,1.0,11.594954680770611,11.823990822612993,11.442263919542356,11.795361304882695,13198200.0
2012-04-24,12.36,12.605,12.27,12.44,17415400.0,0.0,1.0,11.795361304882695,12.029169033013462,11.709472751691802,11.871706685496822,17415400.0
2012-04-25,12.46,12.64,12.42,12.57,7556600.0,0.0,1.0,11.890793030650356,12.062570137032143,11.852620340343291,11.99576792899478,7556600.0
2012-04-26,12.61,12.94,12.55,12.76,10453700.0,0.0,1.0,12.033940619301843,12.34886531433512,11.976681583841248,12.177088207953332,10453700.0
2012-04-27,12.82,12.92,12.77,12.83,5758300.0,0.0,1.0,12.234347243413929,12.329778969181588,12.186631380530098,12.243890415990695,5758300.0
2012-04-30,12.83,12.95,12.81,12.875,6170800.0,0.0,1.0,12.243890415990695,12.358408486911884,12.224804070837163,12.28683469258614,6170800.0
2012-05-01,12.82,13.0,12.8,12.82,7113100.0,0.0,1.0,12.234347243413929,12.406124349795714,12.215260898260397,12.234347243413929,7113100.0
2012-05-02,12.79,12.88,12.68,12.84,3822100.0,0.0,1.0,12.20571772568363,12.291606278874525,12.100742827339205,12.25343358856746,3822100.0
2012-05-03,12.86,12.89,12.64,12.66,3520200.0,0.0,1.0,12.272519933720991,12.301149451451291,12.062570137032143,12.081656482185673,3520200.0
2012-05-04,12.61,12.62,12.28,12.36,13207100.0,0.0,1.0,12.033940619301843,12.043483791878609,11.719015924268568,11.795361304882695,13207100.0
2012-05-07,12.33,12.33,12.16,12.29,6163500.0,0.0,1.0,11.766731787152398,11.766731787152398,11.604497853347377,11.728559096845332,6163500.0
2012-05-08,12.19,12.4,12.16,12.4,11062600.0,0.0,1.0,11.633127371077673,11.83353399518976,11.604497853347377,11.83353399518976,11062600.0
2012-05-09,12.29,12.4493,12.2,12.4,18261400.0,0.0,1.0,11.728559096845332,11.880581835993214,11.64267054365444,11.83353399518976,18261400.0
2012-05-10,12.62,12.9,12.55,12.74,16816100.0,0.0,1.0,12.043483791878609,12.310692624028055,11.976681583841248,12.158001862799802,16816100.0
2012-05-11,12.74,12.815,12.62,12.645,6215500.0,0.0,1.0,12.158001862799802,12.229575657125546,12.043483791878609,12.067341723320524,6215500.0
2012-05-14,12.62,12.66,12.51,12.64,4721000.0,0.0,1.0,12.043483791878609,12.081656482185673,11.938508893534184,12.062570137032143,4721000.0
2012-05-15,12.65,13.005,12.6,12.78,12731000.0,0.0,1.0,12.072113309608907,12.4108959360841,12.024397446725077,12.196174553106864,12731000.0
2012-05-16,12.81,12.81,12.34,12.38,12173500.0,0.0,1.0,12.224804070837163,12.224804070837163,11.776274959729163,11.814447650036229,12173500.0
2012-05-17,12.35,12.38,12.09,12.09,8051400.0,0.0,1.0,11.785818132305929,11.814447650036229,11.537695645310015,11.537695645310015,8051400.0
2012-05-18,12.12,12.16,11.95,11.97,7710700.0,0.0,1.0,11.566325163040313,11.604497853347377,11.404091229235291,11.423177574388825,7710700.0
2012-05-21,12.0,12.23,11.85,12.2,5713100.0,0.0,1.0,11.451807092119122,11.67130006138474,11.308659503467632,11.64267054365444,5713100.0
2012-05-22,12.23,12.24,11.93,12.0,6009400.0,0.0,1.0,11.67130006138474,11.680843233961504,11.38500488408176,11.451807092119122,6009400.0
2012-05-23,11.97,12.41,11.96,12.33,8028000.0,0.0,1.0,11.423177574388825,11.843077167766525,11.41363440181206,11.766731787152398,8028000.0
2012-05-24,12.39,12.39,12.01,12.1,6165700.0,0.0,1.0,11.823990822612993,11.823990822612993,11.461350264695888,11.54723881788678,6165700.0
2012-05-25,12.09,12.275,12.03,12.24,4928300.0,0.0,1.0,11.537695645310015,11.714244337980185,11.480436609849418,11.680843233961504,4928300.0
2012-05-29,12.25,12.29,11.91,11.96,10601200.0,0.0,1.0,11.69038640653827,11.728559096845332,11.365918538928229,11.41363440181206,10601200.0
2012-05-30,11.87,12.01,11.81,11.91,9295300.0,0.0,1.0,11.327745848621165,11.461350264695888,11.27048681316057,11.365918538928229,9295300.0
2012-05-31,11.91,11.95,11.63,11.74,11647000.0,0.0,1.0,11.365918538928229,11.404091229235291,11.098709706778783,11.203684605123208,11647000.0
2012-06-01,11.63,11.855,11.52,11.65,8971200.0,0.0,1.0,11.098709706778783,11.313431089756016,10.993734808434356,11.117796051932315,8971200.0
2012-06-04,11.67,11.755,11.54,11.65,6697300.0,0.0,1.0,11.136882397085845,11.217999363988357,11.012821153587888,11.117796051932315,6697300.0
2012-06-05,11.59,11.7525,11.54,11.605,6084100.0,0.0,1.0,11.060537016471718,11.215613570844164,11.012821153587888,11.074851775336867,6084100.0
2012-06-06,11.69,12.12,11.67,12.095,9101400.0,0.0,1.0,11.155968742239377,11.566325163040313,11.136882397085845,11.5424672315984,9101400.0
2012-06-07,11.47,12.03,11.34,11.78,22667000.0,0.0,1.0,10.946018945550527,11.480436609849418,10.82195770205257,11.24185729543027,22667000.0
2012-06-08,11.73,11.88,11.71,11.83,7183700.0,0.0,1.0,11.194141432546441,11.33728902119793,11.175055087392911,11.2895731583141,7183700.0
2012-06-11,11.9,11.92,11.575,11.595,6340800.0,0.0,1.0,11.356375366351463,11.375461711504995,11.04622225760657,11.065308602760101,6340800.0
2012-06-12,11.68,11.8,11.6,11.69,7119500.0,0.0,1.0,11.146425569662611,11.260943640583804,11.070080189048484,11.155968742239377,7119500.0
2012-06-13,11.65,11.86,11.61,11.66,6497000.0,0.0,1.0,11.117796051932315,11.318202676044399,11.07962336162525,11.12733922450908,6497000.0
2012-06-14,11.64,11.69,11.44,11.53,6573000.0,0.0,1.0,11.108252879355549,11.155968742239377,10.917389427820229,11.003277981011122,6573000.0
2012-06-15,11.5,11.735,11.39,11.44,14628100.0,0.0,1.0,10.974648463280825,11.198913018834824,10.8696735649364,10.917389427820229,14628100.0
2012-06-18,11.4,11.71,11.35,11.64,7462500.0,0.0,1.0,10.879216737513167,11.175055087392911,10.831500874629336,11.108252879355549,7462500.0
2012-06-19,11.67,11.75,11.59,11.67,5675500.0,0.0,1.0,11.136882397085845,11.213227777699974,11.060537016471718,11.136882397085845,5675500.0
2012-06-20,11.67,11.74,11.58,11.62,4486700.0,0.0,1.0,11.136882397085845,11.203684605123208,11.050993843894952,11.089166534202015,4486700.0
2012-06-21,11.61,11.66,11.42,11.44,4771900.0,0.0,1.0,11.07962336162525,11.12733922450908,10.898303082666697,10.917389427820229,4771900.0
2012-06-22,11.45,11.83,11.41,11.79,8480800.0,0.0,1.0,10.926932600396995,11.2895731583141,10.888759910089933,11.251400468007036,8480800.0
2012-06-25,11.71,11.72,11.32,11.375,6612100.0,0.0,1.0,11.175055087392911,11.184598259969675,10.802871356899038,10.855358806071251,6612100.0
2012-06-26,11.38,11.635,11.34,11.59,6007000.0,0.0,1.0,10.860130392359634,11.103481293067166,10.82195770205257,11.060537016471718,6007000.0
2012-06-27,11.65,11.77,11.58,11.66,4397500.0,0.0,1.0,11.117796051932315,11.232314122853504,11.050993843894952,11.12733922450908,4397500.0
2012-06-28,11.55,11.6,11.35,11.49,6173400.0,0.0,1.0,11.022364326164656,11.070080189048484,10.831500874629336,10.96510529070406,6173400.0
2012-06-29,11.7,12.23,11.64,11.99,11235000.0,0.0,1.0,11.165511914816143,11.67130006138474,11.108252879355549,11.442263919542356,11235000.0
2012-07-02,11.99,12.2,11.84,11.945,8253400.0,0.0,1.0,11.442263919542356,11.64267054365444,11.299116330890866,11.39931964294691,8253400.0
2012-07-03,11.99,12.46,11.95,12.46,7348700.0,0.0,1.0,11.442263919542356,11.890793030650356,11.404091229235291,11.890793030650356,7348700.0
2012-07-05,12.4,12.42,12.1,12.13,7782200.0,0.0,1.0,11.83353399518976,11.852620340343291,11.54723881788678,11.575868335617079,7782200.0
2012-07-06,12.11,12.13,11.9,12.04,4671800.0,0.0,1.0,11.556781990463547,11.575868335617079,11.356375366351463,11.489979782426184,4671800.0
2012-07-09,12.13,12.34,11.97,12.08,4919000.0,0.0,1.0,11.575868335617079,11.776274959729163,11.423177574388825,11.528152472733249,4919000.0
2012-07-10,12.16,12.2,11.93,12.1,8247300.0,0.0,1.0,11.604497853347377,11.64267054365444,11.38500488408176,11.54723881788678,8247300.0
2012-07-11,12.09,12.16,11.87,11.96,5565600.0,0.0,1.0,11.537695645310015,11.604497853347377,11.327745848621165,11.41363440181206,5565600.0
2012-07-12,11.89,12.0,11.69,11.9,7948700.0,0.0,1.0,11.346832193774697,11.451807092119122,11.155968742239377,11.356375366351463,7948700.0
2012-07-13,11.91,12.17,11.86,12.1,5180600.0,0.0,1.0,11.365918538928229,11.614041025924143,11.318202676044399,11.54723881788678,5180600.0
2012-07-16,12.04,12.17,11.93,12.11,3621200.0,0.0,1.0,11.489979782426184,11.614041025924143,11.38500488408176,11.556781990463547,3621200.0
2012-07-17,12.17,12.2,11.94,12.08,7173200.0,0.0,1.0,11.614041025924143,11.64267054365444,11.394548056658525,11.528152472733249,7173200.0
2012-07-18,12.09,12.57,12.04,12.5,8019100.0,0.0,1.0,11.537695645310015,11.99576792899478,11.489979782426184,11.928965720957418,8019100.0
2012-07-19,12.48,12.55,12.29,12.345,8862900.0,0.0,1.0,11.909879375803888,11.976681583841248,11.728559096845332,11.781046546017548,8862900.0
2012-07-20,12.38,12.5,11.98,12.005,11930500.0,0.0,1.0,11.814447650036229,11.928965720957418,11.43272074696559,11.456578678407505,11930500.0
2012-07-23,11.88,12.0,11.8,11.94,4938100.0,0.0,1.0,11.33728902119793,11.451807092119122,11.260943640583804,11.394548056658525,4938100.0
2012-07-24,11.94,11.95,11.53,11.6,7822500.0,0.0,1.0,11.394548056658525,11.404091229235291,11.003277981011122,11.070080189048484,7822500.0
2012-07-25,11.61,11.84,11.56,11.74,6187500.0,0.0,1.0,11.07962336162525,11.299116330890866,11.031907498741422,11.203684605123208,6187500.0
2012-07-26,11.86,12.05,11.73,11.815,4702000.0,0.0,1.0,11.318202676044399,11.499522955002952,11.194141432546441,11.275258399448951,4702000.0
2012-07-27,11.81,12.02,11.72,11.98,10822400.0,0.0,1.0,11.27048681316057,11.470893437272654,11.184598259969675,11.43272074696559,10822400.0
2012-07-30,12.04,12.09,11.94,12.03,5394500.0,0.0,1.0,11.489979782426184,11.537695645310015,11.394548056658525,11.480436609849418,5394500.0
2012-07-31,12.0,12.16,11.92,12.03,7417000.0,0.0,1.0,11.451807092119122,11.604497853347377,11.375461711504995,11.480436609849418,7417000.0
2012-08-01,12.07,12.14,11.8,11.82,6538200.0,0.0,1.0,11.518609300156484,11.585411508193845,11.260943640583804,11.280029985737336,6538200.0
2012-08-02,11.78,11.925,11.59,11.77,12236400.0,0.0,1.0,11.24185729543027,11.380233297793378,11.060537016471718,11.232314122853504,12236400.0
2012-08-03,11.6,11.62,11.0,11.12,18324500.0,0.0,1.0,11.070080189048484,11.089166534202015,10.49748983444253,10.612007905363718,18324500.0
2012-08-06,11.4,11.55,11.31,11.42,12291600.0,0.0,1.0,10.879216737513167,11.022364326164656,10.793328184322272,10.898303082666697,12291600.0
2012-08-07,11.49,11.59,11.48,11.52,7227500.0,0.0,1.0,10.96510529070406,11.060537016471718,10.955562118127293,10.993734808434356,7227500.0
2012-08-08,11.52,11.68,11.38,11.65,7667500.0,0.0,1.0,10.993734808434356,11.146425569662611,10.860130392359634,11.117796051932315,7667500.0
2012-08-09,11.62,11.78,11.58,11.65,6595300.0,0.0,1.0,11.089166534202015,11.24185729543027,11.050993843894952,11.117796051932315,6595300.0
2012-08-10,11.61,11.69,11.43,11.64,5510600.0,0.0,1.0,11.07962336162525,11.155968742239377,10.907846255243463,11.108252879355549,5510600.0
2012-08-13,11.59,11.6,11.341,11.52,5846500.0,0.0,1.0,11.060537016471718,11.070080189048484,10.822912019310246,10.993734808434356,5846500.0
2012-08-14,11.57,11.58,11.35,11.53,6904000.0,0.0,1.0,11.041450671318186,11.050993843894952,10.831500874629336,11.003277981011122,6904000.0
2012-08-15,11.49,11.64,11.41,11.62,4297100.0,0.0,1.0,10.96510529070406,11.108252879355549,10.888759910089933,11.089166534202015,4297100.0
2012-08-16,11.66,11.955,11.649,11.88,9622600.0,0.0,1.0,11.12733922450908,11.408862815523674,11.116841734674637,11.33728902119793,9622600.0
2012-08-17,11.93,12.16,11.74,12.1,10218600.0,0.0,1.0,11.38500488408176,11.604497853347377,11.203684605123208,11.54723881788678,10218600.0
2012-08-20,12.06,12.1,11.77,11.98,6802400.0,0.0,1.0,11.509066127579718,11.54723881788678,11.232314122853504,11.43272074696559,6802400.0
2012-08-21,11.97,12.0,11.79,11.9,7124400.0,0.0,1.0,11.423177574388825,11.451807092119122,11.251400468007036,11.356375366351463,7124400.0
2012-08-22,11.9,11.93,11.7,11.8,5515400.0,0.0,1.0,11.356375366351463,11.38500488408176,11.165511914816143,11.260943640583804,5515400.0
2012-08-23,11.74,11.81,11.64,11.725,4717900.0,0.0,1.0,11.203684605123208,11.27048681316057,11.108252879355549,11.189369846258058,4717900.0
2012-08-24,11.68,11.85,11.65,11.75,4195900.0,0.0,1.0,11.146425569662611,11.308659503467632,11.117796051932315,11.213227777699974,4195900.0
2012-08-27,11.75,11.78,11.66,11.71,3787600.0,0.0,1.0,11.213227777699974,11.24185729543027,11.12733922450908,11.175055087392911,3787600.0
2012-08-28,11.71,11.845,11.66,11.75,4336800.0,0.0,1.0,11.175055087392911,11.303887917179251,11.12733922450908,11.213227777699974,4336800.0
2012-08-29,11.75,11.86,11.69,11.79,3716500.0,0.0,1.0,11.213227777699974,11.318202676044399,11.155968742239377,11.251400468007036,3716500.0
2012-08-30,11.73,11.81,11.64,11.67,3282800.0,0.0,1.0,11.194141432546441,11.27048681316057,11.108252879355549,11.136882397085845,3282800.0
2012-08-31,11.76,11.9,11.71,11.76,4701100.0,0.0,1.0,11.22277095027674,11.356375366351463,11.175055087392911,11.22277095027674,4701100.0
2012-09-04,11.75,11.85,11.58,11.68,5532800.0,0.0,1.0,11.213227777699974,11.308659503467632,11.050993843894952,11.146425569662611,5532800.0
2012-09-05,11.73,11.88,11.69,11.82,6315800.0,0.0,1.0,11.194141432546441,11.33728902119793,11.155968742239377,11.280029985737336,6315800.0
2012-09-06,12.1,12.32,12.0,12.23,11318800.0,0.0,1.0,11.54723881788678,11.757188614575632,11.451807092119122,11.67130006138474,11318800.0
2012-09-07,12.23,12.23,11.93,12.02,10278000.0,0.0,1.0,11.67130006138474,11.67130006138474,11.38500488408176,11.470893437272654,10278000.0
2012-09-10,12.03,12.13,11.865,11.98,6994100.0,0.0,1.0,11.480436609849418,11.575868335617079,11.322974262332782,11.43272074696559,6994100.0
2012-09-11,11.93,12.03,11.88,11.99,4739300.0,0.0,1.0,11.38500488408176,11.480436609849418,11.33728902119793,11.442263919542356,4739300.0
2012-09-12,11.98,12.07,11.89,11.91,3144700.0,0.0,1.0,11.43272074696559,11.518609300156484,11.346832193774697,11.365918538928229,3144700.0
2012-09-13,11.88,12.09,11.78,12.0,5980900.0,0.0,1.0,11.33728902119793,11.537695645310015,11.24185729543027,11.451807092119122,5980900.0
2012-09-14,12.01,12.2,12.0,12.11,4667500.0,0.0,1.0,11.461350264695888,11.64267054365444,11.451807092119122,11.556781990463547,4667500.0
2012-09-17,12.06,12.11,11.91,11.98,5639100.0,0.0,1.0,11.509066127579718,11.556781990463547,11.365918538928229,11.43272074696559,5639100.0
2012-09-18,11.96,11.98,11.81,11.855,4802600.0,0.0,1.0,11.41363440181206,11.43272074696559,11.27048681316057,11.313431089756016,4802600.0
2012-09-19,11.96,11.96,11.805,11.88,9471900.0,0.0,1.0,11.41363440181206,11.41363440181206,11.265715226872185,11.33728902119793,9471900.0
2012-09-20,11.85,11.93,11.78,11.9,3858000.0,0.0,1.0,11.308659503467632,11.38500488408176,11.24185729543027,11.356375366351463,3858000.0
2012-09-21,11.91,12.08,11.88,12.08,9939500.0,0.0,1.0,11.365918538928229,11.528152472733249,11.33728902119793,11.528152472733249,9939500.0
2012-09-24,12.01,12.27,11.91,12.06,5793700.0,0.0,1.0,11.461350264695888,11.709472751691802,11.365918538928229,11.509066127579718,5793700.0
2012-09-25,12.03,12.06,11.62,11.645,11008700.0,0.0,1.0,11.480436609849418,11.509066127579718,11.089166534202015,11.11302446564393,11008700.0
2012-09-26,11.55,11.72,11.54,11.68,6336300.0,0.0,1.0,11.022364326164656,11.184598259969675,11.012821153587888,11.146425569662611,6336300.0
2012-09-27,11.7,11.92,11.36,11.37,21285000.0,0.0,1.0,11.165511914816143,11.375461711504995,10.8410440472061,10.850587219782867,21285000.0
2012-09-28,11.36,11.4,11.22,11.275,13480400.0,0.0,1.0,10.8410440472061,10.879216737513167,10.707439631131379,10.759927080303592,13480400.0
2012-10-01,11.3,11.37,11.05,11.11,8918700.0,0.0,1.0,10.783785011745508,10.850587219782867,10.54520569732636,10.602464732786952,8918700.0
2012-10-02,11.2,11.33,11.0,11.11,28785000.0,0.0,1.0,10.688353285977847,10.812414529475804,10.49748983444253,10.602464732786952,28785000.0
2012-10-03,11.16,11.325,11.12,11.23,16851400.0,0.0,1.0,10.650180595670783,10.807642943187421,10.612007905363718,10.716982803708145,16851400.0
2012-10-04,11.27,11.44,10.98,11.415,14415900.0,0.0,1.0,10.755155494015208,10.917389427820229,10.478403489288997,10.893531496378314,14415900.0
2012-10-05,11.44,11.47,11.28,11.3,6378800.0,0.0,1.0,10.917389427820229,10.946018945550527,10.764698666591974,10.783785011745508,6378800.0
2012-10-08,11.25,11.34,11.2,11.3,3932000.0,0.0,1.0,10.736069148861677,10.82195770205257,10.688353285977847,10.783785011745508,3932000.0
2012-10-09,11.3,11.3,11.01,11.095,8702500.0,0.0,1.0,10.783785011745508,10.783785011745508,10.507033007019293,10.588149973921805,8702500.0
2012-10-10,11.1,11.1,10.94,11.09,9936800.0,0.0,1.0,10.592921560210188,10.592921560210188,10.440230798981933,10.583378387633422,9936800.0
2012-10-11,11.22,11.27,11.09,11.2,7510400.0,0.0,1.0,10.707439631131379,10.755155494015208,10.583378387633422,10.688353285977847,7510400.0
2012-10-12,11.21,11.27,11.05,11.16,3951700.0,0.0,1.0,10.697896458554613,10.755155494015208,10.54520569732636,10.650180595670783,3951700.0
2012-10-15,11.17,11.34,11.12,11.31,6622200.0,0.0,1.0,10.659723768247549,10.82195770205257,10.612007905363718,10.793328184322272,6622200.0
2012-10-16,11.32,11.35,11.17,11.24,5146200.0,0.0,1.0,10.802871356899038,10.831500874629336,10.659723768247549,10.726525976284911,5146200.0
2012-10-17,11.2,11.33,11.17,11.305,5039500.0,0.0,1.0,10.688353285977847,10.812414529475804,10.659723768247549,10.788556598033889,5039500.0
2012-10-18,11.3,11.39,11.2,11.3,6929100.0,0.0,1.0,10.783785011745508,10.8696735649364,10.688353285977847,10.783785011745508,6929100.0
2012-10-19,11.25,11.4,11.09,11.18,6810800.0,0.0,1.0,10.736069148861677,10.879216737513167,10.583378387633422,10.669266940824315,6810800.0
2012-10-22,11.14,11.195,11.07,11.14,3978600.0,0.0,1.0,10.631094250517252,10.683581699689464,10.56429204247989,10.631094250517252,3978600.0
2012-10-23,11.04,11.165,10.99,11.08,4639100.0,0.0,1.0,10.535662524749592,10.654952181959166,10.487946661865763,10.573835215056656,4639100.0
2012-10-24,11.24,11.24,11.025,11.08,5029800.0,0.0,1.0,10.726525976284911,10.726525976284911,10.521347765884444,10.573835215056656,5029800.0
2012-10-25,11.14,11.21,11.02,11.06,3733500.0,0.0,1.0,10.631094250517252,10.697896458554613,10.51657617959606,10.554748869903124,3733500.0
2012-10-26,11.02,11.06,10.73,10.79,7954800.0,0.0,1.0,10.51657617959606,10.554748869903124,10.239824174869849,10.297083210330443,7954800.0
2012-10-31,10.79,10.92,10.75,10.885,5422500.0,0.0,1.0,10.297083210330443,10.4211444538284,10.25891052002338,10.38774334980972,5422500.0
2012-11-01,10.97,11.275,10.95,11.23,7601300.0,0.0,1.0,10.468860316712231,10.759927080303592,10.449773971558697,10.716982803708145,7601300.0
2012-11-02,11.25,11.28,11.025,11.1596,7523900.0,0.0,1.0,10.736069148861677,10.764698666591974,10.521347765884444,10.649798868767713,7523900.0
2012-11-05,11.13,11.27,11.05,11.25,4464500.0,0.0,1.0,10.621551077940486,10.755155494015208,10.54520569732636,10.736069148861677,4464500.0
2012-11-06,11.27,11.36,11.19,11.34,5684700.0,0.0,1.0,10.755155494015208,10.8410440472061,10.67881011340108,10.82195770205257,5684700.0
2012-11-07,11.22,11.27,11.05,11.13,6835000.0,0.0,1.0,10.707439631131379,10.755155494015208,10.54520569732636,10.621551077940486,6835000.0
2012-11-08,11.5,11.5,10.89,11.0,19083400.0,0.0,1.0,10.974648463280825,10.974648463280825,10.392514936098104,10.49748983444253,19083400.0
2012-11-09,10.96,11.11,10.66,10.66,13456200.0,0.0,1.0,10.459317144135465,10.602464732786952,10.173021966832486,10.173021966832486,13456200.0
2012-11-12,10.73,11.05,10.73,10.77,12516700.0,0.0,1.0,10.239824174869849,10.54520569732636,10.239824174869849,10.277996865176911,12516700.0
2012-11-13,10.71,10.77,10.56,10.7202,15461900.0,0.0,1.0,10.220737829716317,10.277996865176911,10.077590241064827,10.230471865744617,15461900.0
2012-11-14,10.76,10.8499,10.64,10.685,14710900.0,0.0,1.0,10.268453692600145,10.354246814065272,10.153935621678956,10.196879898274402,14710900.0
2012-11-15,10.68,10.77,10.45,10.56,10913300.0,0.0,1.0,10.192108311986019,10.277996865176911,9.9726153427204,10.077590241064827,10913300.0
2012-11-16,10.54,11.14,10.52,11.051,30202700.0,0.0,1.0,10.058503895911294,10.631094250517252,10.039417550757763,10.546160014584034,30202700.0
2012-11-19,11.16,11.25,10.92,11.2399,11940400.0,0.0,1.0,10.650180595670783,10.736069148861677,10.4211444538284,10.726430544559143,11940400.0
2012-11-20,11.23,11.33,11.17,11.24,10538900.0,0.0,1.0,10.716982803708145,10.812414529475804,10.659723768247549,10.726525976284911,10538900.0
2012-11-21,11.25,11.37,11.2,11.35,5766100.0,0.0,1.0,10.736069148861677,10.850587219782867,10.688353285977847,10.831500874629336,5766100.0
2012-11-23,11.43,11.47,11.23,11.24,4286400.0,0.0,1.0,10.907846255243463,10.946018945550527,10.716982803708145,10.726525976284911,4286400.0
2012-11-26,11.24,11.39,11.2,11.34,12400900.0,0.0,1.0,10.726525976284911,10.8696735649364,10.688353285977847,10.82195770205257,12400900.0
2012-11-27,11.32,11.445,11.31,11.33,12312600.0,0.0,1.0,10.802871356899038,10.922161014108612,10.793328184322272,10.812414529475804,12312600.0
2012-11-28,11.31,11.54,11.24,11.54,9910200.0,0.0,1.0,10.793328184322272,11.012821153587888,10.726525976284911,11.012821153587888,9910200.0
2012-11-29,11.4,11.57,11.27,11.46,17770400.0,0.0,1.0,10.879216737513167,11.041450671318186,10.755155494015208,10.936475772973763,17770400.0
2012-11-30,11.48,11.54,11.41,11.455,11664900.0,0.0,1.0,10.955562118127293,11.012821153587888,10.888759910089933,10.931704186685378,11664900.0
2012-12-03,11.49,11.5,11.2,11.31,7998400.0,0.0,1.0,10.96510529070406,10.974648463280825,10.688353285977847,10.793328184322272,7998400.0
2012-12-04,11.34,11.37,11.16,11.275,10678200.0,0.0,1.0,10.82195770205257,10.850587219782867,10.650180595670783,10.759927080303592,10678200.0
2012-12-05,11.26,11.39,11.2,11.23,5846000.0,0.0,1.0,10.745612321438442,10.8696735649364,10.688353285977847,10.716982803708145,5846000.0
2012-12-06,11.25,11.4,11.2,11.36,6418000.0,0.0,1.0,10.736069148861677,10.879216737513167,10.688353285977847,10.8410440472061,6418000.0
2012-12-07,11.41,11.5,11.21,11.34,7298500.0,0.0,1.0,10.888759910089933,10.974648463280825,10.697896458554613,10.82195770205257,7298500.0
2012-12-10,11.32,11.485,11.29,11.43,4866700.0,0.0,1.0,10.802871356899038,10.960333704415676,10.77424183916874,10.907846255243463,4866700.0
2012-12-11,11.47,11.605,11.36,11.58,10640600.0,0.0,1.0,10.946018945550527,11.074851775336867,10.8410440472061,11.050993843894952,10640600.0
2012-12-12,11.59,11.74,11.46,11.5,8374600.0,0.0,1.0,11.060537016471718,11.203684605123208,10.936475772973763,10.974648463280825,8374600.0
2012-12-13,11.47,11.59,11.41,11.49,5293400.0,0.0,1.0,10.946018945550527,11.060537016471718,10.888759910089933,10.96510529070406,5293400.0
2012-12-14,11.46,11.54,11.37,11.41,3552200.0,0.0,1.0,10.936475772973763,11.012821153587888,10.850587219782867,10.888759910089933,3552200.0
2012-12-17,11.39,11.39,11.04,11.125,9009700.0,0.0,1.0,10.8696735649364,10.8696735649364,10.535662524749592,10.616779491652103,9009700.0
2012-12-18,11.19,11.27,10.99,11.11,9376700.0,0.0,1.0,10.67881011340108,10.755155494015208,10.487946661865763,10.602464732786952,9376700.0
2012-12-19,11.17,11.17,10.73,10.8494,12672500.0,0.0,1.0,10.659723768247549,10.659723768247549,10.239824174869849,10.353769655436432,12672500.0
2012-12-20,10.87,10.91,10.51,10.78,14616500.0,0.0,1.0,10.37342859094457,10.411601281251635,10.029874378180997,10.287540037753677,14616500.0
2012-12-21,10.54,10.7,10.5,10.65,11888900.0,0.0,1.0,10.058503895911294,10.211194657139549,10.020331205604231,10.16347879425572,11888900.0
2012-12-24,10.6,10.75,10.59,10.68,2159700.0,0.0,1.0,10.11576293137189,10.25891052002338,10.106219758795124,10.192108311986019,2159700.0
2012-12-26,10.65,10.75,10.62,10.67,3604900.0,0.0,1.0,10.16347879425572,10.25891052002338,10.134849276525422,10.182565139409252,3604900.0
2012-12-27,10.63,10.66,10.5,10.59,5274100.0,0.0,1.0,10.14439244910219,10.173021966832486,10.020331205604231,10.106219758795124,5274100.0
2012-12-28,10.57,10.67,10.52,10.56,4719500.0,0.0,1.0,10.087133413641594,10.182565139409252,10.039417550757763,10.077590241064827,4719500.0
2012-12-31,10.5,10.67,10.48,10.62,6038700.0,0.0,1.0,10.020331205604231,10.182565139409252,10.0012448604507,10.134849276525422,6038700.0
2013-01-02,10.85,10.95,10.75,10.945,6091900.0,0.0,1.0,10.354342245791038,10.449773971558697,10.25891052002338,10.445002385270316,6091900.0
2013-01-03,10.89,11.01,10.88,11.01,7201700.0,0.0,1.0,10.392514936098104,10.507033007019293,10.382971763521338,10.507033007019293,7201700.0
2013-01-04,11.03,11.21,10.99,11.17,4070700.0,0.0,1.0,10.526119352172826,10.697896458554613,10.487946661865763,10.659723768247549,4070700.0
2013-01-07,11.15,11.25,11.05,11.18,3655900.0,0.0,1.0,10.640637423094018,10.736069148861677,10.54520569732636,10.669266940824315,3655900.0
2013-01-08,11.1,11.16,10.96,10.99,6141800.0,0.0,1.0,10.592921560210188,10.650180595670783,10.459317144135465,10.487946661865763,6141800.0
2013-01-09,11.04,11.05,10.895,10.94,3489300.0,0.0,1.0,10.535662524749592,10.54520569732636,10.397286522386485,10.440230798981933,3489300.0
2013-01-10,10.99,11.018,10.845,10.93,4141500.0,0.0,1.0,10.487946661865763,10.514667545080707,10.349570659502657,10.430687626405167,4141500.0
2013-01-11,10.85,11.52,10.8,11.52,21329000.0,0.0,1.0,10.354342245791038,10.993734808434356,10.30662638290721,10.993734808434356,21329000.0
2013-01-14,11.5,11.59,11.41,11.5,7227900.0,0.0,1.0,10.974648463280825,11.060537016471718,10.888759910089933,10.974648463280825,7227900.0
2013-01-15,11.44,11.6,11.43,11.57,4764400.0,0.0,1.0,10.917389427820229,11.070080189048484,10.907846255243463,11.041450671318186,4764400.0
2013-01-16,11.54,11.55,11.37,11.42,4809600.0,0.0,1.0,11.012821153587888,11.022364326164656,10.850587219782867,10.898303082666697,4809600.0
2013-01-17,11.48,11.54,11.41,11.42,3551300.0,0.0,1.0,10.955562118127293,11.012821153587888,10.888759910089933,10.898303082666697,3551300.0
2013-01-18,11.37,11.46,11.3,11.36,6944400.0,0.0,1.0,10.850587219782867,10.936475772973763,10.783785011745508,10.8410440472061,6944400.0
2013-01-22,11.42,11.57,11.34,11.4,3712900.0,0.0,1.0,10.898303082666697,11.041450671318186,10.82195770205257,10.879216737513167,3712900.0
2013-01-23,11.45,11.5,11.29,11.31,7628300.0,0.0,1.0,10.926932600396995,10.974648463280825,10.77424183916874,10.793328184322272,7628300.0
2013-01-24,11.39,11.475,11.28,11.35,4900000.0,0.0,1.0,10.8696735649364,10.95079053183891,10.764698666591974,10.831500874629336,4900000.0
2013-01-25,11.35,11.41,11.3,11.39,4060200.0,0.0,1.0,10.831500874629336,10.888759910089933,10.783785011745508,10.8696735649364,4060200.0
2013-01-28,11.49,11.58,11.31,11.4,4948700.0,0.0,1.0,10.96510529070406,11.050993843894952,10.793328184322272,10.879216737513167,4948700.0
2013-01-29,11.37,11.52,11.34,11.42,4203800.0,0.0,1.0,10.850587219782867,10.993734808434356,10.82195770205257,10.898303082666697,4203800.0
2013-01-30,11.42,11.48,11.27,11.31,5156900.0,0.0,1.0,10.898303082666697,10.955562118127293,10.755155494015208,10.793328184322272,5156900.0
2013-01-31,11.29,11.48,11.25,11.4,9048000.0,0.0,1.0,10.77424183916874,10.955562118127293,10.736069148861677,10.879216737513167,9048000.0
2013-02-01,11.41,11.65,11.41,11.65,5182100.0,0.0,1.0,10.888759910089933,11.117796051932315,10.888759910089933,11.117796051932315,5182100.0
2013-02-04,11.64,11.69,11.47,11.6,7193000.0,0.0,1.0,11.108252879355549,11.155968742239377,10.946018945550527,11.070080189048484,7193000.0
2013-02-05,11.58,11.895,11.45,11.85,11816800.0,0.0,1.0,11.050993843894952,11.35160378006308,10.926932600396995,11.308659503467632,11816800.0
2013-02-06,11.82,11.99,11.7701,11.94,8053500.0,0.0,1.0,11.280029985737336,11.442263919542356,11.232409554579272,11.394548056658525,8053500.0
2013-02-07,11.92,12.06,11.815,12.06,12729000.0,0.0,1.0,11.375461711504995,11.509066127579718,11.275258399448951,11.509066127579718,12729000.0
2013-02-08,13.2,13.943,12.9,13.41,56017600.0,0.0,1.0,12.596987801331034,13.306045523784743,12.310692624028055,12.79739442544312,56017600.0
2013-02-11,13.21,13.85,13.19,13.57,26678000.0,0.0,1.0,12.6065309739078,13.21729401882082,12.587444628754268,12.950085186671373,26678000.0
2013-02-12,13.55,13.66,13.44,13.51,14440700.0,0.0,1.0,12.930998841517843,13.035973739862268,12.826023943173416,12.892826151210778,14440700.0
2013-02-13,13.51,13.74,13.395,13.73,18115400.0,0.0,1.0,12.892826151210778,13.112319120476394,12.783079666577969,13.102775947899628,18115400.0
2013-02-14,13.66,14.07,13.64,14.0,26297600.0,0.0,1.0,13.035973739862268,13.427243815509671,13.016887394708736,13.360441607472309,26297600.0
2013-02-15,14.0599,14.52,14.0,14.37,13936900.0,0.0,1.0,13.417605211207137,13.856686581464137,13.360441607472309,13.713538992812648,13936900.0
2013-02-19,14.38,14.65,13.98,14.63,15248700.0,0.0,1.0,13.723082165389416,13.980747824962094,13.341355262318777,13.961661479808564,15248700.0
2013-02-20,14.56,14.62,14.2,14.24,13828500.0,0.0,1.0,13.894859271771201,13.952118307231796,13.551305059007626,13.58947774931469,13828500.0
2013-02-21,14.2399,14.4,14.14,14.28,10725700.0,0.0,1.0,13.589382317588925,13.742168510542946,13.494046023547032,13.627650439621755,10725700.0
2013-02-22,14.31,14.56,14.23,14.51,8591700.0,0.0,1.0,13.656279957352053,13.894859271771201,13.579934576737926,13.847143408887371,8591700.0
2013-02-25,14.5,14.7,14.32,14.33,7976900.0,0.0,1.0,13.837600236310605,14.028463687845923,13.66582312992882,13.675366302505585,7976900.0
2013-02-26,14.32,14.41,14.08,14.18,11966800.0,0.0,1.0,13.66582312992882,13.751711683119712,13.436786988086435,13.532218713854094,11966800.0
2013-02-27,14.21,14.4,14.03,14.26,11665400.0,0.0,1.0,13.560848231584394,13.742168510542946,13.389071125202605,13.608564094468223,11665400.0
2013-02-28,14.27,14.54,14.25,14.295,7461400.0,0.0,1.0,13.618107267044989,13.875772926617667,13.599020921891457,13.641965198486904,7461400.0
2013-03-01,14.26,14.375,14.04,14.35,4564900.0,0.0,1.0,13.608564094468223,13.718310579101031,13.398614297779371,13.694452647659116,4564900.0
2013-03-04,14.3,14.48,14.22,14.365,3956600.0,0.0,1.0,13.646736784775287,13.818513891157075,13.57039140416116,13.708767406524265,3956600.0
2013-03-05,14.45,14.58,14.38,14.57,4901500.0,0.0,1.0,13.789884373426775,13.913945616924734,13.723082165389416,13.904402444347967,4901500.0
2013-03-06,14.6,14.82,14.55,14.65,8826000.0,0.0,1.0,13.933031962078264,14.142981758767116,13.885316099194435,13.980747824962094,8826000.0
2013-03-07,14.64,15.01,14.59,14.97,11065200.0,0.0,1.0,13.97120465238533,14.324302037725667,13.923488789501498,14.286129347418605,11065200.0
2013-03-08,14.95,14.95,14.67,14.84,4701300.0,0.0,1.0,14.267043002265071,14.267043002265071,13.999834170115626,14.162068103920648,4701300.0
2013-03-11,14.78,14.8501,14.69,14.82,5364200.0,0.0,1.0,14.104809068460051,14.17170670822318,14.018920515269158,14.142981758767116,5364200.0
2013-03-12,14.8,14.88,14.69,14.86,5648500.0,0.0,1.0,14.123895413613583,14.200240794227712,14.018920515269158,14.181154449074178,5648500.0
2013-03-13,14.91,15.05,14.81,14.979,6656000.0,0.0,1.0,14.228870311958008,14.362474728032733,14.13343858619035,14.294718202737693,6656000.0
2013-03-14,15.0799,15.0799,14.86,15.03,4185200.0,0.0,1.0,14.391008814037262,14.391008814037262,14.181154449074178,14.3433883828792,4185200.0
2013-03-15,15.0,15.02,14.57,14.65,12516900.0,0.0,1.0,14.314758865148903,14.333845210302433,13.904402444347967,13.980747824962094,12516900.0
2013-03-18,14.36,14.54,14.2,14.37,7492300.0,0.19,1.0,13.885189919459599,14.059238261068424,13.730480282473977,13.8948592717712,7492300.0
2013-03-19,14.37,14.4125,13.97,14.01,10076100.0,0.0,1.0,13.8948592717712,13.935954019095506,13.508085179307146,13.54676258855355,10076100.0
2013-03-20,14.19,14.3,14.03,14.219,9771700.0,0.0,1.0,13.720810930162376,13.827173805589991,13.566101293176754,13.748852051866018,9771700.0
2013-03-21,14.17,14.3,14.06,14.06,8257600.0,0.0,1.0,13.701472225539172,13.827173805589991,13.595109350111558,13.595109350111558,8257600.0
2013-03-22,14.14,14.42,14.07,14.34,8200200.0,0.0,1.0,13.67246416860437,13.943206033329208,13.60477870242316,13.865851214836397,8200200.0
2013-03-25,14.3201,14.43,14.16,14.35,3784400.0,0.0,1.0,13.84660920373631,13.952875385640809,13.691802873227571,13.875520567147998,3784400.0
2013-03-26,14.36,14.51,14.23,14.46,3214300.0,0.0,1.0,13.885189919459599,14.03023020413362,13.759488339408781,13.981883442575615,3214300.0
2013-03-27,14.36,14.53,14.21,14.48,5114100.0,0.0,1.0,13.885189919459599,14.049568908756823,13.74014963478558,14.001222147198817,5114100.0
2013-03-28,14.41,14.58,14.3,14.57,3323900.0,0.0,1.0,13.933536681017607,14.09791567031483,13.827173805589991,14.088246318003229,3323900.0
2013-04-01,14.53,14.61,14.35,14.44,2651300.0,0.0,1.0,14.049568908756823,14.126923727249634,13.875520567147998,13.96254473795241,2651300.0
2013-04-02,14.64,14.8,14.44,14.73,5013400.0,0.0,1.0,14.155931784184439,14.310641421170061,13.96254473795241,14.242955954988851,5013400.0
2013-04-03,14.71,14.8,14.46,14.53,4101500.0,0.0,1.0,14.223617250365649,14.310641421170061,13.981883442575615,14.049568908756823,4101500.0
2013-04-04,14.48,14.58,14.27,14.52,3422500.0,0.0,1.0,14.001222147198817,14.09791567031483,13.798165748655187,14.03989955644522,3422500.0
2013-04-05,14.31,14.455,14.14,14.43,3453900.0,0.0,1.0,13.836843157901592,13.977048766419813,13.67246416860437,13.952875385640809,3453900.0
2013-04-08,14.43,14.68,14.39,14.66,3719400.0,0.0,1.0,13.952875385640809,14.194609193430844,13.914197976394405,14.17527048880764,3719400.0
2013-04-09,14.67,14.79,14.49,14.67,4697000.0,0.0,1.0,14.184939841119242,14.300972068858458,14.010891499510418,14.184939841119242,4697000.0
2013-04-10,14.66,15.0,14.63,14.88,4660300.0,0.0,1.0,14.17527048880764,14.504028467402089,14.146262431872838,14.387996239662872,4660300.0
2013-04-11,14.93,14.93,14.64,14.695,6068600.0,0.0,1.0,14.436343001220878,14.436343001220878,14.155931784184439,14.209113221898246,6068600.0
2013-04-12,14.77,14.79,14.59,14.66,3825900.0,0.0,1.0,14.281633364235256,14.300972068858458,14.10758502262643,14.17527048880764,3825900.0
2013-04-15,14.64,14.65,14.27,14.28,6302200.0,0.0,1.0,14.155931784184439,14.16560113649604,13.798165748655187,13.807835100966788,6302200.0
2013-04-16,14.34,14.51,14.32,14.43,8874200.0,0.0,1.0,13.865851214836397,14.03023020413362,13.846512510213195,13.952875385640809,8874200.0
2013-04-17,14.28,14.42,14.12,14.18,6337000.0,0.0,1.0,13.807835100966788,13.943206033329208,13.653125463981166,13.711141577850775,6337000.0
2013-04-18,14.26,14.27,14.03,14.12,4159200.0,0.0,1.0,13.788496396343586,13.798165748655187,13.566101293176754,13.653125463981166,4159200.0
2013-04-19,14.06,14.32,13.88,14.26,4864200.0,0.0,1.0,13.595109350111558,13.846512510213195,13.421061008502733,13.788496396343586,4864200.0
2013-04-22,14.34,14.53,14.19,14.48,3161400.0,0.0,1.0,13.865851214836397,14.049568908756823,13.720810930162376,14.001222147198817,3161400.0
2013-04-23,14.5,14.65,14.32,14.58,6436300.0,0.0,1.0,14.020560851822019,14.16560113649604,13.846512510213195,14.09791567031483,6436300.0
2013-04-24,14.58,14.85,14.58,14.7,5158700.0,0.0,1.0,14.09791567031483,14.358988182728067,14.09791567031483,14.213947898054046,5158700.0
2013-04-25,14.76,14.89,14.65,14.71,7780400.0,0.0,1.0,14.271964011923655,14.397665591974475,14.16560113649604,14.223617250365649,7780400.0
2013-04-26,14.75,14.86,14.67,14.82,5989900.0,0.0,1.0,14.262294659612055,14.368657535039668,14.184939841119242,14.329980125793265,5989900.0
2013-04-29,14.81,15.07,14.781,14.93,7122700.0,0.0,1.0,14.320310773481662,14.571713933583299,14.29226965177802,14.436343001220878,7122700.0
2013-04-30,14.97,15.02,14.82,14.96,7853100.0,0.0,1.0,14.475020410467286,14.52336717202529,14.329980125793265,14.465351058155683,7853100.0
2013-05-01,14.95,14.975,14.64,14.74,4524900.0,0.0,1.0,14.45568170584408,14.479855086623084,14.155931784184439,14.252625307300452,4524900.0
2013-05-02,14.75,14.94,14.66,14.85,3852700.0,0.0,1.0,14.262294659612055,14.44601235353248,14.17527048880764,14.358988182728067,3852700.0
2013-05-03,15.0,15.23,14.88,15.18,4865100.0,0.0,1.0,14.504028467402089,14.72642357056892,14.387996239662872,14.678076809010914,4865100.0
2013-05-06,15.21,15.33,14.835,14.88,6428900.0,0.0,1.0,14.707084865945719,14.823117093684935,14.344484154260666,14.387996239662872,6428900.0
2013-05-07,14.94,15.035,14.84,14.94,5050100.0,0.0,1.0,14.44601235353248,14.537871200492694,14.349318830416466,14.44601235353248,5050100.0
2013-05-08,15.01,15.4,15.0,15.26,8863300.0,0.0,1.0,14.51369781971369,14.890802559866145,14.504028467402089,14.755431627503725,8863300.0
2013-05-09,14.28,14.62,14.0,14.39,18959600.0,0.0,1.0,13.807835100966788,14.136593079561235,13.53709323624195,13.914197976394405,18959600.0
2013-05-10,14.48,14.97,14.43,14.95,10867100.0,0.0,1.0,14.001222147198817,14.475020410467286,13.952875385640809,14.45568170584408,10867100.0
2013-05-13,14.87,14.94,14.57,14.68,6814000.0,0.0,1.0,14.37832688735127,14.44601235353248,14.088246318003229,14.194609193430844,6814000.0
2013-05-14,14.66,15.195,14.66,15.14,10511500.0,0.0,1.0,14.17527048880764,14.692580837478316,14.17527048880764,14.639399399764509,10511500.0
2013-05-15,15.1,15.745,14.685,14.9,20363900.0,0.0,1.0,14.600721990518101,15.224395214616392,14.199443869586645,14.407334944286076,20363900.0
2013-05-16,14.9,15.18,14.85,14.86,12563000.0,0.0,1.0,14.407334944286076,14.678076809010914,14.358988182728067,14.368657535039668,12563000.0
2013-05-17,14.9,15.02,14.77,14.94,10834900.0,0.0,1.0,14.407334944286076,14.52336717202529,14.281633364235256,14.44601235353248,10834900.0
2013-05-20,14.93,15.46,14.9299,15.18,6544100.0,0.0,1.0,14.436343001220878,14.948818673735753,14.436246307697763,14.678076809010914,6544100.0
2013-05-21,15.1101,15.63,15.09,15.57,9318500.0,0.0,1.0,14.61048803635282,15.113197663032977,14.5910526382065,15.055181549163368,9318500.0
2013-05-22,15.61,15.7,15.17,15.29,7968700.0,0.0,1.0,15.093858958409774,15.180883129214186,14.668407456699311,14.784439684438528,7968700.0
2013-05-23,15.17,15.62,15.16,15.54,7932300.0,0.0,1.0,14.668407456699311,15.103528310721375,14.65873810438771,15.026173492228564,7932300.0
2013-05-24,15.39,15.625,15.3,15.61,4414200.0,0.0,1.0,14.881133207554543,15.108362986877175,14.79410903675013,15.093858958409774,4414200.0
2013-05-28,15.74,16.11,15.63,15.75,9942600.0,0.0,1.0,15.219560538460591,15.577326573989843,15.113197663032977,15.229229890772194,9942600.0
2013-05-29,15.68,15.68,15.16,15.28,9847000.0,0.0,1.0,15.161544424590984,15.161544424590984,14.65873810438771,14.774770332126927,9847000.0
2013-05-30,15.33,15.33,14.92,14.99,12734500.0,0.0,1.0,14.823117093684935,14.823117093684935,14.426673648909278,14.494359115090488,12734500.0
2013-05-31,14.99,15.03,14.25,14.43,19903700.0,0.0,1.0,14.494359115090488,14.533036524336891,13.778827044031985,13.952875385640809,19903700.0
2013-06-03,14.4,14.68,14.23,14.63,10573400.0,0.0,1.0,13.923867328706006,14.194609193430844,13.759488339408781,14.146262431872838,10573400.0
2013-06-04,14.61,14.65,14.24,14.39,8164700.0,0.0,1.0,14.126923727249634,14.16560113649604,13.769157691720382,13.914197976394405,8164700.0
2013-06-05,14.39,14.42,14.14,14.3,8248200.0,0.0,1.0,13.914197976394405,13.943206033329208,13.67246416860437,13.827173805589991,8248200.0
2013-06-06,14.35,14.65,14.25,14.62,7995900.0,0.0,1.0,13.875520567147998,14.16560113649604,13.778827044031985,14.136593079561235,7995900.0
2013-06-07,14.67,14.85,14.57,14.73,5095900.0,0.0,1.0,14.184939841119242,14.358988182728067,14.088246318003229,14.242955954988851,5095900.0
2013-06-10,14.75,14.77,14.51,14.55,3803600.0,0.0,1.0,14.262294659612055,14.281633364235256,14.03023020413362,14.068907613380027,3803600.0
2013-06-11,14.38,14.48,14.16,14.2,7120700.0,0.0,1.0,13.904528624082802,14.001222147198817,13.691802873227571,13.730480282473977,7120700.0
2013-06-12,14.33,14.42,14.13,14.18,6347300.0,0.0,1.0,13.856181862524796,13.943206033329208,13.662794816292768,13.711141577850775,6347300.0
2013-06-13,14.18,14.53,14.1,14.51,6799300.0,0.0,1.0,13.711141577850775,14.049568908756823,13.633786759357964,14.03023020413362,6799300.0
2013-06-14,14.52,14.69,14.4,14.56,4050100.0,0.0,1.0,14.03989955644522,14.204278545742445,13.923867328706006,14.078576965691628,4050100.0
2013-06-17,14.69,14.84,14.56,14.73,7018300.0,0.0,1.0,14.204278545742445,14.349318830416466,14.078576965691628,14.242955954988851,7018300.0
2013-06-18,14.69,14.815,14.54,14.59,9396800.0,0.0,1.0,14.204278545742445,14.325145449637462,14.059238261068424,14.10758502262643,9396800.0
2013-06-19,14.56,14.65,14.21,14.23,9703100.0,0.0,1.0,14.078576965691628,14.16560113649604,13.74014963478558,13.759488339408781,9703100.0
2013-06-20,14.14,14.19,13.8,13.88,8925800.0,0.0,1.0,13.67246416860437,13.720810930162376,13.343706190009922,13.421061008502733,8925800.0
2013-06-21,13.99,13.99,13.53,13.55,17433200.0,0.0,1.0,13.527423883930348,13.527423883930348,13.082633677596684,13.101972382219888,17433200.0
2013-06-24,13.5,13.56,13.27,13.49,7879800.0,0.0,1.0,13.05362562066188,13.111641734531489,12.831230517495047,13.043956268350279,7879800.0
2013-06-25,13.55,13.835,13.5,13.78,5666900.0,0.0,1.0,13.101972382219888,13.377548923100527,13.05362562066188,13.324367485386718,5666900.0
2013-06-26,13.85,13.93,13.66,13.74,3665000.0,0.0,1.0,13.392052951567928,13.469407770060739,13.208335257647501,13.285690076140312,3665000.0
2013-06-27,13.81,14.22,13.8,14.04,4232900.0,0.0,1.0,13.353375542321523,13.74981898709718,13.343706190009922,13.575770645488355,4232900.0
2013-06-28,13.95,14.35,13.82,14.26,6015200.0,0.0,1.0,13.488746474683941,13.875520567147998,13.363044894633125,13.788496396343586,6015200.0
2013-07-01,14.25,14.43,14.18,14.28,4128100.0,0.0,1.0,13.778827044031985,13.952875385640809,13.711141577850775,13.807835100966788,4128100.0
2013-07-02,14.29,14.4551,14.15,14.32,4504800.0,0.0,1.0,13.817504453278389,13.977145459942928,13.68213352091597,13.846512510213195,4504800.0
2013-07-03,14.23,14.46,14.1401,14.36,1783700.0,0.0,1.0,13.759488339408781,13.981883442575615,13.672560862127485,13.885189919459599,1783700.0
2013-07-05,14.45,14.66,14.34,14.66,2709200.0,0.0,1.0,13.97221409026401,14.17527048880764,13.865851214836397,14.17527048880764,2709200.0
2013-07-08,14.79,14.99,14.33,14.46,7542300.0,0.0,1.0,14.300972068858458,14.494359115090488,13.856181862524796,13.981883442575615,7542300.0
2013-07-09,14.57,14.99,14.49,14.89,7968200.0,0.0,1.0,14.088246318003229,14.494359115090488,14.010891499510418,14.397665591974475,7968200.0
2013-07-10,14.89,15.0,14.8,14.9,3777000.0,0.0,1.0,14.397665591974475,14.504028467402089,14.310641421170061,14.407334944286076,3777000.0
2013-07-11,15.01,15.31,14.97,15.31,4507800.0,0.0,1.0,14.51369781971369,14.803778389061732,14.475020410467286,14.803778389061732,4507800.0
2013-07-12,15.24,15.31,14.9,15.01,5634700.0,0.0,1.0,14.736092922880522,14.803778389061732,14.407334944286076,14.51369781971369,5634700.0
2013-07-15,15.0,15.26,14.99,15.13,6601300.0,0.0,1.0,14.504028467402089,14.755431627503725,14.494359115090488,14.629730047452908,6601300.0
2013-07-16,15.16,15.23,15.03,15.1,3577400.0,0.0,1.0,14.65873810438771,14.72642357056892,14.533036524336891,14.600721990518101,3577400.0
2013-07-17,15.12,15.285,15.01,15.27,3726200.0,0.0,1.0,14.620060695141305,14.77960500828273,14.51369781971369,14.765100979815326,3726200.0
2013-07-18,15.31,15.685,15.3,15.58,8501000.0,0.0,1.0,14.803778389061732,15.166379100746784,14.79410903675013,15.06485090147497,8501000.0
2013-07-19,15.6,15.661,15.485,15.53,6732100.0,0.0,1.0,15.084189606098171,15.14317265519894,14.972992054514755,15.016504139916961,6732100.0
2013-07-22,15.38,15.66,14.89,15.15,8197100.0,0.0,1.0,14.871463855242942,15.14220571996778,14.397665591974475,14.64906875207611,8197100.0
2013-07-23,15.15,15.52,15.15,15.22,4642700.0,0.0,1.0,14.64906875207611,15.00683478760536,14.64906875207611,14.71675421825732,4642700.0
2013-07-24,15.33,15.43,15.13,15.39,5253200.0,0.0,1.0,14.823117093684935,14.919810616800948,14.629730047452908,14.881133207554543,5253200.0
2013-07-25,15.38,15.42,15.09,15.18,4552300.0,0.0,1.0,14.871463855242942,14.910141264489347,14.5910526382065,14.678076809010914,4552300.0
2013-07-26,17.16,17.76,16.86,17.46,41848800.0,0.0,1.0,16.59260856670799,17.172769705404075,16.302527997359945,16.882689136056033,41848800.0
2013-07-29,17.43,18.39,17.38,18.27,20717800.0,0.0,1.0,16.853681079121227,17.781938901034962,16.80533431756322,17.665906673295744,20717800.0
2013-07-30,18.25,18.435,17.92,18.18,9736000.0,0.0,1.0,17.646567968672542,17.825450986437165,17.327479342389697,17.578882502491332,9736000.0
2013-07-31,18.19,18.28,17.94,17.98,8697900.0,0.0,1.0,17.588551854802933,17.675576025607345,17.3468180470129,17.385495456259303,8697900.0
2013-08-01,17.99,18.33,17.62,18.195,7741600.0,0.0,1.0,17.395164808570904,17.72392278716535,17.037398773041655,17.593386530958735,7741600.0
2013-08-02,17.94,18.19,17.4,18.08,11018800.0,0.0,1.0,17.3468180470129,17.588551854802933,16.82467302218642,17.482188979375316,11018800.0
2013-08-05,17.83,17.93,17.6,17.73,6764100.0,0.0,1.0,17.240455171585282,17.337148694701295,17.018060068418453,17.14376164846927,6764100.0
2013-08-06,17.64,17.8,17.17,17.45,11238500.0,0.0,1.0,17.056737477664857,17.21144711465048,16.602277919019592,16.87301978374443,11238500.0
2013-08-07,17.48,17.63,17.37,17.51,4032500.0,0.0,1.0,16.902027840679235,17.047068125353253,16.79566496525162,16.93103589761404,4032500.0
2013-08-08,17.5,17.67,17.27,17.5,6119500.0,0.0,1.0,16.921366545302437,17.085745534599663,16.698971442135605,16.921366545302437,6119500.0
2013-08-09,17.43,17.45,17.14,17.23,5896200.0,0.0,1.0,16.853681079121227,16.87301978374443,16.573269862084786,16.6602940328892,5896200.0
2013-08-12,17.21,17.3,17.04,17.18,5223800.0,0.0,1.0,16.640955328265996,16.72797949907041,16.476576338968773,16.611947271331193,5223800.0
2013-08-13,17.28,17.53,17.16,17.46,8433300.0,0.0,1.0,16.708640794447206,16.950374602237243,16.59260856670799,16.882689136056033,8433300.0
2013-08-14,17.38,17.51,17.31,17.44,8631300.0,0.0,1.0,16.80533431756322,16.93103589761404,16.73764885138201,16.86335043143283,8631300.0
2013-08-15,17.33,17.39,17.09,17.23,6821400.0,0.0,1.0,16.75698755600521,16.815003669874823,16.52492310052678,16.6602940328892,6821400.0
2013-08-16,17.23,17.42,17.17,17.3,6657200.0,0.0,1.0,16.6602940328892,16.844011726809626,16.602277919019592,16.72797949907041,6657200.0
2013-08-19,17.24,17.3,16.785,16.79,5566100.0,0.0,1.0,16.6699633852008,16.72797949907041,16.230007855022937,16.23484253117874,5566100.0
2013-08-20,16.75,16.97,16.58,16.75,5633800.0,0.0,1.0,16.19616512193233,16.408890872787563,16.03178613263511,16.19616512193233,5633800.0
2013-08-21,16.68,16.7501,16.39,16.58,5419500.0,0.0,1.0,16.12847965575112,16.196261815455447,15.848068438714682,16.03178613263511,5419500.0
2013-08-22,16.66,16.935,16.64,16.8,2862200.0,0.0,1.0,16.10914095112792,16.375048139696958,16.089802246504718,16.24451188349034,2862200.0
2013-08-23,16.86,16.89,16.6,16.72,5433800.0,0.0,1.0,16.302527997359945,16.33153605429475,16.051124837258314,16.16715706499753,5433800.0
2013-08-26,16.7,16.72,16.55,16.56,3900900.0,0.0,1.0,16.147818360374323,16.16715706499753,16.002778075700306,16.012447428011903,3900900.0
2013-08-27,16.44,16.46,16.02,16.205,8277700.0,0.0,1.0,15.89641520027269,15.915753904895892,15.49030240318543,15.669185420950054,8277700.0
2013-08-28,16.22,16.5293,16.19,16.39,5259700.0,0.0,1.0,15.683689449417457,15.982762516415288,15.654681392482656,15.848068438714682,5259700.0
2013-08-29,16.36,16.965,16.36,16.75,6665700.0,0.0,1.0,15.819060381779877,16.40405619663176,15.819060381779877,16.19616512193233,6665700.0
2013-08-30,16.76,16.77,16.24,16.32,4946200.0,0.0,1.0,16.205834474243936,16.215503826555533,15.703028154040659,15.780382972533472,4946200.0
2013-09-03,16.81,17.245,16.8,16.98,9502600.0,0.0,1.0,16.25418123580194,16.6747980613566,16.24451188349034,16.418560225099164,9502600.0
2013-09-04,17.02,17.14,16.86,17.1,5578800.0,0.0,1.0,16.45723763434557,16.573269862084786,16.302527997359945,16.534592452838382,5578800.0
2013-09-05,17.02,17.3,17.0,17.17,4691100.0,0.0,1.0,16.45723763434557,16.72797949907041,16.437898929722365,16.602277919019592,4691100.0
2013-09-06,17.31,17.31,16.77,16.97,6169300.0,0.0,1.0,16.73764885138201,16.73764885138201,16.215503826555533,16.408890872787563,6169300.0
2013-09-09,17.06,17.14,16.93,17.04,3344700.0,0.0,1.0,16.495915043591975,16.573269862084786,16.370213463541155,16.476576338968773,3344700.0
2013-09-10,17.34,17.41,16.89,17.15,6717000.0,0.0,1.0,16.766656908316815,16.834342374498025,16.33153605429475,16.582939214396387,6717000.0
2013-09-11,17.22,17.37,17.07,17.185,4624300.0,0.0,1.0,16.650624680577597,16.79566496525162,16.505584395903576,16.61678194748699,4624300.0
2013-09-12,17.14,17.18,16.73,16.9,3760600.0,0.0,1.0,16.573269862084786,16.611947271331193,16.17682641730913,16.341205406606353,3760600.0
2013-09-13,16.99,17.03,16.845,16.97,3520500.0,0.0,1.0,16.428229577410765,16.466906986657172,16.288023968892546,16.408890872787563,3520500.0
2013-09-16,17.18,17.37,17.06,17.25,5934100.0,0.0,1.0,16.611947271331193,16.79566496525162,16.495915043591975,16.679632737512403,5934100.0
2013-09-17,17.32,17.38,17.14,17.16,4227700.0,0.0,1.0,16.747318203693613,16.80533431756322,16.573269862084786,16.59260856670799,4227700.0
2013-09-18,17.08,17.22,16.9,17.15,6842500.0,0.0,1.0,16.515253748215176,16.650624680577597,16.341205406606353,16.582939214396387,6842500.0
2013-09-19,17.0,17.24,16.86,17.101,9290300.0,0.0,1.0,16.437898929722365,16.6699633852008,16.302527997359945,16.53555938806954,9290300.0
2013-09-20,17.24,17.2701,16.96,16.99,10353100.0,0.0,1.0,16.6699633852008,16.69906813565872,16.39922152047596,16.428229577410765,10353100.0
2013-09-23,17.0,17.03,16.84,16.96,4783200.0,0.0,1.0,16.437898929722365,16.466906986657172,16.283189292736743,16.39922152047596,4783200.0
2013-09-24,16.94,17.04,16.875,16.93,4937000.0,0.0,1.0,16.37988281585276,16.476576338968773,16.31703202582735,16.370213463541155,4937000.0
2013-09-25,16.96,17.09,16.855,16.955,5077400.0,0.0,1.0,16.39922152047596,16.52492310052678,16.297693321204147,16.39438684432016,5077400.0
2013-09-26,17.03,17.09,16.9,17.01,3365500.0,0.0,1.0,16.466906986657172,16.52492310052678,16.341205406606353,16.44756828203397,3365500.0
2013-09-27,17.0,17.035,16.76,16.82,3396800.0,0.0,1.0,16.437898929722365,16.47174166281297,16.205834474243936,16.26385058811354,3396800.0
2013-09-30,16.71,16.81,16.49,16.68,4041200.0,0.0,1.0,16.157487712685928,16.25418123580194,15.944761961830695,16.12847965575112,4041200.0
2013-10-01,16.68,16.99,16.65,16.9,5388300.0,0.0,1.0,16.12847965575112,16.428229577410765,16.09947159881632,16.341205406606353,5388300.0
2013-10-02,16.84,16.9,16.58,16.785,4779800.0,0.0,1.0,16.283189292736743,16.341205406606353,16.03178613263511,16.230007855022937,4779800.0
2013-10-03,16.76,16.79,16.595,16.66,5467100.0,0.0,1.0,16.205834474243936,16.23484253117874,16.046290161102508,16.10914095112792,5467100.0
2013-10-04,16.63,16.95,16.6,16.88,4317500.0,0.0,1.0,16.080132894193113,16.38955216816436,16.051124837258314,16.32186670198315,4317500.0
2013-10-07,16.8,16.83,16.48,16.51,3874400.0,0.0,1.0,16.24451188349034,16.273519940425142,15.935092609519096,15.9641006664539,3874400.0
2013-10-08,16.46,16.55,16.255,16.37,7170600.0,0.0,1.0,15.915753904895892,16.002778075700306,15.717532182508062,15.82872973409148,7170600.0
2013-10-09,16.38,16.57,16.25,16.28,5775700.0,0.0,1.0,15.83839908640308,16.022116780323508,15.712697506352262,15.741705563287068,5775700.0
2013-10-10,16.46,17.095,16.39,17.05,13269400.0,0.0,1.0,15.915753904895892,16.52975777668258,15.848068438714682,16.486245691280374,13269400.0
2013-10-11,16.92,17.2,16.87,17.08,8482600.0,0.0,1.0,16.360544111229558,16.631285975954395,16.31219734967155,16.515253748215176,8482600.0
2013-10-14,16.94,17.88,16.93,17.83,10882500.0,0.0,1.0,16.37988281585276,17.28880193314329,16.370213463541155,17.240455171585282,10882500.0
2013-10-15,17.83,17.975,17.67,17.76,10953900.0,0.0,1.0,17.240455171585282,17.380660780103504,17.085745534599663,17.172769705404075,10953900.0
2013-10-16,17.76,17.85,17.3,17.32,6919400.0,0.0,1.0,17.172769705404075,17.259793876208487,16.72797949907041,16.747318203693613,6919400.0
2013-10-17,17.32,17.62,17.3,17.591,5288200.0,0.0,1.0,16.747318203693613,17.037398773041655,16.72797949907041,17.00935765133801,5288200.0
2013-10-18,17.69,17.72,17.29,17.59,5760500.0,0.0,1.0,17.105084239222865,17.134092296157664,16.718310146758807,17.00839071610685,5760500.0
2013-10-21,17.75,17.8,17.395,17.46,4303800.0,0.0,1.0,17.16310035309247,17.21144711465048,16.819838346030622,16.882689136056033,4303800.0
2013-10-22,17.61,17.7,17.44,17.6,5985100.0,0.0,1.0,17.02772942073005,17.114753591534463,16.86335043143283,17.018060068418453,5985100.0
2013-10-23,17.55,17.7,17.37,17.41,5141200.0,0.0,1.0,16.969713306860445,17.114753591534463,16.79566496525162,16.834342374498025,5141200.0
2013-10-24,17.41,17.65,17.22,17.31,6716500.0,0.0,1.0,16.834342374498025,17.066406829976458,16.650624680577597,16.73764885138201,6716500.0
2013-10-25,17.47,17.55,17.255,17.34,5554700.0,0.0,1.0,16.89235848836763,16.969713306860445,16.6844674136682,16.766656908316815,5554700.0
2013-10-28,17.39,17.54,17.16,17.3,8707800.0,0.0,1.0,16.815003669874823,16.96004395454884,16.59260856670799,16.72797949907041,8707800.0
2013-10-29,17.34,17.41,16.58,16.59,31927700.0,0.0,1.0,16.766656908316815,16.834342374498025,16.03178613263511,16.04145548494671,31927700.0
2013-10-30,16.91,17.03,16.5,16.611,14207000.0,0.0,1.0,16.350874758917953,16.466906986657172,15.954431314142298,16.061761124801073,14207000.0
2013-10-31,16.7,16.74,16.54,16.68,23490000.0,0.0,1.0,16.147818360374323,16.18649576962073,15.993108723388703,16.12847965575112,23490000.0
2013-11-01,16.68,17.0,16.57,16.701,6637400.0,0.0,1.0,16.12847965575112,16.437898929722365,16.022116780323508,16.148785295605485,6637400.0
2013-11-04,16.86,16.93,16.73,16.84,5460100.0,0.0,1.0,16.302527997359945,16.370213463541155,16.17682641730913,16.283189292736743,5460100.0
2013-11-05,16.4201,16.59,16.23,16.53,9899400.0,0.0,1.0,15.877173189172604,16.04145548494671,15.69335880172906,15.983439371077102,9899400.0
2013-11-06,16.9,16.97,16.44,16.53,11871900.0,0.0,1.0,16.341205406606353,16.408890872787563,15.89641520027269,15.983439371077102,11871900.0
2013-11-07,16.1,17.07,16.06,16.835,18971500.0,0.0,1.0,15.567657221678243,16.505584395903576,15.528979812431835,16.278354616580945,18971500.0
2013-11-08,16.83,17.18,16.76,17.069,6914100.0,0.0,1.0,16.273519940425142,16.611947271331193,16.205834474243936,16.504617460672417,6914100.0
2013-11-11,16.95,17.02,16.65,16.99,7059200.0,0.0,1.0,16.38955216816436,16.45723763434557,16.09947159881632,16.428229577410765,7059200.0
2013-11-12,16.94,17.19,16.82,17.11,8305900.0,0.0,1.0,16.37988281585276,16.621616623642794,16.26385058811354,16.544261805149983,8305900.0
2013-11-13,17.08,17.34,16.88,17.32,6394400.0,0.0,1.0,16.515253748215176,16.766656908316815,16.32186670198315,16.747318203693613,6394400.0
2013-11-14,17.38,17.71,17.261,17.7,7647600.0,0.0,1.0,16.80533431756322,17.124422943846067,16.690269025055162,17.114753591534463,7647600.0
2013-11-15,17.68,17.81,17.59,17.72,9487100.0,0.0,1.0,17.09541488691126,17.22111646696208,17.00839071610685,17.134092296157664,9487100.0
2013-11-18,17.77,17.77,17.5,17.525,9818800.0,0.0,1.0,17.182439057715673,17.182439057715673,16.921366545302437,16.945539926081437,9818800.0
2013-11-19,17.34,17.42,16.89,16.89,9660200.0,0.0,1.0,16.766656908316815,16.844011726809626,16.33153605429475,16.33153605429475,9660200.0
2013-11-20,17.0,17.27,16.85,17.2,8532500.0,0.0,1.0,16.437898929722365,16.698971442135605,16.292858645048348,16.631285975954395,8532500.0
2013-11-21,17.16,17.41,17.1,17.349,8051700.0,0.0,1.0,16.59260856670799,16.834342374498025,16.534592452838382,16.775359325397257,8051700.0
2013-11-22,17.4,17.4075,17.14,17.21,5515800.0,0.0,1.0,16.82467302218642,16.831925036420124,16.573269862084786,16.640955328265996,5515800.0
2013-11-25,17.43,17.565,17.315,17.41,7232200.0,0.0,1.0,16.853681079121227,16.98421733532785,16.74248352753781,16.834342374498025,7232200.0
2013-11-26,17.26,17.33,17.03,17.1,12840100.0,0.0,1.0,16.689302089824004,16.75698755600521,16.466906986657172,16.534592452838382,12840100.0
2013-11-27,17.04,17.39,17.04,17.09,5708600.0,0.0,1.0,16.476576338968773,16.815003669874823,16.476576338968773,16.52492310052678,5708600.0
2013-11-29,17.27,17.45,17.12,17.21,3720100.0,0.0,1.0,16.698971442135605,16.87301978374443,16.553931157461584,16.640955328265996,3720100.0
2013-12-02,17.33,17.55,17.25,17.33,9685300.0,0.0,1.0,16.75698755600521,16.969713306860445,16.679632737512403,16.75698755600521,9685300.0
2013-12-03,17.26,17.32,17.1,17.12,7545400.0,0.0,1.0,16.689302089824004,16.747318203693613,16.534592452838382,16.553931157461584,7545400.0
2013-12-04,17.11,17.32,17.02,17.25,4583500.0,0.0,1.0,16.544261805149983,16.747318203693613,16.45723763434557,16.679632737512403,4583500.0
2013-12-05,17.18,17.26,16.74,16.78,9271000.0,0.0,1.0,16.611947271331193,16.689302089824004,16.18649576962073,16.225173178867138,9271000.0
2013-12-06,16.85,17.2,16.84,17.2,5259400.0,0.0,1.0,16.292858645048348,16.631285975954395,16.283189292736743,16.631285975954395,5259400.0
2013-12-09,17.17,17.36,17.16,17.3,5011300.0,0.0,1.0,16.602277919019592,16.785995612940017,16.59260856670799,16.72797949907041,5011300.0
2013-12-10,17.25,17.41,17.22,17.32,4641400.0,0.0,1.0,16.679632737512403,16.834342374498025,16.650624680577597,16.747318203693613,4641400.0
2013-12-11,17.44,17.44,16.97,17.01,4044500.0,0.0,1.0,16.86335043143283,16.86335043143283,16.408890872787563,16.44756828203397,4044500.0
2013-12-12,16.94,17.01,16.6,16.66,5023800.0,0.0,1.0,16.37988281585276,16.44756828203397,16.051124837258314,16.10914095112792,5023800.0
2013-12-13,16.75,16.93,16.6,16.77,4956300.0,0.0,1.0,16.19616512193233,16.370213463541155,16.051124837258314,16.215503826555533,4956300.0
2013-12-16,16.81,16.93,16.74,16.74,5393500.0,0.0,1.0,16.25418123580194,16.370213463541155,16.18649576962073,16.18649576962073,5393500.0
2013-12-17,16.71,17.13,16.66,17.06,7362200.0,0.0,1.0,16.157487712685928,16.563600509773185,16.10914095112792,16.495915043591975,7362200.0
2013-12-18,17.03,17.26,16.75,17.18,7980600.0,0.0,1.0,16.466906986657172,16.689302089824004,16.19616512193233,16.611947271331193,7980600.0
2013-12-19,17.16,17.76,17.14,17.66,12732100.0,0.0,1.0,16.59260856670799,17.172769705404075,16.573269862084786,17.07607618228806,12732100.0
2013-12-20,17.66,18.0,17.59,17.87,13735400.0,0.0,1.0,17.07607618228806,17.404834160882505,17.00839071610685,17.27913258083169,13735400.0
2013-12-23,17.95,18.4,17.94,18.15,8192600.0,0.0,1.0,17.3564873993245,17.79160825334656,17.3468180470129,17.549874445556526,8192600.0
2013-12-24,18.08,18.19,17.98,18.17,2268000.0,0.0,1.0,17.482188979375316,17.588551854802933,17.385495456259303,17.56921315017973,2268000.0
2013-12-26,18.2,18.29,17.98,18.08,3318400.0,0.0,1.0,17.598221207114534,17.685245377918946,17.385495456259303,17.482188979375316,3318400.0
2013-12-27,18.11,18.22,17.76,17.82,3125900.0,0.0,1.0,17.511197036310122,17.617559911737736,17.172769705404075,17.23078581927368,3125900.0
2013-12-30,17.79,17.92,17.75,17.8,3299500.0,0.0,1.0,17.201777762338875,17.327479342389697,17.16310035309247,17.21144711465048,3299500.0
2013-12-31,17.8,17.985,17.72,17.83,2886200.0,0.0,1.0,17.21144711465048,17.390330132415105,17.134092296157664,17.240455171585282,2886200.0
2014-01-02,17.91,18.075,17.8,18.07,6620900.0,0.0,1.0,17.317809990078093,17.477354303219517,17.21144711465048,17.472519627063715,6620900.0
2014-01-03,17.8,18.35,17.64,18.29,7194700.0,0.0,1.0,17.21144711465048,17.743261491788555,17.056737477664857,17.685245377918946,7194700.0
2014-01-06,18.38,18.5501,18.07,18.08,5989200.0,0.0,1.0,17.772269548723358,17.9367452315437,17.472519627063715,17.482188979375316,5989200.0
2014-01-07,18.2,18.37,18.0075,18.315,5114400.0,0.0,1.0,17.598221207114534,17.76260019641176,17.412086175116208,17.70941875869795,5114400.0
2014-01-08,18.32,18.43,18.08,18.34,5520400.0,0.0,1.0,17.714253434853752,17.820616310281366,17.482188979375316,17.733592139476954,5520400.0
2014-01-09,18.41,18.45,18.28,18.3,4005100.0,0.0,1.0,17.801277605658164,17.839955014904568,17.675576025607345,17.69491473023055,4005100.0
2014-01-10,18.38,18.39,18.03,18.18,3943300.0,0.0,1.0,17.772269548723358,17.781938901034962,17.43384221781731,17.578882502491332,3943300.0
2014-01-13,18.02,18.27,17.78,17.87,4577400.0,0.0,1.0,17.42417286550571,17.665906673295744,17.192108410027277,17.27913258083169,4577400.0
2014-01-14,17.78,17.78,17.1475,17.49,10833400.0,0.0,1.0,17.192108410027277,17.192108410027277,16.58052187631849,16.911697192990832,10833400.0
2014-01-15,17.56,17.61,17.22,17.39,7357000.0,0.0,1.0,16.979382659172042,17.02772942073005,16.650624680577597,16.815003669874823,7357000.0
2014-01-16,17.37,17.52,17.29,17.33,8097800.0,0.0,1.0,16.79566496525162,16.94070524992564,16.718310146758807,16.75698755600521,8097800.0
2014-01-17,17.35,17.47,16.76,16.96,15311900.0,0.0,1.0,16.776326260628416,16.89235848836763,16.205834474243936,16.39922152047596,15311900.0
2014-01-21,17.02,17.09,16.69,16.79,6330900.0,0.0,1.0,16.45723763434557,16.52492310052678,16.138149008062726,16.23484253117874,6330900.0
2014-01-22,16.85,16.89,16.65,16.74,7998700.0,0.0,1.0,16.292858645048348,16.33153605429475,16.09947159881632,16.18649576962073,7998700.0
2014-01-23,16.63,16.75,16.55,16.67,7209700.0,0.0,1.0,16.080132894193113,16.19616512193233,16.002778075700306,16.118810303439524,7209700.0
2014-01-24,16.64,16.84,16.55,16.67,7897200.0,0.0,1.0,16.089802246504718,16.283189292736743,16.002778075700306,16.118810303439524,7897200.0
2014-01-27,16.705,16.89,16.62,16.67,7575900.0,0.0,1.0,16.152653036530126,16.33153605429475,16.070463541881516,16.118810303439524,7575900.0
2014-01-28,16.67,16.84,16.65,16.69,7202500.0,0.0,1.0,16.118810303439524,16.283189292736743,16.09947159881632,16.138149008062726,7202500.0
2014-01-29,16.78,17.0499,16.68,16.91,8286200.0,0.0,1.0,16.225173178867138,16.486148997757258,16.12847965575112,16.350874758917953,8286200.0
2014-01-30,17.04,17.36,16.93,17.26,5021500.0,0.0,1.0,16.476576338968773,16.785995612940017,16.370213463541155,16.689302089824004,5021500.0
2014-01-31,16.98,17.36,16.92,17.13,8471500.0,0.0,1.0,16.418560225099164,16.785995612940017,16.360544111229558,16.563600509773185,8471500.0
2014-02-03,17.35,17.35,16.905,17.06,7001900.0,0.0,1.0,16.776326260628416,16.776326260628416,16.346040082762155,16.495915043591975,7001900.0
2014-02-04,17.06,17.14,16.8,16.9,5463700.0,0.0,1.0,16.495915043591975,16.573269862084786,16.24451188349034,16.341205406606353,5463700.0
2014-02-05,16.88,16.97,16.64,16.89,5566000.0,0.0,1.0,16.32186670198315,16.408890872787563,16.089802246504718,16.33153605429475,5566000.0
2014-02-06,16.99,17.205,16.95,17.17,7359100.0,0.0,1.0,16.428229577410765,16.636120652110193,16.38955216816436,16.602277919019592,7359100.0
2014-02-07,18.95,19.95,18.78,19.64,29880800.0,0.0,1.0,18.32342263048464,19.29035786164478,18.159043641187417,18.990607939985136,29880800.0
2014-02-10,19.25,19.55,18.95,19.36,16779600.0,0.0,1.0,18.61350319983268,18.903583769180724,18.32342263048464,18.719866075260295,16779600.0
2014-02-11,19.16,19.55,19.0,19.37,8944900.0,0.0,1.0,18.52647902902827,18.903583769180724,18.371769392042644,18.729535427571896,8944900.0
2014-02-12,19.49,19.69,19.24,19.63,8002900.0,0.0,1.0,18.84556765531111,19.038954701543144,18.603833847521077,18.98093858767353,8002900.0
2014-02-13,19.55,19.86,19.48,19.77,7971400.0,0.0,1.0,18.903583769180724,19.203333690840363,18.835898302999514,19.11630952003595,7971400.0
2014-02-14,19.42,19.93,19.295,19.8,9006300.0,0.0,1.0,18.777882189129905,19.271019157021573,18.657015285234888,19.145317576970758,9006300.0
2014-02-18,19.91,20.24,19.85,19.94,6435400.0,0.0,1.0,19.25168045239837,19.570769078681217,19.193664338528766,19.280688509333178,6435400.0
2014-02-19,19.9,20.0,19.57,19.68,7840400.0,0.0,1.0,19.24201110008677,19.338704623202783,18.922922473803926,19.02928534923154,7840400.0
2014-02-20,19.66,19.84,19.59,19.63,5095200.0,0.0,1.0,19.009946644608338,19.18399498621716,18.942261178427128,18.98093858767353,5095200.0
2014-02-21,19.75,19.92,19.7,19.72,7827500.0,0.0,1.0,19.09697081541275,19.261349804709976,19.04862405385474,19.067962758477943,7827500.0
2014-02-24,19.7,19.87,19.63,19.69,6421700.0,0.0,1.0,19.04862405385474,19.213003043151968,18.98093858767353,19.038954701543144,6421700.0
2014-02-25,19.78,19.79,19.37,19.46,5294900.0,0.0,1.0,19.125978872347556,19.135648224659153,18.729535427571896,18.816559598376312,5294900.0
2014-02-26,19.49,19.75,19.33,19.44,4555400.0,0.0,1.0,18.84556765531111,19.09697081541275,18.69085801832549,18.797220893753106,4555400.0
2014-02-27,19.39,19.71,19.39,19.55,2767300.0,0.0,1.0,18.748874132195102,19.058293406166346,18.748874132195102,18.903583769180724,2767300.0
2014-02-28,19.61,19.64,19.23,19.35,4936500.0,0.0,1.0,18.96159988305033,18.990607939985136,18.59416449520948,18.710196722948695,4936500.0
2014-03-03,19.12,19.585,19.03,19.52,4425400.0,0.0,1.0,18.487801619781862,18.93742650227133,18.40077744897745,18.874575712245917,4425400.0
2014-03-04,19.58,19.8,19.58,19.71,6544000.0,0.0,1.0,18.932591826115523,19.145317576970758,18.932591826115523,19.058293406166346,6544000.0
2014-03-05,19.79,20.05,19.65,20.04,6588400.0,0.0,1.0,19.135648224659153,19.38705138476079,19.000277292296733,19.37738203244919,6588400.0
2014-03-06,20.06,20.35,20.01,20.17,4707600.0,0.0,1.0,19.396720737072393,19.677131954108834,19.348373975514388,19.50308361250001,4707600.0
2014-03-07,20.2,20.29,20.03,20.11,5544600.0,0.0,1.0,19.532091669434813,19.619115840239225,19.36771268013759,19.4450674986304,5544600.0
2014-03-10,20.09,20.38,20.01,20.29,4683700.0,0.0,1.0,19.4257287940072,19.706140011043637,19.348373975514388,19.619115840239225,4683700.0
2014-03-11,20.13,20.19,19.82,20.07,5310900.0,0.0,1.0,19.464406203253603,19.522422317123212,19.16465628159396,19.406390089383994,5310900.0
2014-03-12,19.9,20.66,19.84,20.6,7112900.0,0.0,1.0,19.24201110008677,19.976881875768477,19.18399498621716,19.91886576189887,7112900.0
2014-03-13,21.5,21.5,20.5301,20.85,16099900.0,0.0,1.0,20.789107469942994,20.789107469942994,19.851276989240777,20.160599569688905,16099900.0
2014-03-14,20.84,21.31,20.83,21.0,7773000.0,0.0,1.0,20.1509302173773,20.605389776022566,20.1412608650657,20.305639854362923,7773000.0
2014-03-17,21.16,21.5,20.99,21.23,7427900.0,0.2,1.0,20.65309889776728,20.9849539840263,20.48717135463777,20.721422003761784,7427900.0
2014-03-18,21.2,21.35,21.05,21.1,5363800.0,0.0,1.0,20.69214067262128,20.83854732832379,20.545734016918775,20.594536235486277,5363800.0
2014-03-19,21.14,21.26,20.97,21.04,5942600.0,0.0,1.0,20.63357801034028,20.750703334902287,20.467650467210767,20.535973573205272,5942600.0
2014-03-20,21.03,21.14,20.88,20.92,3348800.0,0.0,1.0,20.526213129491772,20.63357801034028,20.379806473789262,20.41884824864327,3348800.0
2014-03-21,21.11,21.23,20.68,20.78,7984100.0,0.0,1.0,20.604296679199777,20.721422003761784,20.18459759951925,20.282202036654258,7984100.0
2014-03-24,20.89,20.98,20.45,20.491,4835400.0,0.0,1.0,20.389566917502766,20.47741091092427,19.960107394108736,20.00012521333409,4835400.0
2014-03-25,20.59,20.74,20.5,20.59,2890200.0,0.0,1.0,20.096753606097746,20.243160261800252,20.00890961267624,20.096753606097746,2890200.0
2014-03-26,20.65,20.86,20.5,20.59,4620100.0,0.0,1.0,20.155316268378748,20.360285586362263,20.00890961267624,20.096753606097746,4620100.0
2014-03-27,20.9,20.9,20.06,20.25,6860200.0,0.0,1.0,20.399327361216262,20.399327361216262,19.57945008928221,19.764898519838724,6860200.0
2014-03-28,20.36,20.6,20.25,20.45,6082000.0,0.0,1.0,19.87226340068723,20.10651404981125,19.764898519838724,19.960107394108736,6082000.0
2014-03-31,20.54,20.63,20.24,20.44,5097900.0,0.0,1.0,20.04795138753024,20.13579538095175,19.755138076125224,19.95034695039524,5097900.0
2014-04-01,20.44,20.72,20.3,20.69,6631400.0,0.0,1.0,19.95034695039524,20.223639374373253,19.81370073840623,20.194358043232754,6631400.0
2014-04-02,20.82,21.03,20.67,20.775,4703000.0,0.0,1.0,20.32124381150826,20.526213129491772,20.17483715580575,20.277321814797507,4703000.0
2014-04-03,20.91,21.02,20.2,20.24,9215900.0,0.0,1.0,20.409087804929765,20.516452685778273,19.71609630127122,19.755138076125224,9215900.0
2014-04-04,20.63,20.725,19.9,20.12,7244300.0,0.0,1.0,20.13579538095175,20.228519596230004,19.423282989866202,19.638012751563217,7244300.0
2014-04-07,19.79,20.08,19.27,19.429,9802100.0,0.0,1.0,19.315918109017698,19.598970976709214,18.808375035915667,18.963566090960324,9802100.0
2014-04-08,19.53,19.875,19.5,19.74,6040400.0,0.0,1.0,19.062146572466684,19.39888188058245,19.03286524132618,19.267115890450192,6040400.0
2014-04-09,19.91,19.94,19.7,19.84,4550200.0,0.0,1.0,19.433043433579705,19.462324764720208,19.22807411559619,19.3647203275852,4550200.0
2014-04-10,19.8,19.85,19.275,19.38,5036900.0,0.0,1.0,19.325678552731198,19.374480771298703,18.813255257772415,18.91573991676417,5036900.0
2014-04-11,19.32,19.36,18.82,19.04,5339800.0,0.0,1.0,18.85717725448317,18.89621902933717,18.36915506880814,18.583884830505152,5339800.0
2014-04-14,19.18,19.3,19.05,19.24,2806200.0,0.0,1.0,18.72053104249416,18.83765636705617,18.59364527421865,18.779093704775164,2806200.0
2014-04-15,19.28,19.29,18.85,19.07,4516200.0,0.0,1.0,18.818135479629166,18.827895923342666,18.398436399948643,18.613166161645655,4516200.0
2014-04-16,19.25,19.49,19.13,19.45,3824800.0,0.0,1.0,18.788854148488664,19.023104797612678,18.671728823926657,18.984063022758676,3824800.0
2014-04-17,19.56,19.79,19.34,19.69,4592700.0,0.0,1.0,19.091427903607183,19.315918109017698,18.87669814191017,19.218313671882694,4592700.0
2014-04-21,19.77,19.93,19.65,19.69,3723000.0,0.0,1.0,19.296397221590695,19.452564321006705,19.179271897028688,19.218313671882694,3723000.0
2014-04-22,19.67,19.96,19.6,19.9,3837200.0,0.0,1.0,19.19879278445569,19.481845652147207,19.130469678461186,19.423282989866202,3837200.0
2014-04-23,19.85,19.86,19.555,19.63,2876100.0,0.0,1.0,19.374480771298703,19.3842412150122,19.08654768175043,19.15975100960169,2876100.0
2014-04-24,19.82,19.99,19.425,19.57,2326500.0,0.0,1.0,19.3451994401582,19.511126983287706,18.959661913474925,19.101188347320683,2326500.0
2014-04-25,19.44,19.53,19.25,19.46,2934700.0,0.0,1.0,18.974302579045176,19.062146572466684,18.788854148488664,18.99382346647218,2934700.0
2014-04-28,19.64,19.64,18.89,19.33,6142300.0,0.0,1.0,19.169511453315188,19.169511453315188,18.437478174802642,18.86693769819667,6142300.0
2014-04-29,19.39,19.7,19.29,19.69,4191900.0,0.0,1.0,18.925500360477674,19.22807411559619,18.827895923342666,19.218313671882694,4191900.0
2014-04-30,19.59,20.04,19.45,20.01,5563400.0,0.0,1.0,19.120709234747686,19.559929201855212,18.984063022758676,19.530647870714713,5563400.0
2014-05-01,19.97,20.17,19.85,19.97,3004000.0,0.0,1.0,19.491606095860707,19.686814970130722,19.374480771298703,19.491606095860707,3004000.0
2014-05-02,20.27,20.305,19.87,19.94,5981000.0,0.0,1.0,19.784419407265727,19.818580960262977,19.394001658725703,19.462324764720208,5981000.0
2014-05-05,19.89,19.9,19.33,19.42,8977300.0,0.0,1.0,19.413522546152706,19.423282989866202,18.86693769819667,18.954781691618177,8977300.0
2014-05-06,19.44,19.49,19.12,19.31,8440300.0,0.0,1.0,18.974302579045176,19.023104797612678,18.661968380213157,18.847416810769666,8440300.0
2014-05-07,20.17,21.06,20.06,21.01,20043000.0,0.0,1.0,19.686814970130722,20.55549446063227,19.57945008928221,20.506692242064773,20043000.0
2014-05-08,20.7,21.31,20.64,20.8,8513500.0,0.0,1.0,20.204118486946253,20.79950555346979,20.145555824665248,20.301722924081258,8513500.0
2014-05-09,20.67,20.815,20.56,20.79,6971000.0,0.0,1.0,20.17483715580575,20.31636358965151,20.067472274957243,20.291962480367758,6971000.0
2014-05-12,20.84,20.95,20.6,20.67,4426800.0,0.0,1.0,20.34076469893526,20.448129579783767,20.10651404981125,20.17483715580575,4426800.0
2014-05-13,20.67,20.7,20.27,20.5,5359700.0,0.0,1.0,20.17483715580575,20.204118486946253,19.784419407265727,20.00890961267624,5359700.0
2014-05-14,20.41,20.48,20.22,20.28,3027500.0,0.0,1.0,19.921065619254733,19.98938872524924,19.73561718869822,19.794179850979226,3027500.0
2014-05-15,20.31,20.31,19.87,20.08,4856400.0,0.0,1.0,19.82346118211973,19.82346118211973,19.394001658725703,19.598970976709214,4856400.0
2014-05-16,20.12,20.4,19.972,20.35,4270000.0,0.0,1.0,19.638012751563217,19.911305175541234,19.49355818460341,19.86250295697373,4270000.0
2014-05-19,20.31,20.99,20.28,20.78,7054200.0,0.0,1.0,19.82346118211973,20.48717135463777,19.794179850979226,20.282202036654258,7054200.0
2014-05-20,20.63,20.91,20.62,20.83,5046200.0,0.0,1.0,20.13579538095175,20.409087804929765,20.12603493723825,20.33100425522176,5046200.0
2014-05-21,20.81,20.89,20.63,20.87,5643000.0,0.0,1.0,20.311483367794757,20.389566917502766,20.13579538095175,20.370046030075763,5643000.0
2014-05-22,20.93,21.0,20.5,20.53,18897500.0,0.0,1.0,20.428608692356764,20.49693179835127,20.00890961267624,20.038190943816744,18897500.0
2014-05-23,20.61,20.7,20.39,20.68,5982300.0,0.0,1.0,20.116274493524745,20.204118486946253,19.901544731827734,20.18459759951925,5982300.0
2014-05-27,20.7,20.77,20.5,20.58,6048100.0,0.0,1.0,20.204118486946253,20.272441592940755,20.00890961267624,20.086993162384243,6048100.0
2014-05-28,20.57,20.615,20.32,20.33,8307900.0,0.0,1.0,20.077232718670746,20.121154715381497,19.83322162583323,19.84298206954673,8307900.0
2014-05-29,20.57,20.81,20.43,20.75,10602400.0,0.0,1.0,20.077232718670746,20.311483367794757,19.940586506681736,20.252920705513755,10602400.0
2014-05-30,20.81,20.83,20.51,20.78,10297200.0,0.0,1.0,20.311483367794757,20.33100425522176,20.01867005638974,20.282202036654258,10297200.0
2014-06-02,20.82,20.82,20.52,20.62,3490900.0,0.0,1.0,20.32124381150826,20.32124381150826,20.02843050010324,20.12603493723825,3490900.0
2014-06-03,20.52,20.78,20.51,20.75,7689700.0,0.0,1.0,20.02843050010324,20.282202036654258,20.01867005638974,20.252920705513755,7689700.0
2014-06-04,20.73,20.85,20.71,20.73,4943000.0,0.0,1.0,20.233399818086756,20.350525142648763,20.213878930659753,20.233399818086756,4943000.0
2014-06-05,20.8,20.81,20.36,20.71,4871500.0,0.0,1.0,20.301722924081258,20.311483367794757,19.87226340068723,20.213878930659753,4871500.0
2014-06-06,20.94,21.0,20.74,20.92,6182900.0,0.0,1.0,20.438369136070268,20.49693179835127,20.243160261800252,20.41884824864327,6182900.0
2014-06-09,20.97,21.35,20.9,21.29,11098700.0,0.0,1.0,20.467650467210767,20.83854732832379,20.399327361216262,20.779984666042786,11098700.0
2014-06-10,21.25,21.48,21.2,21.45,8125200.0,0.0,1.0,20.740942891188787,20.9654330965993,20.69214067262128,20.936151765458796,8125200.0
2014-06-11,21.34,21.57,21.3,21.48,7430100.0,0.0,1.0,20.82878688461029,21.053277090020806,20.78974510975629,20.9654330965993,7430100.0
2014-06-12,21.5,21.61,21.28,21.32,10527200.0,0.0,1.0,20.9849539840263,21.092318864874805,20.77022422232929,20.80926599718329,10527200.0
2014-06-13,21.36,21.51,21.25,21.41,3488300.0,0.0,1.0,20.84830777203729,20.994714427739805,20.740942891188787,20.897109990604797,3488300.0
2014-06-16,21.43,21.55,21.29,21.43,4063600.0,0.0,1.0,20.916630878031796,21.033756202593803,20.779984666042786,20.916630878031796,4063600.0
2014-06-17,21.49,21.85,21.42,21.81,6833800.0,0.0,1.0,20.975193540312798,21.326569513998823,20.906870434318297,21.287527739144817,6833800.0
2014-06-18,21.85,21.98,21.63,21.82,5249700.0,0.0,1.0,21.326569513998823,21.45345528227433,21.111839752301808,21.29728818285832,5249700.0
2014-06-19,21.89,22.08,21.66,22.03,5458100.0,0.0,1.0,21.365611288852826,21.551059719409334,21.14112108344231,21.502257500841836,5458100.0
2014-06-20,22.13,22.22,21.94,22.01,9030300.0,0.0,1.0,21.599861937976836,21.687705931398344,21.414413507420328,21.482736613414833,9030300.0
2014-06-23,22.11,22.15,21.78,22.095,8967100.0,0.0,1.0,21.580341050549837,21.61938282540384,21.258246408004318,21.565700384979586,8967100.0
2014-06-24,22.0,22.21,21.855,21.9,5361700.0,0.0,1.0,21.47297616970133,21.677945487684845,21.33144973585557,21.375371732566325,5361700.0
2014-06-25,21.85,22.1,21.75,22.04,4619600.0,0.0,1.0,21.326569513998823,21.570580606836337,21.228965076863815,21.512017944555332,4619600.0
2014-06-26,21.98,22.07,21.74,21.8,7037400.0,0.0,1.0,21.45345528227433,21.541299275695835,21.219204633150312,21.27776729543132,7037400.0
2014-06-27,21.96,22.4,21.92,21.92,27029000.0,0.0,1.0,21.43393439484733,21.863393918241353,21.39489261999333,21.39489261999333,27029000.0
2014-06-30,21.96,22.36,21.935,22.3,6253800.0,0.0,1.0,21.43393439484733,21.82435214338735,21.409533285563576,21.76578948110635,6253800.0
2014-07-01,22.39,22.63,22.21,22.55,6115300.0,0.0,1.0,21.853633474527854,22.087884123651868,21.677945487684845,22.009800573943863,6115300.0
2014-07-02,22.49,22.59,22.38,22.47,2940900.0,0.0,1.0,21.951237911662858,22.048842348797866,21.843873030814354,21.93171702423586,2940900.0
2014-07-03,22.52,22.78,22.4748,22.67,2590700.0,0.0,1.0,21.98051924280336,22.234290779354378,21.93640203721834,22.126925898505874,2590700.0
2014-07-07,22.52,22.67,22.38,22.59,5359600.0,0.0,1.0,21.98051924280336,22.126925898505874,21.843873030814354,22.048842348797866,5359600.0
2014-07-08,22.5,22.61,22.25,22.31,6643900.0,0.0,1.0,21.96099835537636,22.06836323622487,21.716987262538847,21.77554992481985,6643900.0
2014-07-09,22.4,22.58,22.39,22.52,3946100.0,0.0,1.0,21.863393918241353,22.039081905084366,21.853633474527854,21.98051924280336,3946100.0
2014-07-10,22.29,22.6,22.25,22.44,4512000.0,0.0,1.0,21.756029037392846,22.05860279251137,21.716987262538847,21.90243569309536,4512000.0
2014-07-11,22.44,22.47,22.25,22.44,2219900.0,0.0,1.0,21.90243569309536,21.93171702423586,21.716987262538847,21.90243569309536,2219900.0
2014-07-14,22.58,22.71,22.45,22.59,4389300.0,0.0,1.0,22.039081905084366,22.165967673359876,21.91219613680886,22.048842348797866,4389300.0
2014-07-15,22.53,22.93,22.41,22.75,6532800.0,0.0,1.0,21.990279686516864,22.380697435056888,21.873154361954857,22.205009448213875,6532800.0
2014-07-16,22.85,23.215,22.7,23.02,7605600.0,0.0,1.0,22.302613885348883,22.658870080891653,22.156207229646373,22.468541428478392,7605600.0
2014-07-17,22.88,23.01,22.53,22.57,5353200.0,0.0,1.0,22.331895216489382,22.458780984764893,21.990279686516864,22.029321461370866,5353200.0
2014-07-18,22.79,23.0,22.65,22.93,6472600.0,0.0,1.0,22.244051223067878,22.449020541051393,22.107405011078868,22.380697435056888,6472600.0
2014-07-21,22.85,22.92,22.59,22.79,3046200.0,0.0,1.0,22.302613885348883,22.370936991343388,22.048842348797866,22.244051223067878,3046200.0
2014-07-22,22.93,22.97,22.68,22.94,5397500.0,0.0,1.0,22.380697435056888,22.41973920991089,22.13668634221937,22.390457878770388,5397500.0
2014-07-23,23.07,23.3,22.99,23.12,6227400.0,0.0,1.0,22.517343647045895,22.74183385245641,22.43926009733789,22.5661458656134,6227400.0
2014-07-24,23.2,23.24,23.08,23.19,3188700.0,0.0,1.0,22.6442294153214,22.683271190175404,22.527104090759394,22.634468971607905,3188700.0
2014-07-25,23.1,23.3799,22.91,22.985,4097000.0,0.0,1.0,22.546624978186397,22.81981979772728,22.361176547629885,22.43437987548114,4097000.0
2014-07-28,23.09,23.43,22.91,23.37,6683300.0,0.0,1.0,22.536864534472898,22.868719620731916,22.361176547629885,22.810156958450914,6683300.0
2014-07-29,23.29,23.38,22.92,22.96,6572100.0,0.0,1.0,22.73207340874291,22.819917402164414,22.370936991343388,22.40997876619739,6572100.0
2014-07-30,23.01,23.08,22.77,22.89,6222600.0,0.0,1.0,22.458780984764893,22.527104090759394,22.22453033564088,22.341655660202886,6222600.0
2014-07-31,22.83,22.83,22.12,22.38,6499100.0,0.0,1.0,22.28309299792188,22.28309299792188,21.59010149426334,21.843873030814354,6499100.0
2014-08-01,22.42,22.565,22.25,22.44,4587900.0,0.0,1.0,21.882914805668356,22.02444123951412,21.716987262538847,21.90243569309536,4587900.0
2014-08-04,22.55,22.8,22.46,22.61,7477100.0,0.0,1.0,22.009800573943863,22.25381166678138,21.92195658052236,22.06836323622487,7477100.0
2014-08-05,22.69,22.79,22.22,22.36,6923200.0,0.0,1.0,22.146446785932874,22.244051223067878,21.687705931398344,21.82435214338735,6923200.0
2014-08-06,23.64,23.79,22.54,22.95,9297800.0,0.0,1.0,23.07368893871543,23.220095594417938,22.000040130230364,22.400218322483887,9297800.0
2014-08-07,22.7,22.8899,22.275,22.4,5661700.0,0.0,1.0,22.156207229646373,22.341558055765752,21.741388371822595,21.863393918241353,5661700.0
2014-08-08,22.57,22.72,22.33,22.54,5841000.0,0.0,1.0,22.029321461370866,22.175728117073373,21.79507081224685,22.000040130230364,5841000.0
2014-08-11,22.65,23.17,22.65,22.8,6684600.0,0.0,1.0,22.107405011078868,22.614948084180902,22.107405011078868,22.25381166678138,6684600.0
2014-08-12,22.71,22.93,22.67,22.81,5454900.0,0.0,1.0,22.165967673359876,22.380697435056888,22.126925898505874,22.263572110494877,5454900.0
2014-08-13,23.25,23.25,22.71,23.01,5339200.0,0.0,1.0,22.693031633888907,22.693031633888907,22.165967673359876,22.458780984764893,5339200.0
2014-08-14,23.09,23.34,23.03,23.31,5688600.0,0.0,1.0,22.536864534472898,22.78087562731041,22.478301872191896,22.75159429616991,5688600.0
2014-08-15,23.54,23.54,23.14,23.36,7977500.0,0.0,1.0,22.976084501580424,22.976084501580424,22.5856667530404,22.80039651473741,7977500.0
2014-08-18,23.4,23.5,23.19,23.27,5456200.0,0.0,1.0,22.839438289591413,22.93704272672642,22.634468971607905,22.712552521315907,5456200.0
2014-08-19,23.25,23.25,23.0,23.01,5582000.0,0.0,1.0,22.693031633888907,22.693031633888907,22.449020541051393,22.458780984764893,5582000.0
2014-08-20,23.0,23.22,22.9605,23.08,4251900.0,0.0,1.0,22.449020541051393,22.663750302748404,22.410466788383065,22.527104090759394,4251900.0
2014-08-21,23.06,23.21,23.01,23.16,4233200.0,0.0,1.0,22.507583203332395,22.653989859034905,22.458780984764893,22.605187640467403,4233200.0
2014-08-22,23.28,23.33,23.0,23.13,2820900.0,0.0,1.0,22.72231296502941,22.77111518359691,22.449020541051393,22.5759063093269,2820900.0
2014-08-25,23.22,23.29,23.01,23.04,2679500.0,0.0,1.0,22.663750302748404,22.73207340874291,22.458780984764893,22.488062315905392,2679500.0
2014-08-26,23.1,23.15,22.8,23.01,4546000.0,0.0,1.0,22.546624978186397,22.5954271967539,22.25381166678138,22.458780984764893,4546000.0
2014-08-27,23.07,23.19,23.04,23.19,3209300.0,0.0,1.0,22.517343647045895,22.634468971607905,22.488062315905392,22.634468971607905,3209300.0
2014-08-28,23.04,23.37,23.03,23.35,3419400.0,0.0,1.0,22.488062315905392,22.810156958450914,22.478301872191896,22.790636071023915,3419400.0
2014-08-29,23.38,23.54,23.19,23.54,7153000.0,0.0,1.0,22.819917402164414,22.976084501580424,22.634468971607905,22.976084501580424,7153000.0
2014-09-02,23.53,23.755,23.35,23.74,6068200.0,0.0,1.0,22.966324057866924,23.185934041420687,22.790636071023915,23.171293375850436,6068200.0
2014-09-03,23.77,24.12,23.77,23.945,8350300.0,0.0,1.0,23.20057470699094,23.54219023696346,23.20057470699094,23.3713824719772,8350300.0
2014-09-04,23.9,24.1599,23.76,23.79,4613600.0,0.0,1.0,23.327460475266445,23.581134407380326,23.19081426327744,23.220095594417938,4613600.0
2014-09-05,23.88,24.025,23.65,24.02,4126600.0,0.0,1.0,23.307939587839442,23.4494660216852,23.08344938242893,23.444585799828452,4126600.0
2014-09-08,23.89,23.9997,23.46,23.86,8696900.0,0.0,1.0,23.317700031552945,23.42477209909005,22.89800095187242,23.288418700412443,8696900.0
2014-09-09,23.86,24.0,23.48,23.73,9387100.0,0.0,1.0,23.288418700412443,23.425064912401453,22.91752183929942,23.161532932136936,9387100.0
2014-09-10,24.12,24.18,23.28,23.81,9605700.0,0.0,1.0,23.54219023696346,23.600752899244462,22.72231296502941,23.23961648184494,9605700.0
2014-09-11,23.78,24.08,23.7,23.87,5008400.0,0.0,1.0,23.21033515070444,23.503148462109454,23.132251600996433,23.298179144125946,5008400.0
2014-09-12,23.8,23.87,23.17,23.39,8784900.0,0.0,1.0,23.22985603813144,23.298179144125946,22.614948084180902,22.829677845877917,8784900.0
2014-09-15,23.4,23.48,22.22,22.31,13716900.0,0.0,1.0,22.839438289591413,22.91752183929942,21.687705931398344,21.77554992481985,13716900.0
2014-09-16,22.33,22.52,22.165,22.21,6673300.0,0.0,1.0,21.79507081224685,21.98051924280336,21.63402349097409,21.677945487684845,6673300.0
2014-09-17,22.31,22.41,21.41,21.44,16395400.0,0.0,1.0,21.77554992481985,21.873154361954857,20.897109990604797,20.9263913217453,16395400.0
2014-09-18,21.59,21.87,21.32,21.77,9120600.0,0.0,1.0,21.072797977447806,21.346090401425823,20.80926599718329,21.24848596429082,9120600.0
2014-09-19,21.91,22.0,21.56,21.82,8804700.0,0.0,1.0,21.385132176279825,21.47297616970133,21.043516646307303,21.29728818285832,8804700.0
2014-09-22,21.74,21.82,21.62,21.69,5580800.0,0.0,1.0,21.219204633150312,21.29728818285832,21.10207930858831,21.170402414582814,5580800.0
2014-09-23,21.5,21.63,21.21,21.28,7434400.0,0.0,1.0,20.9849539840263,21.111839752301808,20.701901116334785,20.77022422232929,7434400.0
2014-09-24,21.28,21.375,21.055,21.21,6927253.0,0.0,1.0,20.77022422232929,20.862948437607542,20.550614238775523,20.701901116334785,6927253.0
2014-09-25,21.2,21.21,20.951,21.01,7390431.0,0.0,1.0,20.69214067262128,20.701901116334785,20.449105624155116,20.506692242064773,7390431.0
2014-09-26,21.02,21.37,20.94,21.25,6363974.0,0.0,1.0,20.516452685778273,20.858068215750794,20.438369136070268,20.740942891188787,6363974.0
2014-09-29,21.14,21.23,20.82,20.91,4811601.0,0.0,1.0,20.63357801034028,20.721422003761784,20.32124381150826,20.409087804929765,4811601.0
2014-09-30,20.93,21.06,20.65,20.79,7111662.0,0.0,1.0,20.428608692356764,20.55549446063227,20.155316268378748,20.291962480367758,7111662.0
2014-10-01,20.84,20.87,20.44,20.59,6161345.0,0.0,1.0,20.34076469893526,20.370046030075763,19.95034695039524,20.096753606097746,6161345.0
2014-10-02,20.54,20.62,19.96,20.405,6718766.0,0.0,1.0,20.04795138753024,20.12603493723825,19.481845652147207,19.916185397397985,6718766.0
2014-10-03,20.49,20.79,20.41,20.71,5952536.0,0.0,1.0,19.999149168962738,20.291962480367758,19.921065619254733,20.213878930659753,5952536.0
2014-10-06,20.81,20.81,20.475,20.64,4760307.0,0.0,1.0,20.311483367794757,20.311483367794757,19.98450850339249,20.145555824665248,4760307.0
2014-10-07,20.64,20.64,20.08,20.13,8088518.0,0.0,1.0,20.145555824665248,20.145555824665248,19.598970976709214,19.647773195276717,8088518.0
2014-10-08,20.15,20.73,19.91,20.64,15866720.0,0.0,1.0,19.66729408270372,20.233399818086756,19.433043433579705,20.145555824665248,15866720.0
2014-10-09,20.74,20.74,20.03,20.08,5516639.0,0.0,1.0,20.243160261800252,20.243160261800252,19.550168758141712,19.598970976709214,5516639.0
2014-10-10,19.95,20.08,18.7,18.71,20038218.0,0.0,1.0,19.472085208433707,19.598970976709214,18.25202974424613,18.261790187959633,20038218.0
2014-10-13,18.79,19.035,18.39,18.42,9169784.0,0.0,1.0,18.339873737667634,18.5790046086484,17.949455989127614,17.978737320268117,9169784.0
2014-10-14,18.53,18.74,18.08,18.21,8681891.0,0.0,1.0,18.08610220111662,18.291071519100132,17.64688223400909,17.7737680022846,8681891.0
2014-10-15,18.0,18.74,17.725,18.72,12157267.0,0.0,1.0,17.56879868430109,18.291071519100132,17.300386482179825,18.271550631673133,12157267.0
2014-10-16,18.39,19.34,18.28,18.99,13359076.0,0.0,1.0,17.949455989127614,18.87669814191017,17.842091108279106,18.535082611937646,13359076.0
2014-10-17,19.19,19.44,18.81,18.85,8996122.0,0.0,1.0,18.730291486207662,18.974302579045176,18.359394625094637,18.398436399948643,8996122.0
2014-10-20,18.81,18.92,18.67,18.87,6568899.0,0.0,1.0,18.359394625094637,18.466759505943145,18.22274841310563,18.417957287375643,6568899.0
2014-10-21,19.02,19.24,18.93,19.24,9764377.0,0.0,1.0,18.56436394307815,18.779093704775164,18.476519949656645,18.779093704775164,9764377.0
2014-10-22,19.37,19.37,19.0,19.04,5358061.0,0.0,1.0,18.905979473050674,18.905979473050674,18.54484305565115,18.583884830505152,5358061.0
2014-10-23,19.18,19.25,18.98,19.06,5875385.0,0.0,1.0,18.72053104249416,18.788854148488664,18.52532216822415,18.60340571793215,5875385.0
2014-10-24,19.05,19.35,18.97,19.17,9760130.0,0.0,1.0,18.59364527421865,18.88645858562367,18.515561724510647,18.710770598780663,9760130.0
2014-10-27,19.17,19.25,18.98,18.99,14706533.0,0.0,1.0,18.710770598780663,18.788854148488664,18.52532216822415,18.535082611937646,14706533.0
2014-10-28,19.12,19.32,19.08,19.23,8264476.0,0.0,1.0,18.661968380213157,18.85717725448317,18.622926605359154,18.769333261061664,8264476.0
2014-10-29,19.27,19.41,18.97,19.04,10196585.0,0.0,1.0,18.808375035915667,18.945021247904673,18.515561724510647,18.583884830505152,10196585.0
2014-10-30,19.01,19.63,19.01,19.58,10294614.0,0.0,1.0,18.554603499364653,19.15975100960169,18.554603499364653,19.110948791034183,10294614.0
2014-10-31,19.83,20.005,19.77,19.95,10058199.0,0.0,1.0,19.354959883871697,19.525767648857958,19.296397221590695,19.472085208433707,10058199.0
2014-11-03,20.215,20.38,20.02,20.3,10383671.0,0.0,1.0,19.730736966841473,19.89178428811423,19.540408314428213,19.81370073840623,10383671.0
2014-11-04,20.33,20.45,19.83,19.95,12161891.0,0.0,1.0,19.84298206954673,19.960107394108736,19.354959883871697,19.472085208433707,12161891.0
2014-11-05,21.3,21.5,20.14,20.83,29610846.0,0.0,1.0,20.78974510975629,20.9849539840263,19.65753363899022,20.33100425522176,29610846.0
2014-11-06,20.88,20.93,20.46,20.58,13833698.0,0.0,1.0,20.379806473789262,20.428608692356764,19.96986783782224,20.086993162384243,13833698.0
2014-11-07,20.53,20.855,20.28,20.65,11826215.0,0.0,1.0,20.038190943816744,20.35540536450551,19.794179850979226,20.155316268378748,11826215.0
2014-11-10,20.64,20.96,20.64,20.92,8493955.0,0.0,1.0,20.145555824665248,20.45789002349727,20.145555824665248,20.41884824864327,8493955.0
2014-11-11,21.12,21.16,20.5,20.61,6870904.0,0.0,1.0,20.61405712291328,20.65309889776728,20.00890961267624,20.116274493524745,6870904.0
2014-11-12,20.58,20.7,20.31,20.41,6642039.0,0.0,1.0,20.086993162384243,20.204118486946253,19.82346118211973,19.921065619254733,6642039.0
2014-11-13,20.39,20.41,20.01,20.335,7488364.0,0.0,1.0,19.901544731827734,19.921065619254733,19.530647870714713,19.84786229140348,7488364.0
2014-11-14,20.24,20.26,19.88,20.1,10319824.0,0.0,1.0,19.755138076125224,19.774658963552227,19.403762102439202,19.618491864136217,10319824.0
2014-11-17,20.06,20.16,19.87,19.9,5675527.0,0.0,1.0,19.57945008928221,19.67705452641722,19.394001658725703,19.423282989866202,5675527.0
2014-11-18,19.99,20.18,19.91,20.01,6379753.0,0.0,1.0,19.511126983287706,19.696575413844222,19.433043433579705,19.530647870714713,6379753.0
2014-11-19,20.32,20.32,19.53,19.57,10537886.0,0.0,1.0,19.83322162583323,19.83322162583323,19.062146572466684,19.101188347320683,10537886.0
2014-11-20,20.15,21.13,20.1,21.11,24143175.0,0.0,1.0,19.66729408270372,20.623817566626776,19.618491864136217,20.604296679199777,24143175.0
2014-11-21,21.45,21.49,21.05,21.17,12111698.0,0.0,1.0,20.936151765458796,20.975193540312798,20.545734016918775,20.662859341480782,12111698.0
2014-11-24,21.0,21.34,20.84,21.3,6343618.0,0.0,1.0,20.49693179835127,20.82878688461029,20.34076469893526,20.78974510975629,6343618.0
2014-11-25,21.28,21.86,21.23,21.73,11208897.0,0.0,1.0,20.77022422232929,21.336329957712323,20.721422003761784,21.209444189436816,11208897.0
2014-11-26,21.77,21.88,21.53,21.82,6997324.0,0.0,1.0,21.24848596429082,21.355850845139322,21.014235315166804,21.29728818285832,6997324.0
2014-11-28,21.68,21.85,21.415,21.65,4069476.0,0.0,1.0,21.16064197086931,21.326569513998823,20.901990212461545,21.131360639728808,4069476.0
2014-12-01,21.63,21.63,20.96,21.05,7695727.0,0.0,1.0,21.111839752301808,21.111839752301808,20.45789002349727,20.545734016918775,7695727.0
2014-12-02,21.06,21.185,20.86,21.14,4803864.0,0.0,1.0,20.55549446063227,20.67750000705103,20.360285586362263,20.63357801034028,4803864.0
2014-12-03,21.17,21.54,20.77,21.48,8967595.0,0.0,1.0,20.662859341480782,21.023995758880304,20.272441592940755,20.9654330965993,8967595.0
2014-12-04,21.48,21.98,21.48,21.77,8245885.0,0.0,1.0,20.9654330965993,21.45345528227433,20.9654330965993,21.24848596429082,8245885.0
2014-12-05,21.72,21.87,21.6,21.79,5565649.0,0.0,1.0,21.199683745723313,21.346090401425823,21.08255842116131,21.268006851717818,5565649.0
2014-12-08,21.69,21.77,20.77,20.92,6415769.0,0.0,1.0,21.170402414582814,21.24848596429082,20.272441592940755,20.41884824864327,6415769.0
2014-12-09,20.76,21.03,20.45,20.97,5747013.0,0.0,1.0,20.26268114922726,20.526213129491772,19.960107394108736,20.467650467210767,5747013.0
2014-12-10,20.9,20.9899,20.44,20.49,5381684.0,0.0,1.0,20.399327361216262,20.487073750200633,19.95034695039524,19.999149168962738,5381684.0
2014-12-11,20.5,20.79,20.3,20.34,4787171.0,0.0,1.0,20.00890961267624,20.291962480367758,19.81370073840623,19.85274251326023,4787171.0
2014-12-12,19.54,20.17,19.47,19.9,11742356.0,0.0,1.0,19.07190701618018,19.686814970130722,19.003583910185675,19.423282989866202,11742356.0
2014-12-15,20.1,20.29,19.82,20.02,5744657.0,0.0,1.0,19.618491864136217,19.803940294692726,19.3451994401582,19.540408314428213,5744657.0
2014-12-16,19.85,19.98,19.35,19.38,9767761.0,0.0,1.0,19.374480771298703,19.50136653957421,18.88645858562367,18.91573991676417,9767761.0
2014-12-17,19.43,19.72,19.13,19.67,10997138.0,0.0,1.0,18.964542135331676,19.247595003023193,18.671728823926657,19.19879278445569,10997138.0
2014-12-18,20.05,20.08,19.625,20.04,7861069.0,0.0,1.0,19.569689645568715,19.598970976709214,19.154870787744937,19.559929201855212,7861069.0
2014-12-19,20.11,20.47,20.1,20.25,7881664.0,0.0,1.0,19.628252307849717,19.97962828153574,19.618491864136217,19.764898519838724,7881664.0
2014-12-22,20.36,20.54,20.21,20.3,3569086.0,0.0,1.0,19.87226340068723,20.04795138753024,19.725856744984725,19.81370073840623,3569086.0
2014-12-23,20.42,20.61,20.22,20.23,5391491.0,0.0,1.0,19.930826062968237,20.116274493524745,19.73561718869822,19.745377632411724,5391491.0
2014-12-24,20.32,20.45,20.23,20.35,1613850.0,0.0,1.0,19.83322162583323,19.960107394108736,19.745377632411724,19.86250295697373,1613850.0
2014-12-26,20.45,20.51,20.33,20.42,3085364.0,0.0,1.0,19.960107394108736,20.01867005638974,19.84298206954673,19.930826062968237,3085364.0
2014-12-29,20.38,20.51,20.35,20.36,3216119.0,0.0,1.0,19.89178428811423,20.01867005638974,19.86250295697373,19.87226340068723,3216119.0
2014-12-30,20.31,20.4,20.22,20.24,3521185.0,0.0,1.0,19.82346118211973,19.911305175541234,19.73561718869822,19.755138076125224,3521185.0
2014-12-31,20.26,20.41,20.14,20.15,3449149.0,0.0,1.0,19.774658963552227,19.921065619254733,19.65753363899022,19.66729408270372,3449149.0
2015-01-02,20.24,20.284,19.99,20.13,3234025.0,0.0,1.0,19.755138076125224,19.798084028464626,19.511126983287706,19.647773195276717,3234025.0
2015-01-05,20.14,20.18,19.78,19.85,5008383.0,0.0,1.0,19.65753363899022,19.696575413844222,19.306157665304198,19.374480771298703,5008383.0
2015-01-06,19.88,19.97,19.355,19.48,6390568.0,0.0,1.0,19.403762102439202,19.491606095860707,18.891338807480423,19.01334435389918,6390568.0
2015-01-07,19.59,19.7399,18.86,19.055,16560318.0,0.0,1.0,19.120709234747686,19.26701828601306,18.40819684366214,18.598525496075403,16560318.0
2015-01-08,19.25,19.49,19.14,19.25,17656118.0,0.0,1.0,18.788854148488664,19.023104797612678,18.68148926764016,18.788854148488664,17656118.0
2015-01-09,19.28,19.35,18.86,18.9,8692940.0,0.0,1.0,18.818135479629166,18.88645858562367,18.40819684366214,18.447238618516142,8692940.0
2015-01-12,19.08,19.13,18.6101,18.86,8216684.0,0.0,1.0,18.622926605359154,18.671728823926657,18.16428335526176,18.40819684366214,8216684.0
2015-01-13,19.12,19.15,18.43,18.56,6447514.0,0.0,1.0,18.661968380213157,18.691249711353656,17.988497763981616,18.115383532257123,6447514.0
2015-01-14,18.73,19.02,18.56,18.93,9041325.0,0.0,1.0,18.281311075386633,18.56436394307815,18.115383532257123,18.476519949656645,9041325.0
2015-01-15,18.91,19.0,18.52,18.55,6398358.0,0.0,1.0,18.456999062229645,18.54484305565115,18.07634175740312,18.105623088543624,6398358.0
2015-01-16,19.62,20.3,19.58,20.25,19269558.0,0.0,1.0,19.14999056588819,19.81370073840623,19.110948791034183,19.764898519838724,19269558.0
2015-01-20,20.34,20.34,19.8,20.22,8545298.0,0.0,1.0,19.85274251326023,19.85274251326023,19.325678552731198,19.73561718869822,8545298.0
2015-01-21,20.11,20.18,19.93,20.1,7115604.0,0.0,1.0,19.628252307849717,19.696575413844222,19.452564321006705,19.618491864136217,7115604.0
2015-01-22,20.16,20.6,20.05,20.59,7917589.0,0.0,1.0,19.67705452641722,20.10651404981125,19.569689645568715,20.096753606097746,7917589.0
2015-01-23,20.59,20.83,20.52,20.65,5917984.0,0.0,1.0,20.096753606097746,20.33100425522176,20.02843050010324,20.155316268378748,5917984.0
2015-01-26,20.65,20.87,20.5202,20.835,5989819.0,0.0,1.0,20.155316268378748,20.370046030075763,20.02862570897751,20.335884477078512,5989819.0
2015-01-27,20.7,20.73,20.25,20.47,5034745.0,0.0,1.0,20.204118486946253,20.233399818086756,19.764898519838724,19.97962828153574,5034745.0
2015-01-28,20.73,20.96,20.335,20.67,10122021.0,0.0,1.0,20.233399818086756,20.45789002349727,19.84786229140348,20.17483715580575,10122021.0
2015-01-29,20.6,20.91,20.34,20.745,6818288.0,0.0,1.0,20.10651404981125,20.409087804929765,19.85274251326023,20.248040483657007,6818288.0
2015-01-30,20.61,21.19,20.46,20.895,10933558.0,0.0,1.0,20.116274493524745,20.682380228907782,19.96986783782224,20.394447139359514,10933558.0
2015-02-02,20.9,21.19,20.38,21.125,9339236.0,0.0,1.0,20.399327361216262,20.682380228907782,19.89178428811423,20.61893734477003,9339236.0
2015-02-03,21.2,21.77,21.15,21.66,9711674.0,0.0,1.0,20.69214067262128,21.24848596429082,20.64333845405378,21.14112108344231,9711674.0
2015-02-04,21.6,21.74,21.365,21.52,7529070.0,0.0,1.0,21.08255842116131,21.219204633150312,20.853187993894043,21.0044748714533,7529070.0
2015-02-05,21.67,21.9,21.56,21.82,12289472.0,0.0,1.0,21.150881527155814,21.375371732566325,21.043516646307303,21.29728818285832,12289472.0
2015-02-06,20.5,22.34,20.28,22.105,34843710.0,0.0,1.0,20.00890961267624,21.80483125596035,19.794179850979226,21.57546082869309,34843710.0
2015-02-09,22.01,22.18,21.74,22.04,10617734.0,0.0,1.0,21.482736613414833,21.648664156544342,21.219204633150312,21.512017944555332,10617734.0
2015-02-10,22.07,22.34,21.89,22.28,11818081.0,0.0,1.0,21.541299275695835,21.80483125596035,21.365611288852826,21.74626859367935,11818081.0
2015-02-11,22.33,22.72,22.2,22.66,10172318.0,0.0,1.0,21.79507081224685,22.175728117073373,21.66818504397134,22.11716545479237,10172318.0
2015-02-12,22.71,23.15,22.71,22.94,8652916.0,0.0,1.0,22.165967673359876,22.5954271967539,22.165967673359876,22.390457878770388,8652916.0
2015-02-13,22.94,23.11,22.77,23.11,5291629.0,0.0,1.0,22.390457878770388,22.556385421899897,22.22453033564088,22.556385421899897,5291629.0
2015-02-17,23.05,23.51,22.97,23.49,6657733.0,0.0,1.0,22.497822759618895,22.946803170439924,22.41973920991089,22.927282283012918,6657733.0
2015-02-18,23.41,23.57,23.3,23.41,6257099.0,0.0,1.0,22.849198733304917,23.005365832720926,22.74183385245641,22.849198733304917,6257099.0
2015-02-19,23.29,23.345,23.0001,23.315,7140459.0,0.0,1.0,22.73207340874291,22.78575584916716,22.449118145488526,22.75647451802666,7140459.0
2015-02-20,23.36,23.36,23.09,23.31,5211664.0,0.0,1.0,22.80039651473741,22.80039651473741,22.536864534472898,22.75159429616991,5211664.0
2015-02-23,23.34,23.45,23.11,23.37,3972737.0,0.0,1.0,22.78087562731041,22.88824050815892,22.556385421899897,22.810156958450914,3972737.0
2015-02-24,23.3,23.65,23.21,23.54,3756462.0,0.0,1.0,22.74183385245641,23.08344938242893,22.653989859034905,22.976084501580424,3756462.0
2015-02-25,23.21,23.49,23.2,23.455,5441774.0,0.0,1.0,22.653989859034905,22.927282283012918,22.6442294153214,22.893120730015667,5441774.0
2015-02-26,23.3,23.46,23.09,23.35,6725083.0,0.0,1.0,22.74183385245641,22.89800095187242,22.536864534472898,22.790636071023915,6725083.0
2015-02-27,23.36,23.51,23.21,23.32,4485229.0,0.0,1.0,22.80039651473741,22.946803170439924,22.653989859034905,22.761354739883412,4485229.0
2015-03-02,23.32,23.35,23.08,23.245,7235798.0,0.0,1.0,22.761354739883412,22.790636071023915,22.527104090759394,22.68815141203216,7235798.0
2015-03-03,23.25,23.26,23.05,23.1,5073689.0,0.0,1.0,22.693031633888907,22.70279207760241,22.497822759618895,22.546624978186397,5073689.0
2015-03-04,23.01,23.099,22.71,22.93,5290225.0,0.0,1.0,22.458780984764893,22.54564893381505,22.165967673359876,22.380697435056888,5290225.0
2015-03-05,22.91,23.37,22.9,23.29,5925852.0,0.0,1.0,22.361176547629885,22.810156958450914,22.351416103916385,22.73207340874291,5925852.0
2015-03-06,23.12,23.34,22.965,23.07,4649096.0,0.0,1.0,22.5661458656134,22.78087562731041,22.41485898805414,22.517343647045895,4649096.0
2015-03-09,23.06,23.36,23.01,23.315,5643032.0,0.0,1.0,22.507583203332395,22.80039651473741,22.458780984764893,22.75647451802666,5643032.0
2015-03-10,23.2,23.2,22.62,22.74,5722668.0,0.0,1.0,22.6442294153214,22.6442294153214,22.07812367993837,22.195249004500376,5722668.0
2015-03-11,22.67,22.9,22.44,22.81,3627234.0,0.0,1.0,22.126925898505874,22.351416103916385,21.90243569309536,22.263572110494877,3627234.0
2015-03-12,23.03,23.28,22.77,22.79,6279896.0,0.0,1.0,22.478301872191896,22.72231296502941,22.22453033564088,22.244051223067878,6279896.0
2015-03-13,22.66,23.07,22.66,22.99,5055651.0,0.0,1.0,22.11716545479237,22.517343647045895,22.11716545479237,22.43926009733789,5055651.0
2015-03-16,23.02,23.27,22.99,23.18,3926613.0,0.0,1.0,22.468541428478392,22.712552521315907,22.43926009733789,22.624708527894402,3926613.0
2015-03-17,23.03,23.21,22.95,23.105,3781981.0,0.0,1.0,22.478301872191896,22.653989859034905,22.400218322483887,22.55150520004315,3781981.0
2015-03-18,23.0,23.69,22.95,23.58,4476937.0,0.0,1.0,22.449020541051393,23.122491157282933,22.400218322483887,23.015126276434426,4476937.0
2015-03-19,23.6,23.63,23.07,23.15,4847079.0,0.0,1.0,23.03464716386143,23.063928495001928,22.517343647045895,22.5954271967539,4847079.0
2015-03-20,23.4,23.49,23.25,23.42,6118275.0,0.0,1.0,22.839438289591413,22.927282283012918,22.693031633888907,22.85895917701842,6118275.0
2015-03-23,23.39,23.435,23.12,23.18,4803347.0,0.0,1.0,22.829677845877917,22.873599842588668,22.5661458656134,22.624708527894402,4803347.0
2015-03-24,23.21,23.42,23.0,23.18,4808014.0,0.0,1.0,22.653989859034905,22.85895917701842,22.449020541051393,22.624708527894402,4808014.0
2015-03-25,23.16,23.22,22.665,22.7,6718073.0,0.0,1.0,22.605187640467403,22.663750302748404,22.12204567664912,22.156207229646373,6718073.0
2015-03-26,22.46,22.58,22.31,22.48,5436677.0,0.23,1.0,22.146247061550834,22.264570732405065,21.99834247298304,22.165967673359873,5436677.0
2015-03-27,22.48,22.81,22.3,22.76,3314496.0,0.0,1.0,22.165967673359873,22.491357768209017,21.988482167078523,22.44205623868642,3314496.0
2015-03-30,22.83,23.2,22.83,23.02,3792073.0,0.0,1.0,22.511078380018056,22.875909698485277,22.511078380018056,22.698424192203927,3792073.0
2015-03-31,22.87,22.9,22.5,22.725,5902739.0,0.0,1.0,22.550519603636136,22.580100521349692,22.18568828516891,22.4075451680206,5902739.0
2015-04-01,22.73,22.78,22.28,22.43,4826842.0,0.0,1.0,22.41247532097286,22.461776850495458,21.968761555269484,22.116666143837275,4826842.0
2015-04-02,22.47,22.82,22.416,22.64,2873629.0,0.0,1.0,22.156107367455352,22.501218074113538,22.10286171557095,22.323732567832185,2873629.0
2015-04-06,22.53,22.85,22.43,22.67,3229663.0,0.0,1.0,22.21526920288247,22.530798991827098,22.116666143837275,22.353313485545744,3229663.0
2015-04-07,22.56,23.03,22.51,22.77,2840067.0,0.0,1.0,22.244850120596027,22.708284498108448,22.195548591073432,22.451916544590937,2840067.0
2015-04-08,22.76,23.065,22.67,22.96,5221558.0,0.0,1.0,22.44205623868642,22.742795568774266,22.353313485545744,22.63926235677681,5221558.0
2015-04-09,22.9,23.05,22.75,23.0,3326907.0,0.0,1.0,22.580100521349692,22.728005109917486,22.432195932781898,22.678703580394888,3326907.0
2015-04-10,23.09,23.09,22.8,22.925,3310173.0,0.0,1.0,22.767446333535563,22.767446333535563,22.481497462304496,22.604751286110993,3310173.0
2015-04-13,22.85,23.03,22.78,22.79,1912488.0,0.0,1.0,22.530798991827098,22.708284498108448,22.461776850495458,22.471637156399975,1912488.0
2015-04-14,22.79,22.955,22.62,22.92,3516211.0,0.0,1.0,22.471637156399975,22.63433220382455,22.304011956023146,22.599821133158734,3516211.0
2015-04-15,23.06,23.43,22.895,22.9,5687918.0,0.0,1.0,22.737865415822004,23.102696734289225,22.575170368397433,22.580100521349692,5687918.0
2015-04-16,22.87,23.22,22.72,23.185,3853328.0,0.0,1.0,22.550519603636136,22.895630310294315,22.40261501506834,22.861119239628497,3853328.0
2015-04-17,23.02,23.12,22.735,22.805,2722126.0,0.0,1.0,22.698424192203927,22.797027251249123,22.41740547392512,22.486427615256755,2722126.0
2015-04-20,22.88,23.3,22.84,23.075,3435663.0,0.0,1.0,22.560379909540654,22.974512757530473,22.520938685922577,22.752655874678783,3435663.0
2015-04-21,23.19,23.5,23.11,23.39,3162954.0,0.0,1.0,22.86604939258076,23.171718875620865,22.7871669453446,23.063255510671148,3162954.0
2015-04-22,23.38,23.63,23.37,23.49,4320061.0,0.0,1.0,23.053395204766627,23.299902852379617,23.04353489886211,23.161858569716344,4320061.0
2015-04-23,23.39,23.89,23.38,23.745,3507320.0,0.0,1.0,23.063255510671148,23.556270805897125,23.053395204766627,23.413296370281593,3507320.0
2015-04-24,23.93,24.03,23.8,23.94,4273369.0,0.0,1.0,23.5957120295152,23.694315088560398,23.46752805275645,23.605572335419723,4273369.0
2015-04-27,23.98,24.02,23.65,23.72,3437118.0,0.0,1.0,23.6450135590378,23.684454782655877,23.319623464188656,23.388645605520292,3437118.0
2015-04-28,23.65,23.8,23.37,23.47,4610317.0,0.0,1.0,23.319623464188656,23.46752805275645,23.04353489886211,23.142137957907302,4610317.0
2015-04-29,23.3,23.585,23.1,23.19,6498303.0,0.0,1.0,22.974512757530473,23.25553147580928,22.777306639440084,22.86604939258076,6498303.0
2015-04-30,23.2,23.32,22.625,22.815,7416228.0,0.0,1.0,22.875909698485277,22.99423336933951,22.308942108975405,22.49628792116128,7416228.0
2015-05-01,22.79,23.09,22.79,23.05,3608363.0,0.0,1.0,22.471637156399975,22.767446333535563,22.471637156399975,22.728005109917486,3608363.0
2015-05-04,23.11,23.27,22.92,23.19,3453001.0,0.0,1.0,22.7871669453446,22.944931839816913,22.599821133158734,22.86604939258076,3453001.0
2015-05-05,23.16,23.16,22.71,22.71,4141341.0,0.0,1.0,22.8364684748672,22.8364684748672,22.39275470916382,22.39275470916382,4141341.0
2015-05-06,22.77,23.215,22.66,23.2,8281250.0,0.0,1.0,22.451916544590937,22.890700157342057,22.343453179641223,22.875909698485277,8281250.0
2015-05-07,23.24,24.6,23.13,24.41,15116312.0,0.0,1.0,22.915350922103354,24.25635252511801,22.80688755715364,24.06900671293214,15116312.0
2015-05-08,24.65,25.15,24.53,25.045,8489643.0,0.0,1.0,24.305654054640605,24.798669349866582,24.187330383786374,24.69513613786913,8489643.0
2015-05-11,25.0,25.06,24.62,24.64,5686837.0,0.0,1.0,24.65076476129879,24.709926596725907,24.27607313692705,24.295793748736088,5686837.0
2015-05-12,24.54,24.68,24.27,24.61,5982044.0,0.0,1.0,24.197190689690892,24.335234972354165,23.930962430268867,24.26621283102253,5982044.0
2015-05-13,24.8,24.97,24.575,24.63,3733711.0,0.0,1.0,24.4535586432084,24.621183843585232,24.23170176035671,24.285933442831567,3733711.0
2015-05-14,24.79,25.28,24.72,25.17,5667436.0,0.0,1.0,24.44369833730388,24.926853326625338,24.374676195972242,24.818389961675624,5667436.0
2015-05-15,25.32,25.66,25.15,25.42,8221044.0,0.0,1.0,24.966294550243415,25.30154495099708,24.798669349866582,25.06489760928861,8221044.0
2015-05-18,25.36,25.62,25.285,25.42,3815414.0,0.0,1.0,25.005735773861492,25.262103727379003,24.931783479577597,25.06489760928861,3815414.0
2015-05-19,25.6,25.65,25.36,25.48,3501918.0,0.0,1.0,25.242383115569965,25.29168464509256,25.005735773861492,25.124059444715726,3501918.0
2015-05-20,25.49,25.77,25.4,25.75,4759394.0,0.0,1.0,25.133919750620244,25.410008315946794,25.04517699747957,25.390287704137755,4759394.0
2015-05-21,25.64,25.72,25.46,25.62,4636777.0,0.0,1.0,25.28182433918804,25.360706786424196,25.104338832906688,25.262103727379003,4636777.0
2015-05-22,25.5,25.75,25.38,25.49,2892594.0,0.0,1.0,25.143780056524765,25.390287704137755,25.02545638567053,25.133919750620244,2892594.0
2015-05-26,25.39,25.45,25.17,25.41,3156550.0,0.0,1.0,25.03531669157505,25.094478527002167,24.818389961675624,25.05503730338409,3156550.0
2015-05-27,25.49,25.76,25.33,25.71,3720332.0,0.0,1.0,25.133919750620244,25.400148010042276,24.976154856147932,25.350846480519678,3720332.0
2015-05-28,25.67,25.88,25.56,25.725,4347516.0,0.0,1.0,25.3114052569016,25.518471680896507,25.202941891951884,25.365636939376458,4347516.0
2015-05-29,25.89,25.95,25.19,25.26,7912583.0,0.0,1.0,25.528331986801028,25.587493822228144,24.838110573484663,24.9071327148163,7912583.0
2015-06-01,25.44,25.65,25.15,25.395,4281135.0,0.0,1.0,25.08461822109765,25.29168464509256,24.798669349866582,25.04024684452731,4281135.0
2015-06-02,25.31,25.76,25.27,25.53,3872013.0,0.0,1.0,24.956434244338894,25.400148010042276,24.916993020720817,25.173360974238324,3872013.0
2015-06-03,25.76,26.055,25.665,25.96,5347455.0,0.0,1.0,25.400148010042276,25.6910270342256,25.30647510394934,25.597354128132665,5347455.0
2015-06-04,25.77,26.09,25.61,25.685,3883455.0,0.0,1.0,25.410008315946794,25.725538104891417,25.252243421474482,25.326195715758377,3883455.0
2015-06-05,25.63,25.83,25.55,25.77,2612587.0,0.0,1.0,25.27196403328352,25.46917015137391,25.193081586047366,25.410008315946794,2612587.0
2015-06-08,25.77,25.78,25.23,25.44,6260983.0,0.0,1.0,25.410008315946794,25.419868621851315,24.87755179710274,25.08461822109765,6260983.0
2015-06-09,25.45,25.88,25.2,25.52,7873396.0,0.0,1.0,25.094478527002167,25.518471680896507,24.84797087938918,25.163500668333803,7873396.0
2015-06-10,25.5,25.6,25.15,25.5,5329175.0,0.0,1.0,25.143780056524765,25.242383115569965,24.798669349866582,25.143780056524765,5329175.0
2015-06-11,25.08,25.39,24.93,25.3,13169196.0,0.0,1.0,24.729647208534946,25.03531669157505,24.581742619967155,24.946573938434376,13169196.0
2015-06-12,25.25,25.44,25.06,25.4,8228131.0,0.0,1.0,24.89727240891178,25.08461822109765,24.709926596725907,25.04517699747957,8228131.0
2015-06-15,25.26,25.27,24.48,24.54,11421055.0,0.0,1.0,24.9071327148163,24.916993020720817,24.138028854263776,24.197190689690892,11421055.0
2015-06-16,24.79,24.9,24.65,24.74,8906844.0,0.0,1.0,24.44369833730388,24.552161702253596,24.305654054640605,24.39439680778128,8906844.0
2015-06-17,24.88,24.97,24.675,24.87,6207678.0,0.0,1.0,24.532441090444557,24.621183843585232,24.330304819401906,24.52258078454004,6207678.0
2015-06-18,24.91,25.27,24.9001,25.14,7218090.0,0.0,1.0,24.562022008158117,24.916993020720817,24.55226030531264,24.788809043962065,7218090.0
2015-06-19,25.19,25.2,24.88,25.01,6717098.0,0.0,1.0,24.838110573484663,24.84797087938918,24.532441090444557,24.660625067203313,6717098.0
2015-06-22,25.16,25.26,25.11,25.23,4433610.0,0.0,1.0,24.808529655771103,24.9071327148163,24.759228126248505,24.87755179710274,4433610.0
2015-06-23,25.24,25.47,25.16,25.42,3777164.0,0.0,1.0,24.887412103007257,25.114199138811205,24.808529655771103,25.06489760928861,3777164.0
2015-06-24,25.39,25.56,25.24,25.44,6549141.0,0.0,1.0,25.03531669157505,25.202941891951884,24.887412103007257,25.08461822109765,6549141.0
2015-06-25,25.46,25.65,25.34,25.4,3255127.0,0.0,1.0,25.104338832906688,25.29168464509256,24.986015162052453,25.04517699747957,3255127.0
2015-06-26,25.57,25.65,24.96,25.04,11468757.0,0.0,1.0,25.212802197856405,25.29168464509256,24.611323537680715,24.69020598491687,11468757.0
2015-06-29,24.71,24.87,24.44,24.49,4750117.0,0.0,1.0,24.364815890067725,24.52258078454004,24.0985876306457,24.147889160168294,4750117.0
2015-06-30,24.65,24.68,24.15,24.21,7165565.0,0.0,1.0,24.305654054640605,24.335234972354165,23.81263875941463,23.87180059484175,7165565.0
2015-07-01,24.4,24.96,24.32,24.73,8808510.0,0.0,1.0,24.05914640702762,24.611323537680715,23.980263959791465,24.384536501876763,8808510.0
2015-07-02,24.7,24.75,24.47,24.63,4763244.0,0.0,1.0,24.354955584163203,24.4042571136858,24.128168548359255,24.285933442831567,4763244.0
2015-07-06,24.41,25.005,24.3681,24.82,3735314.0,0.0,1.0,24.06900671293214,24.65569491425105,24.0276920311922,24.473279255017438,3735314.0
2015-07-07,25.01,25.25,24.37,25.05,7117110.0,0.0,1.0,24.660625067203313,24.89727240891178,24.029565489314063,24.70006629082139,7117110.0
2015-07-08,24.84,25.148,24.75,24.8,8783959.0,0.0,1.0,24.492999866826477,24.796697288685678,24.4042571136858,24.4535586432084,8783959.0
2015-07-09,25.09,25.24,24.9,25.125,9880200.0,0.0,1.0,24.739507514439467,24.887412103007257,24.552161702253596,24.774018585105285,9880200.0
2015-07-10,25.37,25.61,25.23,25.36,5420908.0,0.0,1.0,25.015596079766013,25.252243421474482,24.87755179710274,25.005735773861492,5420908.0
2015-07-13,25.54,25.89,25.48,25.885,6138136.0,0.0,1.0,25.183221280142845,25.528331986801028,25.124059444715726,25.52340183384877,6138136.0
2015-07-14,25.82,26.21,25.68,26.06,9131975.0,0.0,1.0,25.45930984546939,25.84386177574565,25.32126556280612,25.695957187177857,9131975.0
2015-07-15,25.94,26.09,25.56,25.765,5554674.0,0.0,1.0,25.577633516323626,25.725538104891417,25.202941891951884,25.405078162994535,5554674.0
2015-07-16,25.89,26.0,25.74,25.85,3601681.0,0.0,1.0,25.528331986801028,25.63679535175074,25.380427398233234,25.48889076318295,3601681.0
2015-07-17,25.98,26.02,25.64,25.81,3550175.0,0.0,1.0,25.617074739941703,25.65651596355978,25.28182433918804,25.44944953956487,3550175.0
2015-07-20,25.81,26.4099,25.76,26.25,6105309.0,0.0,1.0,25.44944953956487,26.040969290777,25.400148010042276,25.883302999363732,6105309.0
2015-07-21,26.25,26.45,26.08,26.09,4711078.0,0.0,1.0,25.883302999363732,26.08050911745412,25.715677798986896,25.725538104891417,4711078.0
2015-07-22,25.99,26.09,25.84,25.95,3259589.0,0.0,1.0,25.62693504584622,25.725538104891417,25.47903045727843,25.587493822228144,3259589.0
2015-07-23,25.95,26.255,25.81,25.94,3525450.0,0.0,1.0,25.587493822228144,25.88823315231599,25.44944953956487,25.577633516323626,3525450.0
2015-07-24,26.03,26.27,25.84,26.18,5567585.0,0.0,1.0,25.6663762694643,25.90302361117277,25.47903045727843,25.81428085803209,5567585.0
2015-07-27,26.04,26.1004,25.5,25.61,8092676.0,0.0,1.0,25.67623657536882,25.735792823032117,25.143780056524765,25.252243421474482,8092676.0
2015-07-28,25.8,25.87,25.38,25.71,4401152.0,0.0,1.0,25.439589233660353,25.50861137499199,25.02545638567053,25.350846480519678,4401152.0
2015-07-29,25.62,26.03,25.5,25.98,3334432.0,0.0,1.0,25.262103727379003,25.6663762694643,25.143780056524765,25.617074739941703,3334432.0
2015-07-30,25.85,26.18,25.7075,26.06,5150618.0,0.0,1.0,25.48889076318295,25.81428085803209,25.348381404043547,25.695957187177857,5150618.0
2015-07-31,26.04,26.14,25.66,25.79,5169751.0,0.0,1.0,25.67623657536882,25.774839634414015,25.30154495099708,25.429728927755832,5169751.0
2015-08-03,25.88,25.985,25.33,25.52,5906582.0,0.0,1.0,25.518471680896507,25.622004892893962,24.976154856147932,25.163500668333803,5906582.0
2015-08-04,25.57,25.835,25.44,25.67,8484648.0,0.0,1.0,25.212802197856405,25.47410030432617,25.08461822109765,25.3114052569016,8484648.0
2015-08-05,27.73,29.2,27.68,28.71,24962169.0,0.0,1.0,27.34262827323262,28.792093241196987,27.293326743710022,28.30893825187553,24962169.0
2015-08-06,28.8,29.0798,28.49,28.71,9292958.0,0.0,1.0,28.397681005016207,28.67357236422466,28.0920115219761,28.30893825187553,9292958.0
2015-08-07,28.66,28.83,28.24,28.78,6946079.0,0.0,1.0,28.259636722352933,28.427261922729762,27.84550387436311,28.377960393207168,6946079.0
2015-08-10,28.88,29.18,28.79,28.81,5999578.0,0.0,1.0,28.47656345225236,28.77237262938795,28.387820699111685,28.407541310920724,5999578.0
2015-08-11,28.6,28.855,28.27,28.46,6280302.0,0.0,1.0,28.200474886925818,28.451912687491063,27.875084792076674,28.062430604262545,6280302.0
2015-08-12,28.21,28.76,27.82,28.66,8297939.0,0.0,1.0,27.815922956649555,28.35823978139813,27.431371026373295,28.259636722352933,8297939.0
2015-08-13,28.57,29.06,28.42,28.85,7351658.0,0.0,1.0,28.17089396921226,28.654048958533714,28.022989380644468,28.446982534538805,7351658.0
2015-08-14,28.74,28.89,28.47,28.68,2597565.0,0.0,1.0,28.338519169589087,28.48642375815688,28.072290910167062,28.279357334161972,2597565.0
2015-08-17,28.68,29.42,28.44,29.3,5885559.0,0.0,1.0,28.279357334161972,29.009019971096418,28.042709992453506,28.890696300242183,5885559.0
2015-08-18,29.5,29.7,29.09,29.22,4311950.0,0.0,1.0,29.087902418332572,29.285108536422964,28.683629876247274,28.811813853006026,4311950.0
2015-08-19,29.21,29.34,28.76,28.98,4980323.0,0.0,1.0,28.80195354710151,28.93013752386026,28.35823978139813,28.57516651129756,4980323.0
2015-08-20,28.64,28.73,27.93,27.98,5904027.0,0.0,1.0,28.239916110543895,28.32865886368457,27.53983439132301,27.589135920845607,5904027.0
2015-08-21,27.54,27.765,27.17,27.22,8386719.0,0.0,1.0,27.155282461046745,27.37713934389844,26.790451142579528,26.839752672102122,8386719.0
2015-08-24,25.01,27.07,24.04,26.16,8461337.0,0.0,1.0,24.660625067203313,26.69184808353433,23.704175394464915,25.794560246223053,8461337.0
2015-08-25,27.35,27.35,26.03,26.18,6895740.0,0.0,1.0,26.967936648860878,26.967936648860878,25.6663762694643,25.81428085803209,6895740.0
2015-08-26,26.86,27.405,26.16,27.29,8077574.0,0.0,1.0,26.48478165953942,27.022168331335735,25.794560246223053,26.90877481343376,8077574.0
2015-08-27,27.52,28.33,27.25,27.93,7476200.0,0.0,1.0,27.135561849237707,27.93424662750379,26.86933358981568,27.53983439132301,7476200.0
2015-08-28,29.74,30.0,28.91,29.22,133082393.0,0.0,1.0,29.32454976004104,29.58091771355855,28.50614436996592,28.811813853006026,133082393.0
2015-08-31,29.34,29.35,28.54,28.63,13981125.0,0.0,1.0,28.93013752386026,28.93999782976478,28.1413130514987,28.230055804639374,13981125.0
2015-09-01,27.86,28.28,27.51,27.86,12062804.0,0.0,1.0,27.470812249991372,27.884945097981195,27.12570154333319,27.470812249991372,12062804.0
2015-09-02,28.75,28.77,27.99,28.37,14410503.0,0.0,1.0,28.34837947549361,28.368100087302647,27.598996226750124,27.97368785112187,14410503.0
2015-09-03,28.38,29.04,28.38,28.6,10380589.0,0.0,1.0,27.983548157026387,28.634328346724676,27.983548157026387,28.200474886925818,10380589.0
2015-09-04,28.21,28.72,27.97,28.1,10456803.0,0.0,1.0,27.815922956649555,28.31879855778005,27.579275614941086,27.70745959169984,10456803.0
2015-09-08,28.63,28.89,28.35,28.87,8110654.0,0.0,1.0,28.230055804639374,28.48642375815688,27.95396723931283,28.466703146347843,8110654.0
2015-09-09,29.1,29.24,28.62,28.69,6723929.0,0.0,1.0,28.693490182151795,28.831534464815064,28.220195498734856,28.289217640066493,6723929.0
2015-09-10,28.51,29.26,28.35,29.06,5553796.0,0.0,1.0,28.111732133785143,28.851255076624106,27.95396723931283,28.654048958533714,5553796.0
2015-09-11,28.83,29.16,28.51,29.15,4479854.0,0.0,1.0,28.427261922729762,28.75265201757891,28.111732133785143,28.74279171167439,4479854.0
2015-09-14,29.15,29.28,28.98,29.21,4787739.0,0.0,1.0,28.74279171167439,28.870975688433145,28.57516651129756,28.80195354710151,4787739.0
2015-09-15,29.33,30.08,29.27,29.8,8044607.0,0.0,1.0,28.92027721795574,29.659800160794703,28.861115382528624,29.38371159546816,8044607.0
2015-09-16,29.8,30.59,29.79,30.52,8173607.0,0.0,1.0,29.38371159546816,30.1626757619252,29.37385128956364,30.093653620593564,8173607.0
2015-09-17,30.37,31.47,30.37,30.97,10016800.0,0.0,1.0,29.945749032025773,31.030382681522916,29.945749032025773,30.53736738629694,10016800.0
2015-09-18,30.61,31.24,30.47,31.1,11173055.0,0.0,1.0,30.18239637373424,30.803595645718968,30.044352091070966,30.665551363055698,11173055.0
2015-09-21,31.11,31.65,31.11,31.52,8411014.0,0.0,1.0,30.675411668960216,31.207868187804266,30.675411668960216,31.079684211045514,8411014.0
2015-09-22,31.26,31.46,31.1,31.41,8119758.0,0.0,1.0,30.82331625752801,31.0205223756184,30.665551363055698,30.9712208460958,8119758.0
2015-09-23,31.33,31.69,31.0,31.62,7787995.0,0.0,1.0,30.892338398859643,31.24730941142235,30.566948304010502,31.17828727009071,7787995.0
2015-09-24,31.36,31.7,30.97,31.49,9845086.0,0.0,1.0,30.921919316573202,31.257169717326867,30.53736738629694,31.050103293331954,9845086.0
2015-09-25,31.71,32.5,31.59,32.06,12107866.0,0.0,1.0,31.26703002323139,32.04599418968843,31.14870635237715,31.61214072988957,12107866.0
2015-09-28,32.22,32.45,31.2,31.31,12009837.0,0.0,1.0,31.76990562436188,31.996692660165834,30.76415442210089,30.872617787050604,12009837.0
2015-09-29,31.25,31.27,30.31,30.66,11385233.0,0.0,1.0,30.81345595162349,30.833176563432527,29.886587196598654,30.231697903256837,11385233.0
2015-09-30,31.01,31.24,30.43,30.89,9184067.0,0.0,1.0,30.576808609915023,30.803595645718968,30.00491086745289,30.458484939060785,9184067.0
2015-10-01,31.39,31.46,30.62,30.9,8515698.0,0.0,1.0,30.951500234286762,31.0205223756184,30.19225667963876,30.468345244965302,8515698.0
2015-10-02,30.57,31.46,30.2499,31.46,9430193.0,0.0,1.0,30.142955150116162,31.0205223756184,29.82732675811249,31.0205223756184,9430193.0
2015-10-05,31.82,32.06,31.55,31.97,8559055.0,0.0,1.0,31.375493388181102,31.61214072988957,31.109265128759073,31.523397976748893,8559055.0
2015-10-06,31.85,32.24,31.51,31.91,6647183.0,0.0,1.0,31.40507430589466,31.78962623617092,31.069823905140996,31.464236141321777,6647183.0
2015-10-07,32.08,32.29,31.375,31.94,6744292.0,0.0,1.0,31.631861341698606,31.838927765693516,30.936709775429982,31.493817059035337,6744292.0
2015-10-08,31.76,31.85,31.01,31.73,8725393.0,0.0,1.0,31.316331552753987,31.40507430589466,30.576808609915023,31.286750635040427,8725393.0
2015-10-09,31.63,32.09,31.33,32.07,6320990.0,0.0,1.0,31.188147575995227,31.64172164760313,30.892338398859643,31.62200103579409,6320990.0
2015-10-12,31.88,32.9,31.81,32.58,5200235.0,0.0,1.0,31.434655223608218,32.440406425869206,31.36563308227658,32.12487663692458,5200235.0
2015-10-13,32.5,33.19,32.1995,32.88,12662717.0,0.0,1.0,32.04599418968843,32.72635529710027,31.749691997257617,32.42068581406017,12662717.0
2015-10-14,32.77,33.41,32.68,33.02,9087828.0,0.0,1.0,32.31222244911046,32.943282026999704,32.22347969596978,32.558730096723444,9087828.0
2015-10-15,33.18,33.81,32.97,33.8,10559262.0,0.0,1.0,32.71649499119575,33.33769426318049,32.50942856720084,33.32783395727596,10559262.0
2015-10-16,34.06,34.31,33.79,34.17,7672166.0,0.0,1.0,33.584201910793475,33.83070955840646,33.317973651371446,33.69266527574319,7672166.0
2015-10-19,33.94,34.17,33.34,33.75,5443150.0,0.0,1.0,33.46587823993924,33.69266527574319,32.87425988566807,33.27853242775337,5443150.0
2015-10-20,33.76,33.85,33.49,33.82,5393724.0,0.0,1.0,33.288392733657886,33.377135486798565,33.022164474235865,33.347554569085005,5393724.0
2015-10-21,34.0,34.11,33.67,33.78,4702528.0,0.0,1.0,33.525040075366356,33.63350344031607,33.199649980517215,33.30811334546693,4702528.0
2015-10-22,33.88,35.13,33.88,34.75,9641637.0,0.0,1.0,33.406716404512125,34.639254642577065,33.406716404512125,34.26456301820532,9641637.0
2015-10-23,35.26,35.44,34.75,34.9,9147904.0,0.0,1.0,34.76743861933581,34.94492412561716,34.26456301820532,34.41246760677311,9147904.0
2015-10-26,35.01,35.05,34.755,34.88,3783096.0,0.0,1.0,34.52093097172283,34.5603721953409,34.269493171157585,34.39274699496408,3783096.0
2015-10-27,34.9,35.13,34.69,34.88,6001039.0,0.0,1.0,34.41246760677311,34.639254642577065,34.205401182778196,34.39274699496408,6001039.0
2015-10-28,35.0,35.41,34.8001,35.28,6129791.0,0.0,1.0,34.51107066581831,34.915343207903604,34.31396315078696,34.787159231144855,6129791.0
2015-10-29,35.2,35.391,34.52,34.99,5697406.0,0.0,1.0,34.7082767839087,34.896608626685016,34.03777598240137,34.50121035991379,5697406.0
2015-10-30,34.84,35.2,34.2,34.76,8679049.0,0.0,1.0,34.353305771346,34.7082767839087,33.72224619345675,34.27442332410984,8679049.0
2015-11-02,34.25,34.86,33.83,34.57,7385270.0,0.0,1.0,33.77154772297934,34.373026383155036,33.35741487498952,34.087077511923965,7385270.0
2015-11-03,33.35,37.8,32.39,35.82,43548416.0,0.0,1.0,32.884120191572585,37.27195631908377,31.937530824738715,35.319615749988905,43548416.0
2015-11-04,36.15,37.56,36.01,36.99,17829454.0,0.0,1.0,35.64500584483805,37.03530897737531,35.50696156217477,36.47327154081769,17829454.0
2015-11-05,37.45,37.86,36.76,37.36,10398122.0,0.0,1.0,36.92684561242559,37.33111815451089,36.24648450501374,36.83810285928491,10398122.0
2015-11-06,37.77,37.77,34.85,35.0,20663225.0,0.0,1.0,37.24237540137022,37.24237540137022,34.36316607725052,34.51107066581831,20663225.0
2015-11-09,35.3,35.87,33.71,34.05,15949053.0,0.0,1.0,34.80687984295389,35.3689172795115,33.23909120413529,33.57434160488895,15949053.0
2015-11-10,33.85,33.95,33.32,33.86,8898434.0,0.0,1.0,33.377135486798565,33.47573854584376,32.854539273859025,33.38699579270308,8898434.0
2015-11-11,34.35,34.89,33.58,34.57,8541720.0,0.0,1.0,33.87015078202454,34.402607300868596,33.110907227376536,34.087077511923965,8541720.0
2015-11-12,34.61,35.51,34.61,35.01,9767267.0,0.0,1.0,34.12651873554204,35.0139462669488,34.12651873554204,34.52093097172283,9767267.0
2015-11-13,34.78,35.01,34.18,34.59,6818394.0,0.0,1.0,34.29414393591888,34.52093097172283,33.702525581647706,34.10679812373301,6818394.0
2015-11-16,34.49,35.1,33.78,34.95,8677161.0,0.0,1.0,34.00819506468781,34.609673724863505,33.30811334546693,34.461769136295715,8677161.0
2015-11-17,34.97,36.24,34.85,36.12,9976347.0,0.0,1.0,34.48148974810475,35.73374859797873,34.36316607725052,35.615424927124494,9976347.0
2015-11-18,36.23,36.95,35.82,36.87,8259283.0,0.0,1.0,35.72388829207421,36.433830317199615,35.319615749988905,36.35494786996345,8259283.0
2015-11-19,37.0,37.57,36.92,37.01,5265007.0,0.0,1.0,36.48313184672221,37.045169283279826,36.404249399486055,36.49299215262673,5265007.0
2015-11-20,37.1,38.03,36.61,37.51,8262190.0,0.0,1.0,36.581734905767405,37.49874335488772,36.09857991644595,36.98600744785271,8262190.0
2015-11-23,37.32,37.58,36.53,37.35,8400834.0,0.0,1.0,36.79866163566683,37.05502958918434,36.019697469209795,36.82824255338039,8400834.0
2015-11-24,37.18,37.28,36.511,36.84,5809896.0,0.0,1.0,36.66061735300356,36.759220412048755,36.00096288799121,36.3253669522499,5809896.0
2015-11-25,37.02,37.46,36.7541,37.23,4218150.0,0.0,1.0,36.50285245853125,36.93670591833011,36.240666924530075,36.70991888252615,4218150.0
2015-11-27,37.2,37.4,37.15,37.24,1369310.0,0.0,1.0,36.6803379648126,36.877544082902986,36.63103643529,36.71977918843068,1369310.0
2015-11-30,37.45,37.68,36.69,37.66,7971400.0,0.0,1.0,36.92684561242559,37.15363264822954,36.1774623636821,37.1339120364205,7971400.0
2015-12-01,37.86,38.76,37.845,38.57,8410273.0,0.0,1.0,37.33111815451089,38.21854568591764,37.31632769565411,38.03119987373177,8410273.0
2015-12-02,38.57,39.0,38.28,38.38,5560609.0,0.0,1.0,38.03119987373177,38.455193027626116,37.74525100250071,37.843854061545905,5560609.0
2015-12-03,38.63,38.93,37.36,37.62,7660826.0,0.0,1.0,38.09036170915889,38.38617088629448,36.83810285928491,37.09447081280242,7660826.0
2015-12-04,37.56,38.98,37.54,38.89,5040644.0,0.0,1.0,37.03530897737531,38.435472415817074,37.015588365566266,38.3467296626764,5040644.0
2015-12-07,38.92,39.03,38.39,38.69,6738376.0,0.0,1.0,38.37631058038996,38.484773945339676,37.85371436745042,38.149523544586,6738376.0
2015-12-08,38.33,39.46,38.13,39.36,5634239.0,0.0,1.0,37.7945525320233,38.90876709923401,37.59734641393292,38.810164040188816,5634239.0
2015-12-09,39.2,39.35,37.861,38.59,7247767.0,0.0,1.0,38.65239914571651,38.8003037342843,37.332104185101336,38.050920485540814,7247767.0
2015-12-10,38.71,38.82,38.075,38.38,5209996.0,0.0,1.0,38.169244156395045,38.277707521344766,37.54311473145806,37.843854061545905,5209996.0
2015-12-11,37.76,38.26,36.76,37.22,10795318.0,0.0,1.0,37.23251509546569,37.72553039069167,36.24648450501374,36.700058576621636,10795318.0
2015-12-14,37.27,38.0,36.89,37.96,5685599.0,0.0,1.0,36.74936010614424,37.46916243717416,36.374668481772495,37.429721213556086,5685599.0
2015-12-15,38.33,39.55,38.24,38.71,7958940.0,0.0,1.0,37.7945525320233,38.997509852374684,37.70580977888263,38.169244156395045,7958940.0
2015-12-16,38.94,39.43,38.139,39.21,6277269.0,0.0,1.0,38.396031192199,38.87918618152045,37.60622068924699,38.662259451621026,6277269.0
2015-12-17,39.36,39.8,38.85,38.87,7383256.0,0.0,1.0,38.810164040188816,39.24401749998767,38.307288439058325,38.32700905086736,7383256.0
2015-12-18,38.47,39.13,38.31,38.47,12538966.0,0.0,1.0,37.932596814686576,38.58337700438487,37.77483192021427,37.932596814686576,12538966.0
2015-12-21,38.86,39.29,38.1,38.74,5771100.0,0.0,1.0,38.31714874496284,38.74114189885718,37.56776549621936,38.198825074108605,5771100.0
2015-12-22,39.56,39.78,38.79,39.21,4134623.0,0.0,1.0,39.00737015827921,39.224296888178635,38.2481266036312,38.662259451621026,4134623.0
2015-12-23,39.38,39.45,37.6001,38.84,5419238.0,0.0,1.0,38.82988465199786,38.898906793329495,37.07484880405242,38.29742813315381,5419238.0
2015-12-24,38.94,39.11,38.53,38.92,1927605.0,0.0,1.0,38.396031192199,38.56365639257583,37.991758650113695,38.37631058038996,1927605.0
2015-12-28,38.76,39.03,38.26,39.03,3299545.0,0.0,1.0,38.21854568591764,38.484773945339676,37.72553039069167,38.484773945339676,3299545.0
2015-12-29,39.34,39.93,39.23,39.58,4996824.0,0.0,1.0,38.79044342837978,39.372201476746426,38.68198006343006,39.02709077008824,4996824.0
2015-12-30,39.57,39.735,39.35,39.43,2852772.0,0.0,1.0,39.017230464183726,39.179925511608296,38.8003037342843,38.87918618152045,2852772.0
2015-12-31,39.24,39.38,38.52,38.71,5023624.0,0.0,1.0,38.691840369334585,38.82988465199786,37.98189834420918,38.169244156395045,5023624.0
2016-01-04,38.05,38.09,36.98,37.62,8926113.0,0.0,1.0,37.51846396669676,37.55790519031484,36.46341123491317,37.09447081280242,8926113.0
2016-01-05,37.79,37.8913,36.94,37.14,11150973.0,0.0,1.0,37.26209601317925,37.361980911992035,36.42397001129509,36.62117612938548,11150973.0
2016-01-06,36.32,36.8,36.08,36.79,17867263.0,0.0,1.0,35.812631045214886,36.28592572863182,35.57598370350641,36.2760654227273,17867263.0
2016-01-07,35.79,37.01,35.43,36.27,10489201.0,0.0,1.0,35.290034832275346,36.49299215262673,34.935063819712646,35.76332951569229,10489201.0
2016-01-08,36.79,36.8,35.54,35.71,8412722.0,0.0,1.0,36.2760654227273,36.28592572863182,35.04352718466236,35.21115238503919,8412722.0
2016-01-11,35.9,36.6499,35.79,36.21,8152172.0,0.0,1.0,35.39849819722506,36.13792253700498,35.290034832275346,35.70416768026517,8152172.0
2016-01-12,36.65,37.8325,36.53,37.12,6984474.0,0.0,1.0,36.138021140064026,37.304002313273465,36.019697469209795,36.60145551757644,6984474.0
2016-01-13,37.48,37.48,34.695,34.86,53119744.0,0.0,1.0,36.95642653013915,36.95642653013915,34.21033133573046,34.373026383155036,53119744.0
2016-01-14,34.92,35.66,34.17,35.4,9527731.0,0.0,1.0,34.432188218582155,35.16185085551659,33.69266527574319,34.905482901999086,9527731.0
2016-01-15,34.31,35.35,33.51,34.91,11935770.0,0.0,1.0,33.83070955840646,34.85618137247649,33.0418850860449,34.42232791267763,11935770.0
2016-01-19,35.52,35.63,34.695,35.15,5843582.0,0.0,1.0,35.023806572853324,35.13226993780304,34.21033133573046,34.6589752543861,5843582.0
2016-01-20,34.53,35.06,33.4605,34.71,8084337.0,0.0,1.0,34.04763628830589,34.57023250124543,32.99307657181753,34.22512179458724,8084337.0
2016-01-21,34.79,35.45,34.38,34.56,8859547.0,0.0,1.0,34.3040042418234,34.95478443152169,33.8997316997381,34.07721720601945,8859547.0
2016-01-22,35.08,36.205,34.82,35.92,6601850.0,0.0,1.0,34.58995311305446,35.69923752731291,34.33358515953696,35.4182188090341,6601850.0
2016-01-25,35.76,35.87,34.63,34.73,8582477.0,0.0,1.0,35.260453914561786,35.3689172795115,34.146239347351084,34.24484240639628,8582477.0
2016-01-26,34.85,35.46,34.83,35.3,5502524.0,0.0,1.0,34.36316607725052,34.964644737426205,34.34344546544148,34.80687984295389,5502524.0
2016-01-27,35.25,35.4025,33.925,34.07,7862604.0,0.0,1.0,34.757578313431296,34.90794797847522,33.45108778108246,33.59406221669799,7862604.0
2016-01-28,34.53,34.9299,33.17,33.79,13813633.0,0.0,1.0,34.04763628830589,34.44194992142763,32.706634685291235,33.317973651371446,13813633.0
2016-01-29,33.63,34.88,32.55,34.82,20543854.0,0.0,1.0,33.16020875689914,34.39274699496408,32.09529571921102,34.33358515953696,20543854.0
2016-02-01,34.6,35.26,34.43,34.67,8915948.0,0.0,1.0,34.116658429637525,34.76743861933581,33.94903322926069,34.18568057096916,8915948.0
2016-02-02,34.24,34.57,33.12,33.42,8704679.0,0.0,1.0,33.761687417074825,34.087077511923965,32.65733315576863,32.95314233290423,8704679.0
2016-02-03,33.81,33.85,32.33,33.12,10319356.0,0.0,1.0,33.33769426318049,33.377135486798565,31.878368989311593,32.65733315576863,10319356.0
2016-02-04,33.14,33.25,31.3349,31.94,17559834.0,0.0,1.0,32.677053767577675,32.78551713252739,30.89716994875286,31.493817059035337,17559834.0
2016-02-05,31.77,31.8,30.39,30.53,17261322.0,0.0,1.0,31.326191858658504,31.355772776372064,29.965469643834812,30.103513926498085,17261322.0
2016-02-08,29.69,29.89,28.13,28.72,17084103.0,0.0,1.0,29.275248230518446,29.472454348608835,27.737040509413397,28.31879855778005,17084103.0
2016-02-09,28.41,29.75,28.05,28.81,14216661.0,0.0,1.0,28.013129074739947,29.334410065945562,27.658158062177243,28.407541310920724,14216661.0
2016-02-10,29.06,30.55,29.0501,30.15,14315513.0,0.0,1.0,28.654048958533714,30.123234538307123,28.64428725568824,29.72882230212634,14315513.0
2016-02-11,29.6,30.72,29.49,30.52,17176408.0,0.0,1.0,29.186505477377768,30.290859738683952,29.07804211242805,30.093653620593564,17176408.0
2016-02-12,28.66,29.04,26.49,28.12,42849840.0,0.0,1.0,28.259636722352933,28.634328346724676,26.119950341072197,27.72718020350888,42849840.0
2016-02-16,28.56,29.65,28.55,29.42,15564925.0,0.0,1.0,28.161033663307737,29.235807006900366,28.15117335740322,29.009019971096418,15564925.0
2016-02-17,29.76,30.02,29.32,29.45,15154864.0,0.0,1.0,29.344270371850083,29.600638325367587,28.91041691205122,29.038600888809974,15154864.0
2016-02-18,29.88,30.0,28.79,28.88,8244215.0,0.0,1.0,29.462594042704314,29.58091771355855,28.387820699111685,28.47656345225236,8244215.0
2016-02-19,28.85,30.35,28.6501,30.19,11537093.0,0.0,1.0,28.446982534538805,29.926028420216735,28.249875019507456,29.76826352574442,11537093.0
2016-02-22,30.51,31.85,30.48,31.52,10578978.0,0.0,1.0,30.083793314689046,31.40507430589466,30.054212396975487,31.079684211045514,10578978.0
2016-02-23,31.35,31.91,30.55,30.73,9504124.0,0.0,1.0,30.912059010668685,31.464236141321777,30.123234538307123,30.300720044588473,9504124.0
2016-02-24,30.44,31.77,30.24,31.71,8306824.0,0.0,1.0,30.01477117335741,31.326191858658504,29.817565055267014,31.26703002323139,8306824.0
2016-02-25,31.98,32.62,31.75,32.32,8611407.0,0.0,1.0,31.533258282653414,32.16431786054266,31.306471246849465,31.868508683407075,8611407.0
2016-02-26,32.38,32.625,31.65,31.89,7114277.0,0.0,1.0,31.927670518834198,32.16924801349492,31.207868187804266,31.44451552951274,7114277.0
2016-02-29,31.73,32.22,31.32,31.67,7479277.0,0.0,1.0,31.286750635040427,31.76990562436188,30.882478092955125,31.22758879961331,7479277.0
2016-03-01,31.96,32.4,31.45,32.21,7543561.0,0.0,1.0,31.513537670844375,31.947391130643233,31.010662069713877,31.76004531845736,7543561.0
2016-03-02,32.0,32.21,31.51,32.01,8292781.0,0.0,1.0,31.552978894462452,31.76004531845736,31.069823905140996,31.56283920036697,8292781.0
2016-03-03,31.81,31.8986,31.02,31.52,5454899.0,0.0,1.0,31.36563308227658,31.452995392590623,30.58666891581954,31.079684211045514,5454899.0
2016-03-04,31.84,31.84,30.7101,31.19,6125808.0,0.0,1.0,31.39521399999014,31.39521399999014,30.28109803583848,30.754294116196373,6125808.0
2016-03-07,31.0,31.48,30.51,30.98,7754692.0,0.0,1.0,30.566948304010502,31.040242987427437,30.083793314689046,30.547227692201464,7754692.0
2016-03-08,30.7,31.15,30.51,30.78,6919316.0,0.0,1.0,30.271139126874914,30.714852892578293,30.083793314689046,30.35002157411107,6919316.0
2016-03-09,30.82,31.05,30.37,30.86,6527104.0,0.0,1.0,30.38946279772915,30.6162498335331,29.945749032025773,30.428904021347225,6527104.0
2016-03-10,30.9,31.51,30.7,31.25,7588874.0,0.0,1.0,30.468345244965302,31.069823905140996,30.271139126874914,30.81345595162349,7588874.0
2016-03-11,31.51,32.035,31.475,31.52,7747237.0,0.0,1.0,31.069823905140996,31.587489965128267,31.035312834475178,31.079684211045514,7747237.0
2016-03-14,31.65,32.675,31.57,32.41,7123702.0,0.0,1.0,31.207868187804266,32.21854954301752,31.128985740568112,31.95725143654775,7123702.0
2016-03-15,32.34,32.87,32.18,32.48,5374000.0,0.0,1.0,31.888229295216117,32.410825508155646,31.730464400743802,32.02627357787939,5374000.0
2016-03-16,32.49,32.91,32.2,32.79,5080390.0,0.0,1.0,32.03613388378391,32.45026673177372,31.750185012552844,32.33194306091949,5080390.0
2016-03-17,32.68,33.08,32.02,32.6,6275617.0,0.0,1.0,32.22347969596978,32.617891932150556,31.572699506271494,32.144597248733625,6275617.0
2016-03-18,32.68,32.68,31.765,32.2,11477107.0,0.0,1.0,32.22347969596978,32.22347969596978,31.321261705706245,31.750185012552844,11477107.0
2016-03-21,32.23,32.32,31.81,32.04,3060517.0,0.0,1.0,31.779765930266397,31.868508683407075,31.36563308227658,31.59242011808053,3060517.0
2016-03-22,31.89,32.57,31.86,32.54,4683562.0,0.0,1.0,31.44451552951274,32.115016331020065,31.41493461179918,32.085435413306506,4683562.0
2016-03-23,32.48,32.81,32.42,32.58,4115875.0,0.0,1.0,32.02627357787939,32.351663672728534,31.967111742452275,32.12487663692458,4115875.0
2016-03-24,32.44,32.58,31.91,32.21,3764407.0,0.0,1.0,31.98683235426131,32.12487663692458,31.464236141321777,31.76004531845736,3764407.0
2016-03-28,32.1,32.335,31.71,32.14,3263309.0,0.26,1.0,31.907630842988418,32.14122253296045,31.51996803835398,31.947391130643233,3263309.0
2016-03-29,32.27,33.355,32.2458,33.24,6150603.0,0.0,1.0,32.07661206552138,33.155109868158206,32.052557091490215,33.04079904115062,6150603.0
2016-03-30,33.6,34.29,33.51,34.07,8355068.0,0.0,1.0,33.398641630043954,34.0845065920895,33.309180982820614,33.865825009988015,8355068.0
2016-03-31,33.98,34.5,33.7,33.84,7040449.0,0.0,1.0,33.77636436276468,34.29324810227727,33.49804234918099,33.63720335597284,7040449.0
2016-04-01,33.81,34.53,33.545,34.42,4998460.0,0.0,1.0,33.607383140231725,34.32306831801838,33.343971234518584,34.213727526967645,4998460.0
2016-04-04,34.42,34.66,33.955,34.23,4823265.0,0.0,1.0,34.213727526967645,34.45228925289652,33.75151418298042,34.02486616060727,4823265.0
2016-04-05,33.91,34.35,33.6,33.71,5673361.0,0.0,1.0,33.706783859368755,34.14414702357172,33.398641630043954,33.50798242109469,5673361.0
2016-04-06,33.89,34.175,33.54,34.0,4550220.0,0.0,1.0,33.686903715541355,33.970195765081904,33.339001198561725,33.79624450659209,4550220.0
2016-04-07,33.87,33.97,33.31,33.42,5795968.0,0.0,1.0,33.66702357171394,33.76642429085098,33.11037954454655,33.21972033559729,5795968.0
2016-04-08,33.7,34.16,33.52,33.97,4591958.0,0.0,1.0,33.49804234918099,33.95528565721135,33.319121054734325,33.76642429085098,4591958.0
2016-04-11,34.3,34.38,33.41,33.41,4487159.0,0.0,1.0,34.09444666400319,34.17396723931283,33.20978026368358,33.20978026368358,4487159.0
2016-04-12,33.43,33.66,33.03,33.48,5235925.0,0.0,1.0,33.22966040751099,33.45828206152617,32.83205753096285,33.2793607670795,5235925.0
2016-04-13,33.92,35.3,33.85,35.16,8358487.0,0.0,1.0,33.716723931282466,35.08845385537355,33.64714342788654,34.9492928485817,8358487.0
2016-04-14,35.29,35.29,34.78,34.91,3898193.0,0.0,1.0,35.07851378345985,35.07851378345985,34.57157011586097,34.70079105073911,3898193.0
2016-04-15,35.02,35.07,34.34,34.57,5357160.0,0.0,1.0,34.81013184178986,34.85983220135837,34.134206951658015,34.362828605673194,5357160.0
2016-04-18,34.56,35.45,34.13,35.44,4526670.0,0.0,1.0,34.35288853375949,35.237554934079114,33.92546544147024,35.2276148621654,4526670.0
2016-04-19,35.48,35.6,34.8,35.21,4159920.0,0.0,1.0,35.26737514982022,35.38665601278466,34.59145025968837,34.998993208150225,4159920.0
2016-04-20,35.34,35.445,34.9273,35.25,3502252.0,0.0,1.0,35.12821414302837,35.232584898122255,34.717987375149825,35.03875349580504,3502252.0
2016-04-21,35.17,35.44,34.96,35.19,3113908.0,0.0,1.0,34.95923292049541,35.2276148621654,34.75049141030763,34.97911306432281,3113908.0
2016-04-22,34.87,35.43,34.52,34.65,4673165.0,0.0,1.0,34.6610307630843,35.2176747902517,34.31312824610468,34.44234918098282,4673165.0
2016-04-25,34.61,34.96,34.56,34.92,2743370.0,0.0,1.0,34.40258889332801,34.75049141030763,34.35288853375949,34.710731122652824,2743370.0
2016-04-26,35.08,35.43,34.9906,35.21,3566958.0,0.0,1.0,34.869772273272076,35.2176747902517,34.78090803036357,34.998993208150225,3566958.0
2016-04-27,34.93,35.13,33.83,34.37,6867181.0,0.0,1.0,34.72067119456652,34.919472632840595,33.62726328405913,34.16402716739912,6867181.0
2016-04-28,34.24,34.87,33.78,33.9,5250207.0,0.0,1.0,34.03480623252098,34.6610307630843,33.577562924490614,33.69684378745505,5250207.0
2016-04-29,33.6,34.575,33.55,34.47,6444496.0,0.0,1.0,33.398641630043954,34.36779864163005,33.34894127047543,34.26342788653616,6444496.0
2016-05-02,34.7,34.75,33.94,34.58,7586322.0,0.0,1.0,34.49204954055134,34.54174990011986,33.73660407510987,34.3727686775869,7586322.0
2016-05-03,34.16,34.59,33.94,34.11,4309551.0,0.0,1.0,33.95528565721135,34.38270874950061,33.73660407510987,33.90558529764283,4309551.0
2016-05-04,33.82,34.34,33.61,34.28,5769819.0,0.0,1.0,33.61732321214543,34.134206951658015,33.40858170195765,34.07456652017579,5769819.0
2016-05-05,34.34,35.21,34.17,34.91,9968848.0,0.0,1.0,34.134206951658015,34.998993208150225,33.96522572912505,34.70079105073911,9968848.0
2016-05-06,36.99,38.0,36.66,37.87,19055942.0,0.0,1.0,36.76832600878946,37.77227327207351,36.440303635637235,37.643052337195364,19055942.0
2016-05-09,37.79,37.87,36.82,37.15,10815016.0,0.0,1.0,37.56353176188574,37.643052337195364,36.599344786256495,36.92736715940871,10815016.0
2016-05-10,37.23,37.27,36.06,36.41,14277764.0,0.0,1.0,37.00688773471834,37.046648022373155,35.84389932081503,36.19180183779464,14277764.0
2016-05-11,36.61,37.33,36.46,37.11,10242695.0,0.0,1.0,36.39060327606872,37.10628845385538,36.24150219736317,36.887606871753896,10242695.0
2016-05-12,37.17,37.99,37.05,37.91,8132287.0,0.0,1.0,36.94724730323612,37.762333200159816,36.82796644027167,37.68281262485018,8132287.0
2016-05-13,38.0,38.98,37.99,38.29,10209848.0,0.0,1.0,37.77227327207351,38.74640031961646,37.762333200159816,38.06053535757092,10209848.0
2016-05-16,38.45,39.48,38.31,39.39,7785309.0,0.0,1.0,38.21957650819018,39.243403915301634,38.08041550139833,39.15394326807831,7785309.0
2016-05-17,39.1,39.35,37.63,38.12,10669626.0,0.0,1.0,38.86568118258091,39.11418298042349,37.40449061126649,37.89155413503796,10669626.0
2016-05-18,37.98,38.72,37.86,38.47,7680492.0,0.0,1.0,37.752393128246105,38.48795844986017,37.63311226528167,38.23945665201758,7680492.0
2016-05-19,38.23,38.37,37.54,37.8,7602458.0,0.0,1.0,38.00089492608869,38.14005593288054,37.31502996404315,37.57347183379944,7602458.0
2016-05-20,37.81,37.9434,37.16,37.53,11641830.0,0.0,1.0,37.58341190571315,37.71601246504195,36.937307231322414,37.30508989212945,11641830.0
2016-05-23,37.63,37.995,37.31,37.73,5634642.0,0.0,1.0,37.40449061126649,37.76730323611666,37.08640831002797,37.50389133040351,5634642.0
2016-05-24,37.92,39.035,37.78,39.02,7620574.0,0.0,1.0,37.69275269676389,38.801070715141826,37.55359168997204,38.78616060727128,7620574.0
2016-05-25,39.19,39.55,38.6,38.95,7681127.0,0.0,1.0,38.955141829804234,39.31298441869756,38.36867758689573,38.71658010387536,7681127.0
2016-05-26,38.91,39.4,38.47,39.095,8255722.0,0.0,1.0,38.67681981622054,39.16388333999201,38.23945665201758,38.860711146624055,8255722.0
2016-05-27,39.13,39.99,39.07,39.34,6266336.0,0.0,1.0,38.89550139832202,39.750347582900524,38.835860966839796,39.1042429085098,6266336.0
2016-05-31,39.54,39.69,39.13,39.26,8466742.0,0.0,1.0,39.303044346783864,39.45214542548941,38.89550139832202,39.02472233320016,8466742.0
2016-06-01,39.26,39.29,38.51,38.65,8432241.0,0.0,1.0,39.02472233320016,39.05454254894127,38.279216939672395,38.41837794646425,8432241.0
2016-06-02,38.72,38.752,38.21,38.69,6581525.0,0.0,1.0,38.48795844986017,38.51976667998402,37.98101478226129,38.458138234119055,6581525.0
2016-06-03,38.69,38.91,37.63,37.81,9685230.0,0.0,1.0,38.458138234119055,38.67681981622054,37.40449061126649,37.58341190571315,9685230.0
2016-06-06,37.65,37.805,36.83,37.76,7727265.0,0.0,1.0,37.42437075509389,37.5784418697563,36.6092848581702,37.53371154614463,7727265.0
2016-06-07,37.95,38.5,37.94,38.13,7315913.0,0.0,1.0,37.722572912505,38.26927686775869,37.71263284059129,37.90149420695166,7315913.0
2016-06-08,38.1,38.2399,37.54,38.12,11260501.0,0.0,1.0,37.87167399121055,38.010735597283265,37.31502996404315,37.89155413503796,11260501.0
2016-06-09,37.99,39.02,37.95,38.54,23555740.0,0.0,1.0,37.762333200159816,38.78616060727128,37.722572912505,38.309037155413506,23555740.0
2016-06-10,38.13,38.45,37.535,37.77,13435025.0,0.0,1.0,37.90149420695166,38.21957650819018,37.3100599280863,37.543651618058334,13435025.0
2016-06-13,37.53,38.21,37.36,37.63,7169483.0,0.0,1.0,37.30508989212945,37.98101478226129,37.13610866959649,37.40449061126649,7169483.0
2016-06-14,37.46,38.56,37.24,38.41,19995464.0,0.0,1.0,37.235509388733526,38.32891729924091,37.016827806632044,38.17981622053536,19995464.0
2016-06-15,38.46,38.82,38.02,38.33,10464780.0,0.0,1.0,38.229516580103876,38.5873591689972,37.79215341590093,38.10029564522573,10464780.0
2016-06-16,38.25,39.15,38.0001,39.03,10064275.0,0.0,1.0,38.020775069916105,38.91538154214942,37.772372672792656,38.79610067918498,10064275.0
2016-06-17,39.03,39.05,37.83,38.08,13336367.0,0.0,1.0,38.79610067918498,38.81598082301239,37.60329204954055,37.85179384738314,13336367.0
2016-06-20,38.56,38.96,38.36,38.69,9354231.0,0.0,1.0,38.32891729924091,38.726520175789055,38.13011586096684,38.458138234119055,9354231.0
2016-06-21,38.75,39.23,38.56,38.66,7156128.0,0.0,1.0,38.517778665601284,38.99490211745905,38.32891729924091,38.428318018377944,7156128.0
2016-06-22,38.74,38.89,38.21,38.32,4724984.0,0.0,1.0,38.50783859368758,38.65693967239313,37.98101478226129,38.09035557331203,4724984.0
2016-06-23,38.66,39.06,38.4,38.92,5674095.0,0.0,1.0,38.428318018377944,38.82592089492609,38.169876148621654,38.68675988813424,5674095.0
2016-06-24,37.5,38.05,36.82,36.98,23589159.0,0.0,1.0,37.27526967638833,37.82197363164203,36.599344786256495,36.75838593687575,23589159.0
2016-06-27,36.6,36.66,35.77,36.15,9340506.0,0.0,1.0,36.38066320415502,36.440303635637235,35.555637235317626,35.93335996803835,9340506.0
2016-06-28,36.66,37.215,36.4,37.18,6306628.0,0.0,1.0,36.440303635637235,36.99197762684779,36.181861765880946,36.95718737514982,6306628.0
2016-06-29,37.81,38.25,37.5,38.02,7641766.0,0.0,1.0,37.58341190571315,38.020775069916105,37.27526967638833,37.79215341590093,7641766.0
2016-06-30,38.23,39.98,38.1351,39.63,15052960.0,0.0,1.0,38.00089492608869,39.74040751098681,37.90656364362765,39.3925049940072,15052960.0
2016-07-01,39.69,40.705,39.4175,39.61,8179250.0,0.0,1.0,39.45214542548941,40.461062724730326,39.18127846584099,39.37262485017979,8179250.0
2016-07-05,39.4,40.15,39.28,40.15,7336655.0,0.0,1.0,39.16388333999201,39.909388733519776,39.044602477027574,39.909388733519776,7336655.0
2016-07-06,39.78,40.59,39.53,40.51,9232698.0,0.0,1.0,39.541606072712746,40.34675189772274,39.29310427487016,40.2672313224131,9232698.0
2016-07-07,40.52,40.77,40.14,40.39,6273067.0,0.0,1.0,40.277171394326814,40.5256731921694,39.89944866160608,40.147950459448666,6273067.0
2016-07-08,40.64,41.32,40.42,41.29,6617357.0,0.0,1.0,40.39645225729125,41.0723771474231,40.17777067518978,41.042556931681986,6617357.0
2016-07-11,41.44,42.26,41.17,42.2,14715566.0,0.0,1.0,41.191658010387535,42.006743907311225,40.92327606871754,41.94710347582901,14715566.0
2016-07-12,42.41,42.75,41.88,42.66,10545075.0,0.0,1.0,42.15584498601678,42.4938074310827,41.6290211745905,42.40434678385937,10545075.0
2016-07-13,42.79,43.05,42.045,42.11,11462318.0,0.0,1.0,42.533567718737515,42.792009588493805,41.7930323611666,41.85764282860568,11462318.0
2016-07-14,42.36,42.53,41.66,41.85,9624916.0,0.0,1.0,42.10614462644826,42.275125848981226,41.41033959248901,41.59920095884939,9624916.0
2016-07-15,41.96,42.23,41.75,42.2,5083640.0,0.0,1.0,41.70854174990012,41.976923691570114,41.49980023971235,41.94710347582901,5083640.0
2016-07-18,42.4,42.44,42.05,42.14,5927860.0,0.0,1.0,42.14590491410308,42.18566520175789,41.798002397123454,41.88746304434679,5927860.0
2016-07-19,42.0,42.07,41.4,41.52,9314028.0,0.0,1.0,41.748302037554936,41.81788254095086,41.15189772273272,41.27117858569717,9314028.0
2016-07-20,41.68,41.705,41.22,41.38,5973714.0,0.0,1.0,41.430219736316424,41.45506991610068,40.97297642828606,41.13201757890532,5973714.0
2016-07-21,41.41,41.82,41.06,41.27,6440267.0,0.0,1.0,41.161837794646424,41.569380743108276,40.81393527766681,41.02267678785458,6440267.0
2016-07-22,41.35,41.68,40.93,41.44,4454531.0,0.0,1.0,41.10219736316421,41.430219736316424,40.68471434278866,41.191658010387535,4454531.0
2016-07-25,41.96,42.63,41.6,42.4,9409834.0,0.0,1.0,41.70854174990012,42.37452656811826,41.350699161006794,42.14590491410308,9409834.0
2016-07-26,42.4,42.67,41.19,41.56,8253680.0,0.0,1.0,42.14590491410308,42.41428685577308,40.94315621254495,41.310938873351986,8253680.0
2016-07-27,41.52,41.64,40.79,40.89,13737820.0,0.0,1.0,41.27117858569717,41.39045944866161,40.54555333599681,40.644954055133844,13737820.0
2016-07-28,40.29,40.64,40.05,40.27,11111987.0,0.0,1.0,40.04854974031163,40.39645225729125,39.80998801438274,40.02866959648423,11111987.0
2016-07-29,40.3,40.88,39.73,40.16,13731035.0,0.0,1.0,40.05848981222533,40.63501398322014,39.49190571314423,39.91932880543348,13731035.0
2016-08-01,40.39,40.52,39.97,40.07,6581742.0,0.0,1.0,40.147950459448666,40.277171394326814,39.73046743907312,39.829868158210154,6581742.0
2016-08-02,40.07,40.24,39.53,39.75,6677419.0,0.0,1.0,39.829868158210154,39.99884938074311,39.29310427487016,39.511785856971635,6677419.0
2016-08-03,39.64,40.75,39.63,40.38,8760426.0,0.0,1.0,39.4024450659209,40.50579304834199,39.3925049940072,40.13801038753496,8760426.0
2016-08-04,40.94,41.105,40.53,40.83,10976806.0,0.0,1.0,40.694654414702356,40.85866560127847,40.28711146624052,40.58531362365162,10976806.0
2016-08-05,42.25,42.45,40.01,40.56,20866573.0,0.0,1.0,41.99680383539753,42.1956052736716,39.770227726727924,40.31693168198163,20866573.0
2016-08-08,40.73,40.91,40.45,40.61,8080238.0,0.0,1.0,40.485912904514585,40.664834198961245,40.20759089093089,40.36663204155014,8080238.0
2016-08-09,40.52,41.53,40.45,41.25,8535307.0,0.0,1.0,40.277171394326814,41.28111865761087,40.20759089093089,41.00279664402717,8535307.0
2016-08-10,41.14,41.51,41.0,41.1,5463528.0,0.0,1.0,40.89345585297643,41.26123851378346,40.75429484618458,40.853695565321615,5463528.0
2016-08-11,41.14,41.71,41.14,41.31,6542351.0,0.0,1.0,40.89345585297643,41.460039952057535,40.89345585297643,41.06243707550939,6542351.0
2016-08-12,41.14,41.3,40.83,41.14,6413933.0,0.0,1.0,40.89345585297643,41.05249700359568,40.58531362365162,40.89345585297643,6413933.0
2016-08-15,41.61,41.99,41.27,41.48,5800002.0,0.0,1.0,41.3606392329205,41.73836196564123,41.02267678785458,41.23141829804235,5800002.0
2016-08-16,40.25,40.75,39.29,39.31,26068591.0,0.0,1.0,40.00878945265681,40.50579304834199,39.05454254894127,39.074422692768685,26068591.0
2016-08-17,39.55,39.96,39.335,39.88,11513547.0,0.0,1.0,39.31298441869756,39.72052736715941,39.09927287255294,39.64100679184978,11513547.0
2016-08-18,39.99,40.32,39.84,40.02,7273083.0,0.0,1.0,39.750347582900524,40.07836995605274,39.601246504194975,39.780167798641635,7273083.0
2016-08-19,40.13,40.29,39.78,39.98,6064305.0,0.0,1.0,39.889508589692376,40.04854974031163,39.541606072712746,39.74040751098681,6064305.0
2016-08-22,39.99,40.17,39.81,40.12,4581906.0,0.0,1.0,39.750347582900524,39.92926887734719,39.571426288453864,39.879568517778665,4581906.0
2016-08-23,40.23,40.72,40.23,40.64,6391230.0,0.0,1.0,39.988909308829406,40.47597283260088,39.988909308829406,40.39645225729125,6391230.0
2016-08-24,40.68,40.75,40.44,40.67,5037760.0,0.0,1.0,40.436212544946066,40.50579304834199,40.19765081901718,40.42627247303236,5037760.0
2016-08-25,40.47,41.005,40.4,40.99,7901460.0,0.0,1.0,40.227471034758295,40.75926488214144,40.15789053136237,40.74435477427088,7901460.0
2016-08-26,40.95,41.21,40.65,41.05,6890846.0,0.0,1.0,40.70459448661607,40.963036356372356,40.406392329204955,40.8039952057531,6890846.0
2016-08-29,41.11,41.6,41.02,41.29,5917403.0,0.0,1.0,40.86363563723532,41.350699161006794,40.77417499001199,41.042556931681986,5917403.0
2016-08-30,41.33,41.625,41.13,41.58,5658039.0,0.0,1.0,41.082317219336794,41.37554934079105,40.883515781062734,41.33081901717939,5658039.0
2016-08-31,41.41,41.565,41.12,41.37,5751171.0,0.0,1.0,41.161837794646424,41.31590890930883,40.87357570914902,41.12207750699161,5751171.0
2016-09-01,41.44,42.28,41.41,42.15,7821223.0,0.0,1.0,41.191658010387535,42.02662405113864,41.161837794646424,41.89740311626049,7821223.0
2016-09-02,42.29,43.1,42.23,42.8,8730695.0,0.0,1.0,42.03656412305234,42.84170994806233,41.976923691570114,42.54350779065122,8730695.0
2016-09-06,43.0,43.685,42.6,43.51,13585958.0,0.0,1.0,42.74230922892529,43.42320415501399,42.34470635237715,43.24925289652417,13585958.0
2016-09-07,43.74,44.23,43.23,43.38,9687107.0,0.0,1.0,43.477874550539354,43.96493807431083,42.97093088294047,43.12003196164603,9687107.0
2016-09-08,43.36,43.38,42.73,43.3,8130062.0,0.0,1.0,43.10015181781862,43.12003196164603,42.47392728725529,43.0405113863364,8130062.0
2016-09-09,42.79,43.15,42.29,42.29,8149637.0,0.0,1.0,42.533567718737515,42.89141030763084,42.03656412305234,42.03656412305234,8149637.0
2016-09-12,41.95,43.54,41.85,43.46,11055501.0,0.0,1.0,41.698601677986424,43.27907311226529,41.59920095884939,43.19955253695566,11055501.0
2016-09-13,43.22,43.57,42.791,43.41,9134971.0,0.0,1.0,42.96099081102677,43.3088933280064,42.53456172592889,43.14985217738713,9134971.0
2016-09-14,43.48,44.03,43.43,43.66,7776127.0,0.0,1.0,43.21943268078306,43.76613663603676,43.169732321214546,43.398353975229725,7776127.0
2016-09-15,43.62,44.76,43.5,44.59,12342033.0,0.0,1.0,43.35859368757491,44.49176188573712,43.23931282461047,44.32278066320416,12342033.0
2016-09-16,44.67,44.67,44.05,44.42,40786800.0,0.0,1.0,44.402301238513786,44.402301238513786,43.78601677986416,44.1537994406712,40786800.0
2016-09-19,44.58,44.84,44.0,44.12,8135829.0,0.0,1.0,44.31284059129045,44.57128246104675,43.73631642029565,43.85559728326009,8135829.0
2016-09-20,44.26,44.78,44.1,44.13,6055798.0,0.0,1.0,43.99475829005194,44.51164202956453,43.83571713943269,43.8655373551738,6055798.0
2016-09-21,44.89,44.89,43.85,44.67,9032909.0,0.0,1.0,44.62098282061527,44.62098282061527,43.587215341590095,44.402301238513786,9032909.0
2016-09-22,44.86,45.12,44.41,44.51,5873362.0,0.0,1.0,44.59116260487416,44.849604474630446,44.14385936875749,44.24326008789453,5873362.0
2016-09-23,44.98,45.1192,44.1,44.36,8694746.0,0.0,1.0,44.710443467838594,44.848809268877346,43.83571713943269,44.09415900918898,8694746.0
2016-09-26,44.22,44.34,43.93,43.98,4426552.0,0.0,1.0,43.954998002397126,44.07427886536157,43.666735916899725,43.71643627646824,4426552.0
2016-09-27,43.91,44.27,43.665,44.21,8861960.0,0.0,1.0,43.64685577307231,44.004698361965644,43.40332401118658,43.94505793048342,8861960.0
2016-09-28,44.2,44.42,43.76,44.16,5579745.0,0.0,1.0,43.935117858569726,44.1537994406712,43.49775469436676,43.8953575709149,5579745.0
2016-09-29,44.15,44.425,43.83,44.21,8464849.0,0.0,1.0,43.8854174990012,44.158769476628045,43.56733519776269,43.94505793048342,8464849.0
2016-09-30,44.37,44.455,43.985,44.3,7844473.0,0.0,1.0,44.104099081102675,44.188589692369156,43.721406312425096,44.034518577706756,7844473.0
2016-10-03,44.3,44.55,43.96,44.1,5452284.0,0.0,1.0,44.034518577706756,44.28302037554934,43.696556132640836,43.83571713943269,5452284.0
2016-10-04,44.2,44.35,43.78,44.13,5786489.0,0.0,1.0,43.935117858569726,44.084218937275274,43.51763483819417,43.8655373551738,5786489.0
2016-10-05,44.1,44.61,43.99,44.53,5806981.0,0.0,1.0,43.83571713943269,44.342660807031564,43.72637634838195,44.26314023172194,5806981.0
2016-10-06,44.55,44.6,43.76,43.99,6222544.0,0.0,1.0,44.28302037554934,44.33272073511786,43.49775469436676,43.72637634838195,6222544.0
2016-10-07,44.09,44.47,43.72,43.92,5604240.0,0.0,1.0,43.825777067518985,44.20349980023971,43.45799440671195,43.65679584498602,5604240.0
2016-10-10,43.96,44.24,43.7,43.79,4564429.0,0.0,1.0,43.696556132640836,43.97487814622453,43.43811426288455,43.52757491010787,4564429.0
2016-10-11,43.56,43.64,42.51,42.9,7005641.0,0.0,1.0,43.298953256092695,43.378473831402324,42.25524570515382,42.642908509788256,7005641.0
2016-10-12,42.79,43.405,42.7,43.33,5586495.0,0.0,1.0,42.533567718737515,43.14488214143029,42.44410707151419,43.07033160207751,5586495.0
2016-10-13,42.98,43.43,42.63,43.16,4186362.0,0.0,1.0,42.722429085097886,43.169732321214546,42.37452656811826,42.901350379544546,4186362.0
2016-10-14,43.57,44.33,43.41,43.69,8669042.0,0.0,1.0,43.3088933280064,44.06433879344787,43.14985217738713,43.428174190970836,8669042.0
2016-10-17,43.63,43.7,43.33,43.53,4725816.0,0.0,1.0,43.36853375948862,43.43811426288455,43.07033160207751,43.26913304035158,4725816.0
2016-10-18,44.01,44.75,43.96,44.18,7676348.0,0.0,1.0,43.74625649220935,44.481821813823416,43.696556132640836,43.91523771474231,7676348.0
2016-10-19,44.23,44.29,43.72,43.79,4531099.0,0.0,1.0,43.96493807431083,44.02457850579305,43.45799440671195,43.52757491010787,4531099.0
2016-10-20,43.92,44.39,43.52,44.32,4867284.0,0.0,1.0,43.65679584498602,44.12397922493009,43.25919296843788,44.05439872153416,4867284.0
2016-10-21,44.32,44.65,43.91,44.54,4296680.0,0.0,1.0,44.05439872153416,44.38242109468638,43.64685577307231,44.27308030363564,4296680.0
2016-10-24,44.9,45.49,44.65,45.47,6608280.0,0.0,1.0,44.630922892528964,45.217387135437484,44.38242109468638,45.19750699161007,6608280.0
2016-10-25,45.53,45.55,44.96,45.06,3680443.0,0.0,1.0,45.25714742309229,45.2770275669197,44.690563324011194,44.78996404314823,3680443.0
2016-10-26,44.95,45.01,44.4,44.44,4894599.0,0.0,1.0,44.68062325209749,44.740263683579705,44.13391929684379,44.1736795844986,4894599.0
2016-10-27,44.65,44.82,43.7,43.72,5590624.0,0.0,1.0,44.38242109468638,44.55140231721934,43.43811426288455,43.45799440671195,5590624.0
2016-10-28,43.64,43.86,42.96,43.32,8982040.0,0.0,1.0,43.378473831402324,43.5971554135038,42.70254894127048,43.060391530163805,8982040.0
2016-10-31,43.42,43.63,43.0,43.17,7173977.0,0.0,1.0,43.15979224930084,43.36853375948862,42.74230922892529,42.91129045145826,7173977.0
2016-11-01,43.27,43.37,42.425,42.6,11286754.0,0.0,1.0,43.010691170595294,43.110091889732324,42.17075509388734,42.34470635237715,11286754.0
2016-11-02,42.63,43.0899,42.26,42.6,7792851.0,0.0,1.0,42.37452656811826,42.83167047542949,42.006743907311225,42.34470635237715,7792851.0
2016-11-03,42.96,43.67,42.6325,43.37,12822720.0,0.0,1.0,42.70254894127048,43.408294047143436,42.377011586096685,43.110091889732324,12822720.0
2016-11-04,41.04,43.245,40.86,41.7,18751864.0,0.0,1.0,40.79405513383939,42.98584099081103,40.61513383939273,41.45009988014383,18751864.0
2016-11-07,42.52,42.56,40.86,41.09,17854249.0,0.0,1.0,42.26518577706752,42.30494606472234,40.61513383939273,40.84375549340792,17854249.0
2016-11-08,41.01,41.49,40.82,41.01,15018801.0,0.0,1.0,40.76423491809828,41.24135836995606,40.57537355173792,40.76423491809828,15018801.0
2016-11-09,40.19,40.7,39.35,40.15,13194347.0,0.0,1.0,39.94914902117459,40.45609268877348,39.11418298042349,39.909388733519776,13194347.0
2016-11-10,40.35,40.4,38.47,38.7,15002507.0,0.0,1.0,40.10819017179385,40.15789053136237,38.23945665201758,38.468078306032766,15002507.0
2016-11-11,38.43,39.45,38.23,39.41,10626514.0,0.0,1.0,38.199696364362765,39.21358369956053,38.00089492608869,39.173823411905715,10626514.0
2016-11-14,39.21,39.53,37.7402,37.77,14885815.0,0.0,1.0,38.97502197363165,39.29310427487016,37.514030203755496,37.543651618058334,14885815.0
2016-11-15,38.0,39.14,37.94,38.53,13211748.0,0.0,1.0,37.77227327207351,38.90544147023572,37.71263284059129,38.2990970834998,13211748.0
2016-11-16,38.51,39.045,38.1401,38.97,8134064.0,0.0,1.0,38.279216939672395,38.81101078705554,37.9115336795845,38.73646024770276,8134064.0
2016-11-17,39.07,40.19,38.95,39.94,11680285.0,0.0,1.0,38.835860966839796,39.94914902117459,38.71658010387536,39.700647223332005,11680285.0
2016-11-18,39.92,40.2,38.13,38.39,18679106.0,0.0,1.0,39.6807670795046,39.9590890930883,37.90149420695166,38.15993607670796,18679106.0
2016-11-21,38.58,38.64,37.755,38.43,11460194.0,0.0,1.0,38.34879744306832,38.40843787455054,37.52874151018778,38.199696364362765,11460194.0
2016-11-22,38.43,38.49,36.89,37.17,22636221.0,0.0,1.0,38.199696364362765,38.25933679584499,36.66892528965242,36.94724730323612,22636221.0
2016-11-23,36.55,37.545,36.32,37.26,11775710.0,0.0,1.0,36.330962844586494,37.32000000000001,36.102341190571316,37.03670795045945,11775710.0
2016-11-25,36.52,37.58,37.2,37.22,3206319.0,0.0,1.0,36.30114262884539,37.35479025169796,36.977067518977236,36.99694766280464,3206319.0
2016-11-28,37.37,37.73,37.28,37.37,5779979.0,0.0,1.0,37.146048741510185,37.50389133040351,37.05658809428686,37.146048741510185,5779979.0
2016-11-29,37.3,38.03,37.06,37.95,9710752.0,0.0,1.0,37.076468238114266,37.80209348781462,36.837906512185384,37.722572912505,9710752.0
2016-11-30,38.11,38.16,36.58,36.61,12091476.0,0.0,1.0,37.88161406312425,37.931314422692765,36.360783060327606,36.39060327606872,12091476.0
2016-12-01,36.65,36.73,35.46,35.58,12374430.0,0.0,1.0,36.43036356372353,36.50988413903316,35.24749500599281,35.366775868957255,12374430.0
2016-12-02,35.66,36.02,35.12,35.71,7256514.0,0.0,1.0,35.44629644426688,35.80413903316021,34.90953256092689,35.4959968038354,7256514.0
2016-12-05,36.01,36.58,35.89,36.48,8661522.0,0.0,1.0,35.79419896124651,36.360783060327606,35.67491809828206,36.26138234119057,8661522.0
2016-12-06,36.6,37.04,36.39,36.7,7291103.0,0.0,1.0,36.38066320415502,36.81802636835797,36.17192169396724,36.48006392329206,7291103.0
2016-12-07,36.74,37.55,36.69,37.45,7164769.0,0.0,1.0,36.519824210946865,37.32497003595685,36.47012385137835,37.22556931681982,7164769.0
2016-12-08,37.45,37.62,37.18,37.39,7015539.0,0.0,1.0,37.22556931681982,37.39455053935278,36.95718737514982,37.1659288853376,7015539.0
2016-12-09,37.2,37.39,36.35,36.79,9203144.0,0.0,1.0,36.977067518977236,37.1659288853376,36.13216140631243,36.569524570515384,9203144.0
2016-12-12,36.77,37.31,36.56,37.17,5379929.0,0.0,1.0,36.54964442668798,37.08640831002797,36.340902916500205,36.94724730323612,5379929.0
2016-12-13,37.39,38.16,37.19,37.32,9555859.0,0.0,1.0,37.1659288853376,37.931314422692765,36.967127447063525,37.096348381941674,9555859.0
2016-12-14,37.23,37.28,36.12,36.74,13216431.0,0.0,1.0,37.00688773471834,37.05658809428686,35.90353975229724,36.519824210946865,13216431.0
2016-12-15,36.9,37.45,36.61,36.99,6676578.0,0.0,1.0,36.678865361566125,37.22556931681982,36.39060327606872,36.76832600878946,6676578.0
2016-12-16,37.05,37.23,36.32,36.47,7632369.0,0.0,1.0,36.82796644027167,37.00688773471834,36.102341190571316,36.25144226927687,7632369.0
2016-12-19,36.33,36.785,35.86,36.63,4941171.0,0.0,1.0,36.11228126248502,36.56455453455853,35.64509788254095,36.41048341989613,4941171.0
2016-12-20,36.67,37.2,36.64,36.83,5730884.0,0.0,1.0,36.450243707550946,36.977067518977236,36.42042349180983,36.6092848581702,5730884.0
2016-12-21,36.92,37.16,36.57,36.9,6008724.0,0.0,1.0,36.69874550539353,36.937307231322414,36.35084298841391,36.678865361566125,6008724.0
2016-12-22,36.9,36.94,36.26,36.44,5128900.0,0.0,1.0,36.678865361566125,36.71862564922093,36.042700759089094,36.22162205353576,5128900.0
2016-12-23,36.44,36.75,36.4,36.5,2713883.0,0.0,1.0,36.22162205353576,36.52976428286057,36.181861765880946,36.28126248501798,2713883.0
2016-12-27,36.55,36.8,36.47,36.53,2552688.0,0.0,1.0,36.330962844586494,36.57946464242909,36.25144226927687,36.311082700759094,2552688.0
2016-12-28,36.66,36.93,36.22,36.43,4925979.0,0.0,1.0,36.440303635637235,36.708685577307236,36.00294047143428,36.21168198162206,4925979.0
2016-12-29,36.5,36.78,36.29,36.48,3855667.0,0.0,1.0,36.28126248501798,36.55958449860168,36.072520974830205,36.26138234119057,3855667.0
2016-12-30,36.53,36.56,35.95,36.11,5091052.0,0.0,1.0,36.311082700759094,36.340902916500205,35.734558529764286,35.893599680383545,5091052.0
2017-01-03,36.44,36.79,36.18,36.64,8360626.0,0.0,1.0,36.22162205353576,36.569524570515384,35.963180183779464,36.42042349180983,8360626.0
2017-01-04,36.77,37.53,36.64,37.36,7643033.0,0.0,1.0,36.54964442668798,37.30508989212945,36.42042349180983,37.13610866959649,7643033.0
2017-01-05,37.5,38.265,37.39,37.94,9814411.0,0.0,1.0,37.27526967638833,38.03568517778666,37.1659288853376,37.71263284059129,9814411.0
2017-01-06,37.95,38.19,37.82,37.91,8365085.0,0.0,1.0,37.722572912505,37.96113463843388,37.59335197762685,37.68281262485018,8365085.0
2017-01-09,38.09,38.16,37.37,37.7,5432644.0,0.0,1.0,37.86173391929685,37.931314422692765,37.146048741510185,37.47407111466241,5432644.0
2017-01-10,37.67,38.49,37.49,38.38,7640974.0,0.0,1.0,37.4442508989213,38.25933679584499,37.26532960447464,38.149996004794254,7640974.0
2017-01-11,38.47,39.28,38.3,39.2,9481844.0,0.0,1.0,38.23945665201758,39.044602477027574,38.07047542948462,38.965081901717944,9481844.0
2017-01-12,38.99,39.4,38.56,39.13,7859976.0,0.0,1.0,38.756340391530166,39.16388333999201,38.32891729924091,38.89550139832202,7859976.0
2017-01-13,38.68,39.36,38.59,38.95,6372891.0,0.0,1.0,38.44819816220536,39.1241230523372,38.358737514982025,38.71658010387536,6372891.0
2017-01-17,38.95,39.24,38.67,38.95,5458424.0,0.0,1.0,38.71658010387536,39.00484218937276,38.438258090291654,38.71658010387536,5458424.0
2017-01-18,39.0,39.13,38.71,39.08,4404867.0,0.0,1.0,38.76628046344387,38.89550139832202,38.47801837794647,38.8458010387535,4404867.0
2017-01-19,39.05,39.15,38.81,38.86,4611922.0,0.0,1.0,38.81598082301239,38.91538154214942,38.57741909708351,38.62711945665202,4611922.0
2017-01-20,39.01,39.25,38.65,38.97,6106829.0,0.0,1.0,38.776220535357574,39.014782261286456,38.41837794646425,38.73646024770276,6106829.0
2017-01-23,38.96,39.11,38.49,38.53,5130851.0,0.0,1.0,38.726520175789055,38.87562125449461,38.25933679584499,38.2990970834998,5130851.0
2017-01-24,38.56,39.15,38.375,39.1,8364712.0,0.0,1.0,38.32891729924091,38.91538154214942,38.145025968837395,38.86568118258091,8364712.0
2017-01-25,39.38,39.59,39.12,39.56,5079952.0,0.0,1.0,39.14400319616461,39.35274470635238,38.88556132640831,39.32292449061127,5079952.0
2017-01-26,39.68,39.69,39.32,39.47,3206357.0,0.0,1.0,39.44220535357571,39.45214542548941,39.08436276468238,39.23346384338794,3206357.0
2017-01-27,39.68,39.7283,39.41,39.61,5050523.0,0.0,1.0,39.44220535357571,39.4902159009189,39.173823411905715,39.37262485017979,5050523.0
2017-01-30,39.57,39.76,39.46,39.61,5838228.0,0.0,1.0,39.332864562524975,39.52172592888534,39.223523771474234,39.37262485017979,5838228.0
2017-01-31,39.6,40.28,39.52,40.21,10039985.0,0.0,1.0,39.362684778266086,40.038609668397925,39.283164202956456,39.969029165002,10039985.0
2017-02-01,40.32,40.56,39.15,40.47,10384669.0,0.0,1.0,40.07836995605274,40.31693168198163,38.91538154214942,40.227471034758295,10384669.0
2017-02-02,40.46,40.6,40.03,40.47,6112513.0,0.0,1.0,40.21753096284459,40.356691969636444,39.79010787055534,40.227471034758295,6112513.0
2017-02-03,40.71,40.73,39.9,40.01,9142796.0,0.0,1.0,40.46603276068718,40.485912904514585,39.66088693567719,39.770227726727924,9142796.0
2017-02-06,40.04,40.22,39.65,40.19,8967755.0,0.0,1.0,39.80004794246904,39.9789692369157,39.4123851378346,39.94914902117459,8967755.0
2017-02-07,40.22,40.65,39.85,40.05,9390760.0,0.0,1.0,39.9789692369157,40.406392329204955,39.61118657610867,39.80998801438274,9390760.0
2017-02-08,40.1,40.12,39.15,39.19,12140740.0,0.0,1.0,39.859688373951265,39.879568517778665,38.91538154214942,38.955141829804234,12140740.0
2017-02-09,39.41,39.78,38.93,39.73,15752247.0,0.0,1.0,39.173823411905715,39.541606072712746,38.696699960047944,39.49190571314423,15752247.0
2017-02-10,45.0,47.639,44.93,47.23,51703513.0,0.0,1.0,44.730323611666,47.353508589692375,44.660743108270076,46.946959648421895,51703513.0
2017-02-13,46.04,46.7,45.39,45.7,26382661.0,0.0,1.0,45.764091090691174,46.42013583699561,45.11798641630045,45.426128645625255,26382661.0
2017-02-14,45.25,45.84,44.75,44.98,15305660.0,0.0,1.0,44.978825409508595,45.56528965241711,44.481821813823416,44.710443467838594,15305660.0
2017-02-15,44.72,45.63,44.47,45.48,11280785.0,0.0,1.0,44.452001598082305,45.35654814222933,44.20349980023971,45.20744706352377,11280785.0
2017-02-16,45.37,45.65,45.065,45.39,8534848.0,0.0,1.0,45.09810627247303,45.376428286056736,44.794934079105076,45.11798641630045,8534848.0
2017-02-17,45.4,45.44,44.93,45.33,5442092.0,0.0,1.0,45.12792648821414,45.16768677586896,44.660743108270076,45.05834598481822,5442092.0
2017-02-21,45.41,45.75,45.31,45.34,6674982.0,0.0,1.0,45.13786656012785,45.47582900519377,45.03846584099082,45.06828605673193,6674982.0
2017-02-22,45.05,45.425,44.68,45.23,6311594.0,0.0,1.0,44.78002397123452,45.1527766679984,44.41224131042749,44.95894526568118,6311594.0
2017-02-23,45.3,45.39,44.6,45.08,5617262.0,0.0,1.0,45.028525769077106,45.11798641630045,44.33272073511786,44.80984418697563,5617262.0
2017-02-24,44.94,45.625,44.84,45.55,5992237.0,0.0,1.0,44.67068318018378,45.35157810627248,44.57128246104675,45.2770275669197,5992237.0
2017-02-27,45.33,46.07,45.015,45.69,5205717.0,0.0,1.0,45.05834598481822,45.793911306432285,44.74523371953656,45.416188573711544,5205717.0
2017-02-28,45.5,45.95,44.945,45.13,9161090.0,0.0,1.0,45.22732720735118,45.67463044346785,44.67565321614064,44.85954454654415,9161090.0
2017-03-01,45.47,47.33,45.18,47.14,15286335.0,0.0,1.0,45.19750699161007,47.04636036755893,44.90924490611267,46.85749900119857,15286335.0
2017-03-02,47.13,47.27,46.56,46.68,7556131.0,0.0,1.0,46.847558929284865,46.98671993607672,46.28097483020376,46.4002556931682,7556131.0
2017-03-03,46.55,47.155,46.5,47.07,5057702.0,0.0,1.0,46.27103475829005,46.872409109069125,46.22133439872154,46.78791849780264,5057702.0
2017-03-06,46.75,47.91,46.75,47.81,8143899.0,0.0,1.0,46.469836196564124,47.622884538553734,46.469836196564124,47.523483819416704,8143899.0
2017-03-07,47.73,48.36,47.57,48.06,8044489.0,0.0,1.0,47.443963244107074,48.0701877746704,47.28492209348782,47.7719856172593,8044489.0
2017-03-08,48.12,48.77,48.0,48.58,6803365.0,0.0,1.0,47.83162604874151,48.47773072313225,47.71234518577707,48.288869356771876,6803365.0
2017-03-09,48.67,49.09,48.53,49.02,7193022.0,0.0,1.0,48.37833000399521,48.79581302437076,48.23916899720336,48.72623252097484,7193022.0
2017-03-10,49.33,49.57,48.8,49.2,6812249.0,0.0,1.0,49.03437475029964,49.27293647622853,48.50755093887335,48.9051538154215,6812249.0
2017-03-13,49.3,49.7,49.13,49.5,7133042.0,0.0,1.0,49.00455453455853,49.40215741110668,48.83557331202557,49.203355972832604,7133042.0
2017-03-14,49.21,49.35,48.955,49.08,6286746.0,0.0,1.0,48.9150938873352,49.054254894127055,48.66162205353576,48.785872952457055,6286746.0
2017-03-15,49.06,49.44,48.62,49.22,5749186.0,0.0,1.0,48.76599280862965,49.14371554135038,48.32862964442669,48.92503395924891,5749186.0
2017-03-16,49.3,49.46,48.93,49.1,4771319.0,0.0,1.0,49.00455453455853,49.16359568517779,48.6367718737515,48.80575309628446,4771319.0
2017-03-17,49.39,49.39,48.86,49.13,7888683.0,0.0,1.0,49.09401518178186,49.09401518178186,48.56719137035557,48.83557331202557,7888683.0
2017-03-20,49.16,49.39,48.58,48.96,4627228.0,0.0,1.0,48.86539352776668,49.09401518178186,48.288869356771876,48.66659208949261,4627228.0
2017-03-21,49.1,49.445,48.17,48.22,9737811.0,0.0,1.0,48.80575309628446,49.14868557730723,47.88132640831003,47.93102676787855,9737811.0
2017-03-22,48.07,48.72,47.8001,48.68,6831866.0,0.0,1.0,47.78192568917299,48.42803036356373,47.51364314822214,48.38827007590891,6831866.0
2017-03-23,48.64,48.88,48.13,48.78,5564206.0,0.0,1.0,48.3485097882541,48.58707151418299,47.84156612065522,48.48767079504595,5564206.0
2017-03-24,48.97,49.405,48.74,49.12,5562787.0,0.0,1.0,48.676532161406314,49.10892528965242,48.447910507391136,48.82563324011187,5562787.0
2017-03-27,48.74,49.66,48.74,49.3,6153016.0,0.0,1.0,48.447910507391136,49.362397123451856,48.447910507391136,49.00455453455853,6153016.0
2017-03-28,49.235,49.98,49.1,49.76,11899958.0,0.3,1.0,49.235,49.98,49.1,49.76,11899958.0
2017-03-29,49.99,50.32,49.93,50.14,6115641.0,0.0,1.0,49.99,50.32,49.93,50.14,6115641.0
2017-03-30,50.12,50.4,50.025,50.19,6779893.0,0.0,1.0,50.12,50.4,50.025,50.19,6779893.0
2017-03-31,50.02,50.09,49.61,49.86,6801699.0,0.0,1.0,50.02,50.09,49.61,49.86,6801699.0
2017-04-03,49.86,50.0699,49.25,49.53,4992237.0,0.0,1.0,49.86,50.0699,49.25,49.53,4992237.0
2017-04-04,49.37,49.5,48.88,49.04,5724924.0,0.0,1.0,49.37,49.5,48.88,49.04,5724924.0
2017-04-05,49.19,49.75,48.86,49.2,4606867.0,0.0,1.0,49.19,49.75,48.86,49.2,4606867.0
2017-04-06,49.19,49.39,48.95,49.36,3412127.0,0.0,1.0,49.19,49.39,48.95,49.36,3412127.0
2017-04-07,49.3,49.72,49.22,49.61,4050376.0,0.0,1.0,49.3,49.72,49.22,49.61,4050376.0
2017-04-10,49.5,49.64,48.87,49.04,4273297.0,0.0,1.0,49.5,49.64,48.87,49.04,4273297.0
2017-04-11,48.9,49.14,48.62,49.08,3558930.0,0.0,1.0,48.9,49.14,48.62,49.08,3558930.0
2017-04-12,48.91,49.02,48.44,48.64,3634926.0,0.0,1.0,48.91,49.02,48.44,48.64,3634926.0
2017-04-13,48.71,49.19,48.41,48.42,3906306.0,0.0,1.0,48.71,49.19,48.41,48.42,3906306.0
2017-04-17,48.56,49.26,48.5,48.8,5390589.0,0.0,1.0,48.56,49.26,48.5,48.8,5390589.0
2017-04-18,48.62,49.365,48.51,49.17,3751327.0,0.0,1.0,48.62,49.365,48.51,49.17,3751327.0
2017-04-19,49.21,49.66,49.17,49.35,3216774.0,0.0,1.0,49.21,49.66,49.17,49.35,3216774.0
2017-04-20,49.64,50.06,49.4,49.95,3965322.0,0.0,1.0,49.64,50.06,49.4,49.95,3965322.0
2017-04-21,49.99,50.04,49.585,49.87,3352030.0,0.0,1.0,49.99,50.04,49.585,49.87,3352030.0
2017-04-24,50.5,50.91,50.36,50.88,3797563.0,0.0,1.0,50.5,50.91,50.36,50.88,3797563.0
2017-04-25,51.02,51.66,51.0,51.36,6031554.0,0.0,1.0,51.02,51.66,51.0,51.36,6031554.0
2017-04-26,51.36,51.5,50.91,51.36,4431346.0,0.0,1.0,51.36,51.5,50.91,51.36,4431346.0
2017-04-27,51.53,52.28,51.41,51.91,4139209.0,0.0,1.0,51.53,52.28,51.41,51.91,4139209.0
2017-04-28,51.9,52.27,51.51,52.25,6281607.0,0.0,1.0,51.9,52.27,51.51,52.25,6281607.0
2017-05-01,52.63,53.03,52.32,52.7,5208087.0,0.0,1.0,52.63,53.03,52.32,52.7,5208087.0
2017-05-02,53.17,53.39,52.77,53.04,4621305.0,0.0,1.0,53.17,53.39,52.77,53.04,4621305.0
2017-05-03,53.15,53.31,52.55,52.84,4749319.0,0.0,1.0,53.15,53.31,52.55,52.84,4749319.0
2017-05-04,52.97,53.38,52.46,53.1,7601504.0,0.0,1.0,52.97,53.38,52.46,53.1,7601504.0
2017-05-05,54.005,54.75,53.075,53.83,10503007.0,0.0,1.0,54.005,54.75,53.075,53.83,10503007.0
2017-05-08,53.81,54.1,53.35,53.99,5183168.0,0.0,1.0,53.81,54.1,53.35,53.99,5183168.0
2017-05-09,53.94,54.79,53.76,54.62,4701481.0,0.0,1.0,53.94,54.79,53.76,54.62,4701481.0
2017-05-10,55.26,56.23,54.96,55.99,8171297.0,0.0,1.0,55.26,56.23,54.96,55.99,8171297.0
2017-05-11,55.97,55.984,55.31,55.75,4829799.0,0.0,1.0,55.97,55.984,55.31,55.75,4829799.0
2017-05-12,55.9,56.095,55.51,56.01,3768573.0,0.0,1.0,55.9,56.095,55.51,56.01,3768573.0
2017-05-15,56.01,56.6,55.91,56.41,6734862.0,0.0,1.0,56.01,56.6,55.91,56.41,6734862.0
2017-05-16,56.71,57.299,56.46,56.78,5299216.0,0.0,1.0,56.71,57.299,56.46,56.78,5299216.0
2017-05-17,56.1,56.145,54.18,54.25,10287276.0,0.0,1.0,56.1,56.145,54.18,54.25,10287276.0
2017-05-18,53.9,55.385,53.66,55.15,9221835.0,0.0,1.0,53.9,55.385,53.66,55.15,9221835.0
2017-05-19,55.32,55.975,54.94,55.88,6008370.0,0.0,1.0,55.32,55.975,54.94,55.88,6008370.0
2017-05-22,56.2,57.23,55.76,57.12,6927073.0,0.0,1.0,56.2,57.23,55.76,57.12,6927073.0
2017-05-23,59.37,60.13,57.14,57.8,10316227.0,0.0,1.0,59.37,60.13,57.14,57.8,10316227.0
2017-05-24,57.94,58.53,56.88,58.51,7273597.0,0.0,1.0,57.94,58.53,56.88,58.51,7273597.0
2017-05-25,58.97,59.435,58.73,59.22,7057693.0,0.0,1.0,58.97,59.435,58.73,59.22,7057693.0
2017-05-26,59.16,59.2,58.01,58.28,7009554.0,0.0,1.0,59.16,59.2,58.01,58.28,7009554.0
2017-05-30,58.48,58.67,57.77,58.58,5037151.0,0.0,1.0,58.48,58.67,57.77,58.58,5037151.0
2017-05-31,58.6,58.81,58.12,58.58,8826333.0,0.0,1.0,58.6,58.81,58.12,58.58,8826333.0
2017-06-01,58.81,59.57,58.7,59.56,10162303.0,0.0,1.0,58.81,59.57,58.7,59.56,10162303.0
2017-06-02,59.65,59.74,59.02,59.65,4888630.0,0.0,1.0,59.65,59.74,59.02,59.65,4888630.0
2017-06-05,59.76,60.46,59.56,59.8,3735129.0,0.0,1.0,59.76,60.46,59.56,59.8,3735129.0
2017-06-06,59.93,60.24,59.441,59.85,3867576.0,0.0,1.0,59.93,60.24,59.441,59.85,3867576.0
2017-06-07,60.06,60.85,60.02,60.54,6409526.0,0.0,1.0,60.06,60.85,60.02,60.54,6409526.0
2017-06-08,60.65,60.69,59.56,60.54,6455477.0,0.0,1.0,60.65,60.69,59.56,60.54,6455477.0
2017-06-09,60.63,61.1,56.95,58.03,12839268.0,0.0,1.0,60.63,61.1,56.95,58.03,12839268.0
2017-06-12,57.06,57.1689,55.41,56.76,16104468.0,0.0,1.0,57.06,57.1689,55.41,56.76,16104468.0
2017-06-13,57.46,58.05,56.69,57.9,7103531.0,0.0,1.0,57.46,58.05,56.69,57.9,7103531.0
2017-06-14,58.03,59.03,57.58,58.45,8127405.0,0.0,1.0,58.03,59.03,57.58,58.45,8127405.0
2017-06-15,57.4,59.47,57.19,58.91,8640534.0,0.0,1.0,57.4,59.47,57.19,58.91,8640534.0
2017-06-16,58.76,59.39,58.48,58.8,8270390.0,0.0,1.0,58.76,59.39,58.48,58.8,8270390.0
2017-06-19,59.16,60.42,59.16,60.32,5107151.0,0.0,1.0,59.16,60.42,59.16,60.32,5107151.0
2017-06-20,60.49,61.1,60.085,60.15,5620800.0,0.0,1.0,60.49,61.1,60.085,60.15,5620800.0
2017-06-21,60.5,60.94,60.14,60.68,5059095.0,0.0,1.0,60.5,60.94,60.14,60.68,5059095.0
2017-06-22,60.73,61.5767,60.34,61.16,5195727.0,0.0,1.0,60.73,61.5767,60.34,61.16,5195727.0
2017-06-23,61.03,61.09,60.16,60.38,10298729.0,0.0,1.0,61.03,61.09,60.16,60.38,10298729.0
2017-06-26,60.68,61.18,59.58,60.22,4304091.0,0.0,1.0,60.68,61.18,59.58,60.22,4304091.0
2017-06-27,60.11,60.11,58.06,58.29,7179001.0,0.0,1.0,60.11,60.11,58.06,58.29,7179001.0
2017-06-28,58.55,58.83,57.8,58.81,7648748.0,0.0,1.0,58.55,58.83,57.8,58.81,7648748.0
2017-06-29,58.4,58.5,56.22,57.58,8757126.0,0.0,1.0,58.4,58.5,56.22,57.58,8757126.0
2017-06-30,57.93,58.115,57.17,57.57,6306902.0,0.0,1.0,57.93,58.115,57.17,57.57,6306902.0
2017-07-03,57.77,57.99,56.15,56.26,4136341.0,0.0,1.0,57.77,57.99,56.15,56.26,4136341.0
2017-07-05,56.66,57.55,55.86,57.16,5969267.0,0.0,1.0,56.66,57.55,55.86,57.16,5969267.0
2017-07-06,56.57,57.085,56.3143,56.6399,5595840.0,0.0,1.0,56.57,57.085,56.3143,56.6399,5595840.0
2017-07-07,56.75,58.36,56.61,58.09,6120571.0,0.0,1.0,56.75,58.36,56.61,58.09,6120571.0
2017-07-10,58.28,58.92,57.97,58.51,4644753.0,0.0,1.0,58.28,58.92,57.97,58.51,4644753.0
2017-07-11,58.43,58.57,57.68,57.98,4458047.0,0.0,1.0,58.43,58.57,57.68,57.98,4458047.0
2017-07-12,58.59,61.33,58.395,61.02,10006236.0,0.0,1.0,58.59,61.33,58.395,61.02,10006236.0
2017-07-13,61.4,61.4,60.16,60.5,7182630.0,0.0,1.0,61.4,61.4,60.16,60.5,7182630.0
2017-07-14,60.85,61.285,60.59,60.75,4522094.0,0.0,1.0,60.85,61.285,60.59,60.75,4522094.0
2017-07-17,60.82,60.89,60.11,60.5,3060245.0,0.0,1.0,60.82,60.89,60.11,60.5,3060245.0
2017-07-18,60.61,61.36,60.2792,61.33,4589117.0,0.0,1.0,60.61,61.36,60.2792,61.33,4589117.0
2017-07-19,61.57,62.39,60.87,61.33,5358093.0,0.0,1.0,61.57,62.39,60.87,61.33,5358093.0
2017-07-20,61.42,61.76,60.78,61.08,3540433.0,0.0,1.0,61.42,61.76,60.78,61.08,3540433.0
2017-07-21,60.74,61.37,60.63,60.93,5480738.0,0.0,1.0,60.74,61.37,60.63,60.93,5480738.0
2017-07-24,60.95,61.58,60.8,61.44,3935825.0,0.0,1.0,60.95,61.58,60.8,61.44,3935825.0
2017-07-25,61.61,61.97,60.92,60.95,4680111.0,0.0,1.0,61.61,61.97,60.92,60.95,4680111.0
2017-07-26,61.15,62.64,61.14,62.64,4829386.0,0.0,1.0,61.15,62.64,61.14,62.64,4829386.0
2017-07-27,63.17,63.19,59.88,61.17,7945318.0,0.0,1.0,63.17,63.19,59.88,61.17,7945318.0
2017-07-28,60.76,61.8,60.25,61.45,4243511.0,0.0,1.0,60.76,61.8,60.25,61.45,4243511.0
2017-07-31,61.55,61.98,60.98,61.81,4911192.0,0.0,1.0,61.55,61.98,60.98,61.81,4911192.0
2017-08-01,62.26,62.48,61.52,62.4,4350007.0,0.0,1.0,62.26,62.48,61.52,62.4,4350007.0
2017-08-02,62.6,62.65,60.43,61.45,5485914.0,0.0,1.0,62.6,62.65,60.43,61.45,5485914.0
2017-08-03,63.01,64.06,61.76,63.97,11572024.0,0.0,1.0,63.01,64.06,61.76,63.97,11572024.0
2017-08-04,63.02,63.3,61.22,62.01,10409797.0,0.0,1.0,63.02,63.3,61.22,62.01,10409797.0
2017-08-08,62.31,62.52,61.15,61.33,8612543.0,0.0,1.0,62.31,62.52,61.15,61.33,8612543.0
2017-08-09,60.63,61.57,60.35,61.38,5996796.0,0.0,1.0,60.63,61.57,60.35,61.38,5996796.0
2017-08-10,60.84,61.25,60.1,60.21,6821616.0,0.0,1.0,60.84,61.25,60.1,60.21,6821616.0
2017-08-11,60.26,61.08,59.77,60.74,5481477.0,0.0,1.0,60.26,61.08,59.77,60.74,5481477.0
2017-08-14,61.5,63.06,61.3,61.89,5091548.0,0.0,1.0,61.5,63.06,61.3,61.89,5091548.0
2017-08-15,62.14,62.3,61.4,61.97,2856194.0,0.0,1.0,62.14,62.3,61.4,61.97,2856194.0
2017-08-16,62.13,63.21,61.81,62.89,4454664.0,0.0,1.0,62.13,63.21,61.81,62.89,4454664.0
2017-08-17,62.57,63.04,61.365,61.37,3251495.0,0.0,1.0,62.57,63.04,61.365,61.37,3251495.0
2017-08-18,61.27,62.4,61.05,62.01,4402145.0,0.0,1.0,61.27,62.4,61.05,62.01,4402145.0
2017-08-21,62.0,62.29,61.43,61.78,3416406.0,0.0,1.0,62.0,62.29,61.43,61.78,3416406.0
2017-08-22,62.09,64.285,62.0,64.26,7380847.0,0.0,1.0,62.09,64.285,62.0,64.26,7380847.0
2017-08-23,63.68,64.48,63.4,64.01,5273608.0,0.0,1.0,63.68,64.48,63.4,64.01,5273608.0
2017-08-24,64.31,64.45,62.8,63.43,3801020.0,0.0,1.0,64.31,64.45,62.8,63.43,3801020.0
2017-08-25,63.63,63.96,62.49,62.58,4317179.0,0.0,1.0,63.63,63.96,62.49,62.58,4317179.0
2017-08-28,63.09,63.12,62.37,62.75,3898031.0,0.0,1.0,63.09,63.12,62.37,62.75,3898031.0
2017-08-29,62.04,63.81,61.95,63.48,4372206.0,0.0,1.0,62.04,63.81,61.95,63.48,4372206.0
2017-08-30,63.53,65.8,63.381,65.68,7353791.0,0.0,1.0,63.53,65.8,63.381,65.68,7353791.0
2017-08-31,66.0,66.58,65.14,65.56,7461099.0,0.0,1.0,66.0,66.58,65.14,65.56,7461099.0
2017-09-01,65.66,65.86,63.43,65.12,5538632.0,0.0,1.0,65.66,65.86,63.43,65.12,5538632.0
2017-09-05,64.84,65.25,64.16,65.05,4821767.0,0.0,1.0,64.84,65.25,64.16,65.05,4821767.0
2017-09-06,65.09,65.3,63.871,64.0,5388790.0,0.0,1.0,65.09,65.3,63.871,64.0,5388790.0
2017-09-07,64.3,65.87,64.06,65.83,6974759.0,0.0,1.0,64.3,65.87,64.06,65.83,6974759.0
2017-09-08,65.54,66.17,64.71,64.93,5189893.0,0.0,1.0,65.54,66.17,64.71,64.93,5189893.0
2017-09-11,65.54,66.5,65.33,66.16,5293767.0,0.0,1.0,65.54,66.5,65.33,66.16,5293767.0
2017-09-12,66.48,66.5,65.25,66.09,4926225.0,0.0,1.0,66.48,66.5,65.25,66.09,4926225.0
2017-09-13,65.91,66.07,64.87,65.4,4495018.0,0.0,1.0,65.91,66.07,64.87,65.4,4495018.0
2017-09-14,65.03,65.995,64.68,65.17,4610832.0,0.0,1.0,65.03,65.995,64.68,65.17,4610832.0
2017-09-15,65.32,65.46,64.68,65.0,14774606.0,0.0,1.0,65.32,65.46,64.68,65.0,14774606.0
2017-09-18,65.0,65.45,64.02,64.2,6226270.0,0.0,1.0,65.0,65.45,64.02,64.2,6226270.0
2017-09-19,64.34,64.615,63.33,64.31,6589225.0,0.0,1.0,64.34,64.615,63.33,64.31,6589225.0
2017-09-20,64.81,65.19,63.87,65.0,6236055.0,0.0,1.0,64.81,65.19,63.87,65.0,6236055.0
2017-09-21,64.78,64.97,63.84,64.11,4448593.0,0.0,1.0,64.78,64.97,63.84,64.11,4448593.0
2017-09-22,63.74,64.59,63.34,63.9,5638985.0,0.0,1.0,63.74,64.59,63.34,63.9,5638985.0
2017-09-25,63.72,63.75,61.32,62.14,9200416.0,0.0,1.0,63.72,63.75,61.32,62.14,9200416.0
2017-09-26,62.53,62.75,61.58,61.76,5336494.0,0.0,1.0,62.53,62.75,61.58,61.76,5336494.0
2017-09-27,62.0,63.45,61.99,63.09,4899792.0,0.0,1.0,62.0,63.45,61.99,63.09,4899792.0
2017-09-28,63.05,63.6,62.63,63.54,5906305.0,0.0,1.0,63.05,63.6,62.63,63.54,5906305.0
2017-09-29,63.49,64.71,63.44,64.49,5006537.0,0.0,1.0,63.49,64.71,63.44,64.49,5006537.0
2017-10-02,64.42,64.71,62.99,63.39,5567851.0,0.0,1.0,64.42,64.71,62.99,63.39,5567851.0
2017-10-03,63.61,63.7895,62.951,63.45,3761704.0,0.0,1.0,63.61,63.7895,62.951,63.45,3761704.0
2017-10-04,63.07,63.33,62.15,62.63,6662786.0,0.0,1.0,63.07,63.33,62.15,62.63,6662786.0
2017-10-05,62.65,63.24,62.21,63.09,3963933.0,0.0,1.0,62.65,63.24,62.21,63.09,3963933.0
2017-10-06,62.73,63.3798,62.29,63.25,3427459.0,0.0,1.0,62.73,63.3798,62.29,63.25,3427459.0
2017-10-09,61.5,61.74,60.56,61.18,8723115.0,0.0,1.0,61.5,61.74,60.56,61.18,8723115.0
2017-10-10,61.15,61.56,60.76,61.45,5664133.0,0.0,1.0,61.15,61.56,60.76,61.45,5664133.0
2017-10-11,61.27,61.39,60.52,61.36,5604004.0,0.0,1.0,61.27,61.39,60.52,61.36,5604004.0
2017-10-12,61.45,62.58,61.2,62.05,4599444.0,0.0,1.0,61.45,62.58,61.2,62.05,4599444.0
2017-10-13,62.38,62.44,60.55,61.08,7081978.0,0.0,1.0,62.38,62.44,60.55,61.08,7081978.0
2017-10-16,61.12,61.973,61.01,61.48,4536670.0,0.0,1.0,61.12,61.973,61.01,61.48,4536670.0
2017-10-17,61.53,61.86,60.97,61.66,2663198.0,0.0,1.0,61.53,61.86,60.97,61.66,2663198.0
2017-10-18,61.72,62.12,61.46,61.5,3835502.0,0.0,1.0,61.72,62.12,61.46,61.5,3835502.0
2017-10-19,60.95,62.03,60.36,61.99,4982706.0,0.0,1.0,60.95,62.03,60.36,61.99,4982706.0
2017-10-20,62.48,63.14,62.2256,62.63,5186464.0,0.0,1.0,62.48,63.14,62.2256,62.63,5186464.0
2017-10-23,62.7,62.88,61.225,61.46,4174942.0,0.0,1.0,62.7,62.88,61.225,61.46,4174942.0
2017-10-24,61.94,63.33,61.74,62.73,5938768.0,0.0,1.0,61.94,63.33,61.74,62.73,5938768.0
2017-10-25,62.28,62.6,61.19,61.81,5224099.0,0.0,1.0,62.28,62.6,61.19,61.81,5224099.0
2017-10-26,62.27,62.59,61.88,62.06,4717884.0,0.0,1.0,62.27,62.59,61.88,62.06,4717884.0
2017-10-27,62.36,64.27,62.36,64.14,6158704.0,0.0,1.0,62.36,64.27,62.36,64.14,6158704.0
2017-10-30,64.33,65.58,64.27,65.3,6555910.0,0.0,1.0,64.33,65.58,64.27,65.3,6555910.0
2017-10-31,65.34,66.03,64.86,65.49,6852101.0,0.0,1.0,65.34,66.03,64.86,65.49,6852101.0
2017-11-01,65.69,65.78,64.25,65.33,5109759.0,0.0,1.0,65.69,65.78,64.25,65.33,5109759.0
2017-11-02,65.41,65.84,64.825,65.45,5587306.0,0.0,1.0,65.41,65.84,64.825,65.45,5587306.0
2017-11-03,66.87,67.03,62.11,63.2,18650840.0,0.0,1.0,66.87,67.03,62.11,63.2,18650840.0
2017-11-06,63.41,63.72,60.71,60.87,12925543.0,0.0,1.0,63.41,63.72,60.71,60.87,12925543.0
2017-11-07,61.09,61.35,60.1,60.96,7200634.0,0.0,1.0,61.09,61.35,60.1,60.96,7200634.0
2017-11-09,63.49,64.18,62.59,63.31,5195422.0,0.0,1.0,63.49,64.18,62.59,63.31,5195422.0
2017-11-10,62.87,63.07,62.25,63.0,4809846.0,0.0,1.0,62.87,63.07,62.25,63.0,4809846.0
2017-11-13,62.72,63.97,62.67,63.62,3019231.0,0.0,1.0,62.72,63.97,62.67,63.62,3019231.0
2017-11-14,63.37,64.4,62.79,64.03,4344145.0,0.0,1.0,63.37,64.4,62.79,64.03,4344145.0
2017-11-15,63.43,63.67,62.5,62.89,4101191.0,0.0,1.0,63.43,63.67,62.5,62.89,4101191.0
2017-11-16,63.13,64.41,63.04,64.13,4325436.0,0.0,1.0,63.13,64.41,63.04,64.13,4325436.0
2017-11-17,64.0,64.44,63.18,64.1,4116771.0,0.0,1.0,64.0,64.44,63.18,64.1,4116771.0
2017-11-20,63.93,64.18,63.28,63.93,3115714.0,0.0,1.0,63.93,64.18,63.28,63.93,3115714.0
2017-11-21,64.49,64.95,64.1901,64.5,3542389.0,0.0,1.0,64.49,64.95,64.1901,64.5,3542389.0
2017-11-22,64.91,66.31,64.89,65.14,5711411.0,0.0,1.0,64.91,66.31,64.89,65.14,5711411.0
2017-11-24,65.18,66.14,65.12,66.03,1644818.0,0.0,1.0,65.18,66.14,65.12,66.03,1644818.0
2017-11-27,66.18,66.45,65.63,65.74,4079998.0,0.0,1.0,66.18,66.45,65.63,65.74,4079998.0
2017-11-28,66.02,66.46,65.84,65.97,3336450.0,0.0,1.0,66.02,66.46,65.84,65.97,3336450.0
2017-11-29,65.61,65.71,61.95,62.01,8954002.0,0.0,1.0,65.61,65.71,61.95,62.01,8954002.0
2017-11-30,62.55,62.73,60.86,62.4,8598482.0,0.0,1.0,62.55,62.73,60.86,62.4,8598482.0
2017-12-01,61.96,62.69,60.7128,61.96,5414035.0,0.0,1.0,61.96,62.69,60.7128,61.96,5414035.0
2017-12-04,62.39,62.48,58.35,58.6,12287139.0,0.0,1.0,62.39,62.48,58.35,58.6,12287139.0
2017-12-05,57.635,60.72,57.29,59.55,7587949.0,0.0,1.0,57.635,60.72,57.29,59.55,7587949.0
2017-12-06,59.48,60.81,58.63,60.75,8237480.0,0.0,1.0,59.48,60.81,58.63,60.75,8237480.0
2017-12-07,60.8,62.45,60.69,61.57,6940997.0,0.0,1.0,60.8,62.45,60.69,61.57,6940997.0
2017-12-08,62.26,63.51,62.0403,62.43,5742404.0,0.0,1.0,62.26,63.51,62.0403,62.43,5742404.0
2017-12-11,62.14,63.18,62.14,63.17,3495142.0,0.0,1.0,62.14,63.18,62.14,63.17,3495142.0
2017-12-12,64.11,64.69,63.2,64.4,6413495.0,0.0,1.0,64.11,64.69,63.2,64.4,6413495.0
2017-12-13,64.85,65.28,64.3,64.6,5405265.0,0.0,1.0,64.85,65.28,64.3,64.6,5405265.0
2017-12-14,64.7,65.45,64.54,65.03,4683251.0,0.0,1.0,64.7,65.45,64.54,65.03,4683251.0
2017-12-15,65.47,67.0,64.99,66.73,9306372.0,0.0,1.0,65.47,67.0,64.99,66.73,9306372.0
2017-12-18,67.08,67.4,65.88,66.01,6179536.0,0.0,1.0,67.08,67.4,65.88,66.01,6179536.0
2017-12-19,66.1,66.25,64.3901,64.9,5928911.0,0.0,1.0,66.1,66.25,64.3901,64.9,5928911.0
2017-12-20,65.31,65.44,64.0061,64.38,4676308.0,0.0,1.0,65.31,65.44,64.0061,64.38,4676308.0
2017-12-21,64.51,65.2,64.14,65.08,3333438.0,0.0,1.0,64.51,65.2,64.14,65.08,3333438.0
2017-12-22,64.86,64.95,64.38,64.51,3297781.0,0.0,1.0,64.86,64.95,64.38,64.51,3297781.0
2017-12-26,64.24,64.47,63.38,63.45,3203245.0,0.0,1.0,64.24,64.47,63.38,63.45,3203245.0
2017-12-27,63.67,63.7399,63.07,63.34,4764842.0,0.0,1.0,63.67,63.7399,63.07,63.34,4764842.0
2017-12-28,63.34,63.5,62.6001,63.4,3102865.0,0.0,1.0,63.34,63.5,62.6001,63.4,3102865.0
2017-12-29,63.59,63.83,63.12,63.32,3188465.0,0.0,1.0,63.59,63.83,63.12,63.32,3188465.0
2018-01-02,63.54,64.67,63.37,64.31,5118509.0,0.0,1.0,63.54,64.67,63.37,64.31,5118509.0
2018-01-03,64.55,65.745,64.3955,65.31,4333169.0,0.0,1.0,64.55,65.745,64.3955,65.31,4333169.0
2018-01-04,65.75,65.87,64.36,64.66,3896685.0,0.0,1.0,65.75,65.87,64.36,64.66,3896685.0
2018-01-05,64.88,66.47,64.49,66.37,4969918.0,0.0,1.0,64.88,66.47,64.49,66.37,4969918.0
2018-01-08,66.49,67.27,65.65,66.63,4502299.0,0.0,1.0,66.49,67.27,65.65,66.63,4502299.0
2018-01-09,66.75,66.75,64.9,66.19,5914145.0,0.0,1.0,66.75,66.75,64.9,66.19,5914145.0
2018-01-10,65.93,66.94,65.78,66.83,4108750.0,0.0,1.0,65.93,66.94,65.78,66.83,4108750.0
2018-01-11,68.29,69.33,67.23,69.24,8089856.0,0.0,1.0,68.29,69.33,67.23,69.24,8089856.0
2018-01-12,69.7,70.71,69.05,70.36,7796426.0,0.0,1.0,69.7,70.71,69.05,70.36,7796426.0
2018-01-16,70.92,71.18,68.4,68.7,5264681.0,0.0,1.0,70.92,71.18,68.4,68.7,5264681.0
2018-01-17,69.97,70.82,68.79,70.36,6856420.0,0.0,1.0,69.97,70.82,68.79,70.36,6856420.0
2018-01-18,70.11,70.725,69.17,69.8,5487073.0,0.0,1.0,70.11,70.725,69.17,69.8,5487073.0
2018-01-19,70.22,70.84,69.48,70.57,5150621.0,0.0,1.0,70.22,70.84,69.48,70.57,5150621.0
2018-01-22,70.45,71.4,69.68,71.3,3654197.0,0.0,1.0,70.45,71.4,69.68,71.3,3654197.0
2018-01-23,71.32,72.3651,71.15,71.55,4980860.0,0.0,1.0,71.32,72.3651,71.15,71.55,4980860.0
2018-01-24,71.66,71.9,69.88,70.08,9066200.0,0.0,1.0,71.66,71.9,69.88,70.08,9066200.0
2018-01-25,70.6,71.2,69.95,70.82,4562462.0,0.0,1.0,70.6,71.2,69.95,70.82,4562462.0
2018-01-26,71.34,72.59,70.755,72.52,5647243.0,0.0,1.0,71.34,72.59,70.755,72.52,5647243.0
2018-01-29,72.5,72.68,71.7,72.45,7772773.0,0.0,1.0,72.5,72.68,71.7,72.45,7772773.0
2018-01-30,71.435,71.88,70.82,71.61,4711066.0,0.0,1.0,71.435,71.88,70.82,71.61,4711066.0
2018-01-31,72.96,74.945,72.96,74.13,6897612.0,0.0,1.0,72.96,74.945,72.96,74.13,6897612.0
2018-02-01,73.48,74.24,73.16,73.35,5093499.0,0.0,1.0,73.48,74.24,73.16,73.35,5093499.0
2018-02-02,72.66,72.96,71.38,71.42,5636144.0,0.0,1.0,72.66,72.96,71.38,71.42,5636144.0
2018-02-05,70.54,71.13,66.91,68.4,9021030.0,0.0,1.0,70.54,71.13,66.91,68.4,9021030.0
2018-02-06,66.0,69.84,65.72,69.7,10184870.0,0.0,1.0,66.0,69.84,65.72,69.7,10184870.0
2018-02-07,69.62,70.86,69.43,69.46,6093640.0,0.0,1.0,69.62,70.86,69.43,69.46,6093640.0
2018-02-08,69.63,69.79,65.76,65.83,9778437.0,0.0,1.0,69.63,69.79,65.76,65.83,9778437.0
2018-02-09,66.99,67.78,63.32,66.78,17754889.0,0.0,1.0,66.99,67.78,63.32,66.78,17754889.0
2018-02-12,67.16,69.2,67.16,68.32,8163088.0,0.0,1.0,67.16,69.2,67.16,68.32,8163088.0
2018-02-13,67.96,68.21,67.18,68.07,5012493.0,0.0,1.0,67.96,68.21,67.18,68.07,5012493.0
2018-02-14,67.21,69.9,67.11,69.65,7074660.0,0.0,1.0,67.21,69.9,67.11,69.65,7074660.0
2018-02-15,70.0,72.07,69.05,71.99,6150809.0,0.0,1.0,70.0,72.07,69.05,71.99,6150809.0
2018-02-16,71.96,72.1252,69.79,70.19,6382932.0,0.0,1.0,71.96,72.1252,69.79,70.19,6382932.0
2018-02-20,69.97,71.29,69.75,70.84,5240786.0,0.0,1.0,69.97,71.29,69.75,70.84,5240786.0
2018-02-21,70.9,71.84,70.22,70.22,5533239.0,0.0,1.0,70.9,71.84,70.22,70.22,5533239.0
2018-02-22,70.06,70.7,69.07,69.49,5093076.0,0.0,1.0,70.06,70.7,69.07,69.49,5093076.0
2018-02-23,69.95,72.07,69.79,72.07,5633355.0,0.0,1.0,69.95,72.07,69.79,72.07,5633355.0
2018-02-26,72.68,74.12,72.68,73.16,4835168.0,0.0,1.0,72.68,74.12,72.68,73.16,4835168.0
2018-02-27,73.05,73.36,72.0221,72.61,4013404.0,0.0,1.0,73.05,73.36,72.0221,72.61,4013404.0
2018-02-28,73.15,74.82,72.97,73.13,7396064.0,0.0,1.0,73.15,74.82,72.97,73.13,7396064.0
2018-03-01,73.16,73.42,71.52,72.01,8123915.0,0.0,1.0,73.16,73.42,71.52,72.01,8123915.0
2018-03-02,71.22,74.35,70.74,74.01,6942413.0,0.0,1.0,71.22,74.35,70.74,74.01,6942413.0
2018-03-05,73.66,75.35,72.92,75.1,6276549.0,0.0,1.0,73.66,75.35,72.92,75.1,6276549.0
2018-03-06,75.4,75.48,72.86,73.92,8413256.0,0.0,1.0,75.4,75.48,72.86,73.92,8413256.0
2018-03-07,73.38,74.14,72.75,74.07,5834774.0,0.0,1.0,73.38,74.14,72.75,74.07,5834774.0
2018-03-08,74.51,76.91,74.23,76.81,8576294.0,0.0,1.0,74.51,76.91,74.23,76.81,8576294.0
2018-03-09,76.855,78.25,76.41,78.22,8834722.0,0.0,1.0,76.855,78.25,76.41,78.22,8834722.0
2018-03-12,79.24,79.63,76.29,76.86,8343328.0,0.0,1.0,79.24,79.63,76.29,76.86,8343328.0
2018-03-13,77.49,77.85,75.805,75.93,5010331.0,0.0,1.0,77.49,77.85,75.805,75.93,5010331.0
2018-03-14,76.35,76.46,73.93,74.22,11744094.0,0.0,1.0,76.35,76.46,73.93,74.22,11744094.0
2018-03-15,72.99,73.7,72.51,73.38,9924358.0,0.0,1.0,72.99,73.7,72.51,73.38,9924358.0
2018-03-16,73.87,73.9,71.61,71.68,10308708.0,0.0,1.0,73.87,73.9,71.61,71.68,10308708.0
2018-03-19,71.0,72.15,69.81,71.05,7787476.0,0.0,1.0,71.0,72.15,69.81,71.05,7787476.0
2018-03-20,71.34,72.08,70.84,71.37,3849084.0,0.0,1.0,71.34,72.08,70.84,71.37,3849084.0
2018-03-21,71.2,72.63,71.11,71.61,4714769.0,0.0,1.0,71.2,72.63,71.11,71.61,4714769.0
2018-03-22,70.63,71.625,69.645,69.76,5057479.0,0.0,1.0,70.63,71.625,69.645,69.76,5057479.0
2018-03-23,69.86,70.52,68.02,68.04,5237847.0,0.0,1.0,69.86,70.52,68.02,68.04,5237847.0
2018-03-26,69.43,70.14,68.43,70.08,4664390.0,0.0,1.0,69.43,70.14,68.43,70.08,4664390.0
2018-03-27,70.67,70.67,65.56,66.29,7134493.0,0.0,1.0,70.67,70.67,65.56,66.29,7134493.0
